task_id,user_id,task_name,category,timestamp,duration_minutes,completed,day_of_week,hour
1,1041,Team sync prep,Work,2025-05-05 16:56:00,3.9,Yes,Monday,16
2,1034,Laundry,Uncategorized,2025-03-29 09:39:00,28.9,Yes,Saturday,9
3,1016,Tidy desk,Chores,2025-07-26 16:48:00,28.1,Yes,Saturday,16
4,1009,Budget review,Personal,2025-03-04 09:42:00,36.3,Yes,Tuesday,9
5,1015,Pharmacy pickup,Errand,2025-02-28 22:25:00,25.7,Yes,Friday,22
6,1026,Post office,Errands,2025-05-05 17:58:00,17.6,Yes,Monday,17
7,1034,Journaling,Personal,2025-07-20 08:50:00,4.9,Yes,Sunday,8
8,1012,Code review,Work,2025-07-17 07:41:00,93.3,No,Thursday,7
9,1044,Grocery shopping,Chores,2025-01-08 07:03:00,27.2,Yes,Wednesday,7
10,1015,Stretching,Health,2025-03-29 17:41:00,12.2,Yes,Saturday,17
11,1002,Journaling,Personal,2025-01-23 19:39:00,61.6,Yes,Thursday,19
12,1048,Team sync prep,Work,2025-05-26 06:19:00,39.4,Yes,Monday,6
13,1042,Laundry,Chores,2025-01-20 16:08:00,27.5,Yes,Monday,16
14,1015,Code review,Uncategorized,2025-03-29 06:47:00,18.5,Yes,Saturday,6
15,1005,Read chapter,Study,2025-03-24 20:45:00,87.7,Yes,Monday,20
16,1037,Email cleanup,Work,2025-04-29 09:30:00,29.05,Yes,Tuesday,9
17,1044,Post office,Errand,2025-04-02 12:30:00,51.7,Yes,Wednesday,12
18,1044,Client report,Work,2025-01-13 20:08:00,41.4,Yes,Monday,20
19,1048,Read chapter,Uncategorized,2025-06-13 18:03:00,76.3,Yes,Friday,18
20,1028,Team sync prep,Work,2025-03-17 12:42:00,14.7,Yes,Monday,12
21,1046,Essay draft,Study,2025-03-25 07:39:00,75.6,Yes,Tuesday,7
22,1010,Essay draft,Uncategorized,2025-06-15 20:01:00,30.799999999999997,Yes,Sunday,20
23,1034,Email cleanup,Uncategorized,2025-05-14 09:49:00,39.4,Yes,Wednesday,9
24,1015,Practice problems,Study,2025-03-23 09:16:00,55.8,Yes,Sunday,9
25,1001,Tidy desk,Chores,2025-03-09 16:06:00,53.5,Yes,Sunday,16
26,1009,Grocery shopping,Chores,2025-07-13 06:45:00,6.4,Yes,Sunday,6
27,1023,Client report,Work,2025-06-12 08:43:00,11.7,Yes,Thursday,8
28,1038,Flashcard review,Study,2025-07-03 14:02:00,33.5,Yes,Thursday,14
29,1033,Budget review,Personal,2025-03-28 07:33:00,28.8,No,Friday,7
31,1018,Call family,Personal,2025-03-19 12:38:00,21.8,Yes,Wednesday,12
32,1015,Sprint planning notes,Work,2025-06-20 15:04:00,43.9,Yes,Friday,15
33,1044,Read chapter,Study,2025-01-31 19:10:00,16.4,Yes,Friday,19
34,1031,Flashcard review,Study,2025-04-05 06:01:00,12.6,Yes,Saturday,6
35,1035,Vacuuming,Chores,2025-06-18 06:29:00,67.8,No,Wednesday,6
36,1021,Grocery shopping,Chores,2025-01-24 17:41:00,29.8,Yes,Friday,17
37,1045,Email cleanup,Work,2025-07-24 19:56:00,22.7,Yes,Thursday,19
38,1048,Meal prep,Health,2025-07-04 22:25:00,46.5,Yes,Friday,22
39,1032,Read chapter,Study,2025-05-19 22:29:00,19.2,Yes,Monday,22
40,1026,Grocery shopping,Chores,2025-01-24 20:50:00,29.8,Yes,Friday,20
41,1009,Stretching,Health,2025-05-22 14:09:00,19.6,Yes,Thursday,14
42,1006,Read chapter,Study,2025-02-22 21:20:00,22.5,Yes,Saturday,21
43,1043,Vacuuming,Chore,2025-06-10 14:26:00,3.6,Yes,Tuesday,14
44,1006,Post office,Errands,2025-02-22 18:20:00,35.5,Yes,Saturday,18
45,1049,Practice problems,Study,2025-02-23 12:47:00,31.0,Yes,Sunday,12
47,1010,Code review,Work,2025-03-09 09:26:00,40.1,Yes,Sunday,9
48,1021,Budget spreadsheet,Work,2025-06-15 22:02:00,18.6,Yes,Sunday,22
49,1028,Essay draft,Study,2025-07-16 06:06:00,41.6,Yes,Wednesday,6
50,1041,Code review,Work,2025-07-07 16:02:00,35.1,Yes,Monday,16
51,1021,Tidy desk,Chores,2025-04-15 10:55:00,21.5,Yes,Tuesday,10
52,1010,Team sync prep,Work,2025-06-07 21:44:00,41.4,Yes,Saturday,21
53,1030,Online course module,Study,2025-07-02 20:02:00,30.6,Yes,Wednesday,20
54,1014,Team sync prep,Work,2025-05-14 18:13:00,5.3,No,Wednesday,18
55,1021,Practice problems,Study,2025-06-18 15:10:00,41.5,Yes,Wednesday,15
56,1015,Bank visit,Errand,2025-01-01 07:36:00,10.1,Yes,Wednesday,7
57,1002,Meal prep,Uncategorized,2025-02-02 16:51:00,40.0,Yes,Sunday,16
58,1031,Grocery shopping,Chores,2025-07-04 22:50:00,39.0,Yes,Friday,22
59,1013,Email cleanup,Work,2025-03-04 21:14:00,18.5,Yes,Tuesday,21
60,1049,Bank visit,Errands,2025-03-21 12:20:00,7.5,Yes,Friday,12
61,1016,Code review,Work,2025-03-08 22:52:00,18.1,Yes,Saturday,22
62,1004,Walk,Health,2025-07-16 15:01:00,22.6,Yes,Wednesday,15
63,1020,Email cleanup,Work,2025-02-01 21:01:00,32.7,Yes,Saturday,21
64,1047,Email cleanup,Work,2025-04-06 22:42:00,21.8,Yes,Sunday,22
65,1049,Budget review,Personal,2025-03-25 07:14:00,63.4,No,Tuesday,7
66,1009,Tidy desk,Chores,2025-06-28 13:38:00,29.8,Yes,Saturday,13
67,1030,Practice problems,Study,2025-04-07 13:40:00,17.9,Yes,Monday,13
68,1009,Call family,Personal,2025-03-09 06:22:00,31.3,Yes,Sunday,6
69,1016,Call family,Personal,2025-02-14 11:55:00,25.8,No,Friday,11
70,1009,Call family,Personal,2025-06-28 22:16:00,33.8,Yes,Saturday,22
71,1005,Flashcard review,Study,2025-03-23 20:47:00,13.6,Yes,Sunday,20
72,1023,Budget spreadsheet,Work,2025-04-02 19:44:00,34.4,Yes,Wednesday,19
73,1017,Journaling,Personal,2025-07-07 19:53:00,47.3,Yes,Monday,19
74,1015,Meal prep,Health,2025-05-14 20:16:00,46.1,Yes,Wednesday,20
75,1018,Budget spreadsheet,Work,2025-07-18 12:50:00,10.6,Yes,Friday,12
76,1012,Pharmacy pickup,Errands,2025-05-18 21:05:00,3.9,Yes,Sunday,21
77,1014,Client report,Work,2025-01-26 09:17:00,9.9,Yes,Sunday,9
78,1010,Bank visit,Errands,2025-04-21 16:16:00,10.1,Yes,Monday,16
79,1043,Post office,Errand,2025-02-04 18:15:00,23.2,Yes,Tuesday,18
80,1047,Walk,Health,2025-03-18 06:02:00,17.6,Yes,Tuesday,6
81,1036,Read for fun,Personal,2025-01-31 14:55:00,26.4,Yes,Friday,14
82,1027,Workout,Health,2025-04-29 22:45:00,23.5,No,Tuesday,22
83,1023,Post office,Errands,2025-05-04 18:38:00,9.6,Yes,Sunday,18
84,1026,Laundry,Chores,2025-03-28 16:00:00,6.2,Yes,Friday,16
85,1024,Sprint planning notes,Work,2025-06-25 18:11:00,36.6,Yes,Wednesday,18
86,1049,Tidy desk,Chores,2025-03-22 12:04:00,19.3,Yes,Saturday,12
87,1033,Essay draft,Study,2025-04-16 11:05:00,27.1,Yes,Wednesday,11
88,1014,Budget spreadsheet,Work,2025-05-08 06:57:00,71.9,No,Thursday,6
89,1031,Meditation,Health,2025-07-02 13:56:00,5.3,Yes,Wednesday,13
90,1028,Workout,Health,2025-05-13 19:49:00,43.9,Yes,Tuesday,19
91,1012,Client report,Uncategorized,2025-05-10 06:52:00,27.0,Yes,Saturday,6
92,1024,Dishes,Chores,2025-05-25 09:06:00,49.1,Yes,Sunday,9
93,1043,Tidy desk,Chores,2025-05-07 14:38:00,25.8,Yes,Wednesday,14
94,1024,Vacuuming,Chores,2025-07-10 06:33:00,27.9,Yes,Thursday,6
95,1008,Pharmacy pickup,Errands,2025-03-10 20:10:00,11.8,Yes,Monday,20
96,1025,Journaling,Uncategorized,2025-06-24 11:22:00,19.0,Yes,Tuesday,11
97,1032,Car wash,Errands,2025-06-17 13:42:00,28.7,Yes,Tuesday,13
98,1037,Sprint planning notes,Work,2025-07-22 08:26:00,63.1,Yes,Tuesday,8
99,1049,Dishes,Chores,2025-04-12 07:11:00,8.2,Yes,Saturday,7
100,1025,Email cleanup,Work,2025-03-12 16:11:00,12.6,Yes,Wednesday,16
101,1007,Email cleanup,Work,2025-05-06 14:35:00,22.6,Yes,Tuesday,14
102,1044,Laundry,Chores,2025-04-15 21:25:00,36.1,Yes,Tuesday,21
103,1023,Dishes,Chore,2025-06-06 19:12:00,34.8,Yes,Friday,19
104,1018,Pharmacy pickup,Errands,2025-06-01 08:20:00,13.6,Yes,Sunday,8
105,1024,Tidy desk,Uncategorized,2025-06-04 10:04:00,11.6,Yes,Wednesday,10
106,1025,Pharmacy pickup,Errands,2025-03-17 13:21:00,30.9,Yes,Monday,13
108,1048,Budget spreadsheet,Work,2025-02-22 12:48:00,43.2,Yes,Saturday,12
109,1035,Read chapter,Study,2025-01-28 13:47:00,57.4,Yes,Tuesday,13
110,1004,Team sync prep,Work,2025-04-14 14:57:00,36.6,Yes,Monday,14
111,1034,Team sync prep,Work,2025-03-03 12:11:00,27.1,No,Monday,12
112,1017,Pharmacy pickup,Errands,2025-01-23 10:35:00,61.1,Yes,Thursday,10
113,1037,Team sync prep,Work,2025-01-20 12:23:00,46.0,Yes,Monday,12
114,1005,Bank visit,Errands,2025-03-05 20:55:00,28.4,Yes,Wednesday,20
115,1036,Pharmacy pickup,Errand,2025-01-29 21:15:00,73.0,No,Wednesday,21
116,1032,Car wash,Errands,2025-04-20 18:54:00,54.6,Yes,Sunday,18
117,1027,Post office,Errands,2025-07-17 16:36:00,27.0,Yes,Thursday,16
118,1035,Read chapter,Study,2025-02-25 20:17:00,38.3,Yes,Tuesday,20
119,1022,Budget spreadsheet,Work,2025-07-13 22:39:00,35.5,Yes,Sunday,22
120,1003,Flashcard review,Study,2025-02-11 09:10:00,72.6,Yes,Tuesday,9
121,1014,Essay draft,Study,2025-02-20 17:14:00,9.9,No,Thursday,17
122,1017,Budget spreadsheet,Work,2025-06-30 21:50:00,63.1,Yes,Monday,21
123,1021,Stretching,Health,2025-03-15 17:06:00,9.6,Yes,Saturday,17
124,1025,Call family,Personal,2025-02-18 21:42:00,23.0,Yes,Tuesday,21
125,1037,Meal prep,Health,2025-07-26 07:59:00,4.1,Yes,Saturday,7
126,1049,Walk,Health,2025-03-12 17:25:00,75.7,Yes,Wednesday,17
127,1003,Meditation,Health,2025-03-11 06:06:00,30.5,Yes,Tuesday,6
128,1041,Workout,Health,2025-06-09 17:35:00,51.0,Yes,Monday,17
129,1035,Client report,Work,2025-03-28 09:30:00,62.1,Yes,Friday,9
130,1029,Pharmacy pickup,Errands,2025-05-13 15:03:00,24.2,Yes,Tuesday,15
131,1010,Vacuuming,Chores,2025-02-25 22:47:00,8.0,Yes,Tuesday,22
132,1017,Online course module,Study,2025-03-16 19:08:00,26.4,Yes,Sunday,19
133,1038,Team sync prep,Work,2025-05-21 11:50:00,7.1,Yes,Wednesday,11
134,1018,Workout,Health,2025-03-30 12:19:00,28.4,Yes,Sunday,12
135,1043,Call family,Personal,2025-07-09 06:47:00,7.9,No,Wednesday,6
136,1021,Grocery shopping,Chores,2025-02-02 13:41:00,19.5,Yes,Sunday,13
137,1039,Vacuuming,Chores,2025-03-12 15:36:00,38.1,Yes,Wednesday,15
138,1038,Email cleanup,Work,2025-03-06 18:51:00,41.2,Yes,Thursday,18
139,1011,Laundry,Chore,2025-05-28 10:41:00,4.0,Yes,Wednesday,10
140,1003,Flashcard review,Study,2025-04-09 22:31:00,29.6,Yes,Wednesday,22
141,1020,Read chapter,Study,2025-05-03 08:13:00,31.1,Yes,Saturday,8
142,1009,Vacuuming,Chores,2025-02-05 14:26:00,72.1,Yes,Wednesday,14
143,1004,Client report,Work,2025-06-04 10:25:00,3.5,Yes,Wednesday,10
144,1017,Team sync prep,Work,2025-02-04 08:58:00,20.7,Yes,Tuesday,8
145,1014,Sprint planning notes,Work,2025-04-20 16:50:00,62.5,Yes,Sunday,16
146,1021,Team sync prep,Work,2025-07-26 08:16:00,52.3,Yes,Saturday,8
147,1034,Meal prep,Health,2025-04-21 11:22:00,7.4,Yes,Monday,11
148,1049,Essay draft,Study,2025-06-22 07:13:00,17.1,Yes,Sunday,7
149,1034,Essay draft,Study,2025-05-13 21:31:00,24.1,Yes,Tuesday,21
151,1040,Email cleanup,Work,2025-04-09 14:52:00,30.3,Yes,Wednesday,14
152,1022,Tidy desk,Chores,2025-05-04 16:32:00,57.1,Yes,Sunday,16
153,1020,Practice problems,Study,2025-04-12 08:26:00,55.1,Yes,Saturday,8
154,1002,Budget spreadsheet,Uncategorized,2025-02-11 10:01:00,18.4,Yes,Tuesday,10
155,1002,Journaling,Personal,2025-05-02 08:46:00,19.1,No,Friday,8
156,1028,Grocery shopping,Chores,2025-06-05 22:15:00,21.0,Yes,Thursday,22
157,1049,Read chapter,Study,2025-01-05 18:05:00,26.2,Yes,Sunday,18
158,1026,Car wash,Errands,2025-07-18 07:16:00,18.1,Yes,Friday,7
159,1004,Essay draft,Study,2025-07-15 20:39:00,10.0,Yes,Tuesday,20
160,1010,Budget spreadsheet,Work,2025-04-06 13:42:00,59.4,Yes,Sunday,13
161,1040,Dishes,Chores,2025-03-28 15:56:00,49.5,Yes,Friday,15
162,1048,Client report,Work,2025-03-04 16:24:00,29.05,Yes,Tuesday,16
163,1022,Flashcard review,Study,2025-04-06 08:48:00,22.8,Yes,Sunday,8
164,1049,Stretching,Health,2025-02-20 08:58:00,81.1,Yes,Thursday,8
165,1033,Essay draft,Study,2025-05-01 11:46:00,3.8,No,Thursday,11
166,1000,Pharmacy pickup,Errands,2025-07-21 10:45:00,13.6,Yes,Monday,10
167,1019,Online course module,Study,2025-05-17 20:03:00,22.0,No,Saturday,20
168,1005,Essay draft,Study,2025-05-31 15:40:00,20.7,Yes,Saturday,15
169,1024,Post office,Errands,2025-04-05 18:53:00,5.8,Yes,Saturday,18
170,1047,Flashcard review,Study,2025-02-14 07:58:00,30.0,Yes,Friday,7
171,1003,Tidy desk,Chores,2025-02-12 18:54:00,7.9,Yes,Wednesday,18
172,1031,Grocery shopping,Chore,2025-03-10 22:14:00,15.9,Yes,Monday,22
173,1017,Budget review,Personal,2025-04-14 19:33:00,50.6,Yes,Monday,19
174,1007,Budget spreadsheet,Work,2025-06-29 06:51:00,34.6,Yes,Sunday,6
175,1049,Meal prep,Health,2025-03-02 20:53:00,32.2,No,Sunday,20
176,1019,Email cleanup,Work,2025-01-08 21:01:00,8.8,Yes,Wednesday,21
177,1036,Flashcard review,Study,2025-04-28 08:18:00,53.0,Yes,Monday,8
179,1046,Walk,Health,2025-02-16 22:01:00,28.4,Yes,Sunday,22
180,1023,Read chapter,Study,2025-04-03 19:22:00,64.0,Yes,Thursday,19
181,1010,Flashcard review,Study,2025-05-04 06:14:00,16.8,Yes,Sunday,6
182,1034,Sprint planning notes,Work,2025-02-08 16:18:00,18.8,Yes,Saturday,16
183,1039,Dishes,Chores,2025-05-21 18:03:00,9.8,Yes,Wednesday,18
184,1016,Dishes,Chores,2025-05-31 21:39:00,15.0,Yes,Saturday,21
185,1044,Sprint planning notes,Work,2025-07-02 15:47:00,38.8,Yes,Wednesday,15
186,1008,Email cleanup,Work,2025-06-14 17:54:00,12.2,Yes,Saturday,17
187,1023,Flashcard review,Study,2025-05-20 13:45:00,13.2,Yes,Tuesday,13
188,1008,Budget spreadsheet,Work,2025-02-12 20:07:00,37.9,Yes,Wednesday,20
189,1006,Practice problems,Study,2025-04-21 11:38:00,5.5,Yes,Monday,11
190,1013,Flashcard review,Study,2025-01-20 20:02:00,30.0,Yes,Monday,20
191,1009,Walk,Health,2025-04-06 16:06:00,19.1,Yes,Sunday,16
192,1037,Laundry,Chores,2025-07-24 14:50:00,50.4,Yes,Thursday,14
193,1000,Budget spreadsheet,Work,2025-04-21 18:17:00,25.8,Yes,Monday,18
194,1043,Dishes,Chores,2025-03-02 06:41:00,24.9,Yes,Sunday,6
195,1011,Flashcard review,Study,2025-06-28 17:31:00,46.4,Yes,Saturday,17
196,1011,Team sync prep,Work,2025-04-15 09:48:00,13.5,Yes,Tuesday,9
197,1037,Essay draft,Study,2025-02-27 08:36:00,36.1,Yes,Thursday,8
198,1035,Email cleanup,Uncategorized,2025-04-15 10:49:00,71.9,Yes,Tuesday,10
199,1021,Walk,Health,2025-02-27 12:38:00,54.7,Yes,Thursday,12
200,1037,Meditation,Health,2025-06-02 14:20:00,28.4,Yes,Monday,14
201,1018,Practice problems,Study,2025-07-10 22:51:00,19.3,Yes,Thursday,22
202,1030,Post office,Errands,2025-04-01 09:40:00,5.3,Yes,Tuesday,9
203,1018,Call family,Personal,2025-04-20 16:17:00,18.2,No,Sunday,16
204,1006,Bank visit,Errands,2025-02-19 12:02:00,42.6,Yes,Wednesday,12
205,1014,Email cleanup,Work,2025-05-08 07:28:00,29.05,Yes,Thursday,7
206,1023,Car wash,Errands,2025-06-12 07:19:00,84.7,Yes,Thursday,7
207,1025,Client report,Work,2025-05-04 07:07:00,45.5,Yes,Sunday,7
208,1028,Bank visit,Errands,2025-06-28 18:42:00,36.7,Yes,Saturday,18
209,1033,Stretching,Health,2025-07-28 19:35:00,34.4,Yes,Monday,19
210,1046,Grocery shopping,Chores,2025-05-30 11:23:00,28.8,Yes,Friday,11
211,1038,Budget spreadsheet,Work,2025-01-30 14:23:00,43.4,Yes,Thursday,14
212,1013,Pharmacy pickup,Errands,2025-03-29 22:49:00,54.3,Yes,Saturday,22
213,1036,Client report,Work,2025-04-19 12:17:00,17.3,Yes,Saturday,12
214,1045,Laundry,Chores,2025-02-21 08:07:00,29.8,Yes,Friday,8
215,1007,Vacuuming,Chores,2025-04-22 20:09:00,3.9,Yes,Tuesday,20
216,1014,Essay draft,Study,2025-06-28 21:15:00,6.6,No,Saturday,21
217,1025,Online course module,Study,2025-02-16 16:06:00,23.9,Yes,Sunday,16
218,1010,Online course module,Study,2025-06-30 11:15:00,76.4,Yes,Monday,11
219,1021,Grocery shopping,Chore,2025-05-02 18:34:00,59.1,Yes,Friday,18
221,1037,Budget spreadsheet,Work,2025-02-18 15:19:00,57.3,Yes,Tuesday,15
222,1033,Meditation,Health,2025-07-22 10:14:00,33.5,Yes,Tuesday,10
223,1031,Meditation,Health,2025-02-10 21:37:00,60.0,Yes,Monday,21
224,1024,Budget review,Personal,2025-07-13 17:04:00,66.8,Yes,Sunday,17
225,1029,Team sync prep,Work,2025-04-05 21:44:00,68.4,Yes,Saturday,21
226,1013,Read for fun,Personal,2025-05-18 08:07:00,34.7,Yes,Sunday,8
227,1033,Flashcard review,Study,2025-05-18 06:44:00,14.5,Yes,Sunday,6
228,1047,Team sync prep,Work,2025-01-10 20:03:00,54.0,Yes,Friday,20
229,1008,Essay draft,Study,2025-07-08 21:11:00,22.0,No,Tuesday,21
230,1033,Practice problems,Study,2025-07-15 08:23:00,63.9,Yes,Tuesday,8
231,1048,Budget review,Personal,2025-06-24 13:44:00,11.5,Yes,Tuesday,13
232,1044,Online course module,Study,2025-03-30 16:48:00,62.1,Yes,Sunday,16
233,1037,Code review,Work,2025-01-24 19:21:00,17.9,Yes,Friday,19
234,1007,Code review,Work,2025-04-05 14:51:00,5.2,Yes,Saturday,14
235,1035,Car wash,Errands,2025-04-25 13:16:00,46.2,Yes,Friday,13
236,1005,Dishes,Chores,2025-06-11 13:31:00,37.2,Yes,Wednesday,13
237,1008,Pharmacy pickup,Errand,2025-06-19 11:25:00,20.8,Yes,Thursday,11
238,1011,Bank visit,Errands,2025-02-28 20:46:00,48.8,Yes,Friday,20
239,1000,Laundry,Chores,2025-02-01 11:53:00,80.3,Yes,Saturday,11
240,1026,Essay draft,Study,2025-04-05 21:22:00,56.6,Yes,Saturday,21
241,1021,Tidy desk,Chores,2025-01-11 11:19:00,36.1,Yes,Saturday,11
242,1011,Grocery shopping,Chore,2025-02-21 09:18:00,58.5,Yes,Friday,9
243,1020,Meal prep,Health,2025-01-20 13:43:00,7.4,Yes,Monday,13
244,1014,Tidy desk,Chores,2025-02-17 07:39:00,30.7,Yes,Monday,7
245,1017,Client report,Work,2025-07-07 19:48:00,48.2,No,Monday,19
246,1001,Flashcard review,Study,2025-02-17 18:00:00,30.8,Yes,Monday,18
247,1041,Walk,Health,2025-07-24 22:32:00,35.6,Yes,Thursday,22
248,1005,Sprint planning notes,Work,2025-06-25 07:39:00,86.0,Yes,Wednesday,7
249,1025,Stretching,Health,2025-04-16 14:31:00,41.5,Yes,Wednesday,14
250,1045,Vacuuming,Chores,2025-02-13 17:28:00,14.2,Yes,Thursday,17
251,1000,Client report,Work,2025-06-08 21:56:00,59.9,Yes,Sunday,21
252,1003,Pharmacy pickup,Errands,2025-07-17 11:30:00,30.9,Yes,Thursday,11
253,1018,Dishes,Chores,2025-04-30 07:53:00,8.9,Yes,Wednesday,7
254,1034,Read for fun,Personal,2025-03-07 09:05:00,24.4,Yes,Friday,9
255,1004,Meditation,Health,2025-03-03 14:36:00,25.6,Yes,Monday,14
256,1043,Budget spreadsheet,Work,2025-03-17 17:16:00,34.7,Yes,Monday,17
257,1019,Meditation,Health,2025-03-25 18:15:00,28.4,Yes,Tuesday,18
258,1044,Call family,Personal,2025-01-28 18:07:00,65.9,Yes,Tuesday,18
259,1005,Pharmacy pickup,Errands,2025-07-09 17:27:00,2.6,Yes,Wednesday,17
260,1005,Sprint planning notes,Work,2025-01-24 10:16:00,52.2,Yes,Friday,10
261,1032,Sprint planning notes,Work,2025-02-09 16:22:00,14.9,No,Sunday,16
263,1032,Journaling,Personal,2025-01-22 21:00:00,40.1,Yes,Wednesday,21
264,1021,Pharmacy pickup,Errands,2025-07-22 09:27:00,18.4,Yes,Tuesday,9
265,1032,Meal prep,Health,2025-03-13 12:41:00,34.1,Yes,Thursday,12
266,1036,Team sync prep,Work,2025-03-22 09:08:00,12.2,Yes,Saturday,9
267,1047,Code review,Work,2025-04-24 10:38:00,10.8,Yes,Thursday,10
268,1005,Stretching,Health,2025-03-17 12:22:00,36.4,Yes,Monday,12
269,1021,Practice problems,Study,2025-05-11 08:01:00,91.5,Yes,Sunday,8
270,1006,Call family,Personal,2025-01-08 07:15:00,14.5,Yes,Wednesday,7
271,1004,Pharmacy pickup,Errands,2025-05-16 09:15:00,34.5,No,Friday,9
272,1002,Sprint planning notes,Work,2025-06-04 17:37:00,2.6,Yes,Wednesday,17
273,1038,Team sync prep,Work,2025-02-02 07:09:00,1.6,Yes,Sunday,7
275,1002,Call family,Personal,2025-03-02 12:40:00,29.0,Yes,Sunday,12
276,1049,Flashcard review,Study,2025-04-05 11:35:00,32.7,No,Saturday,11
278,1000,Dishes,Chores,2025-03-03 11:16:00,12.7,Yes,Monday,11
279,1026,Walk,Health,2025-06-27 21:47:00,21.2,Yes,Friday,21
280,1044,Email cleanup,Work,2025-03-01 11:25:00,29.05,Yes,Saturday,11
281,1024,Sprint planning notes,Work,2025-06-24 21:26:00,29.05,Yes,Tuesday,21
282,1002,Team sync prep,Work,2025-06-10 16:38:00,42.4,Yes,Tuesday,16
284,1032,Sprint planning notes,Work,2025-06-04 13:08:00,71.3,No,Wednesday,13
285,1035,Read for fun,Personal,2025-04-06 20:42:00,18.9,Yes,Sunday,20
286,1042,Sprint planning notes,Work,2025-02-11 20:11:00,4.2,Yes,Tuesday,20
287,1017,Budget spreadsheet,Work,2025-03-27 11:55:00,25.2,Yes,Thursday,11
288,1030,Client report,Work,2025-03-28 13:39:00,9.9,No,Friday,13
289,1035,Pharmacy pickup,Errands,2025-07-29 15:46:00,44.7,Yes,Tuesday,15
290,1004,Online course module,Study,2025-01-10 13:43:00,11.1,Yes,Friday,13
291,1031,Essay draft,Study,2025-03-30 07:48:00,95.4,Yes,Sunday,7
292,1006,Post office,Errands,2025-05-31 11:43:00,39.2,Yes,Saturday,11
293,1037,Car wash,Errands,2025-05-29 06:34:00,54.6,Yes,Thursday,6
294,1021,Online course module,Study,2025-04-20 15:19:00,16.0,Yes,Sunday,15
295,1010,Email cleanup,Uncategorized,2025-01-28 08:29:00,33.7,Yes,Tuesday,8
296,1023,Read for fun,Personal,2025-06-16 08:25:00,11.4,Yes,Monday,8
297,1008,Client report,Work,2025-03-17 10:23:00,65.1,No,Monday,10
299,1040,Team sync prep,Work,2025-05-19 22:48:00,20.5,No,Monday,22
300,1010,Dishes,Chores,2025-04-20 12:58:00,22.6,Yes,Sunday,12
301,1021,Online course module,Study,2025-01-19 09:36:00,28.6,Yes,Sunday,9
302,1018,Budget spreadsheet,Work,2025-06-08 18:31:00,22.8,No,Sunday,18
303,1017,Walk,Health,2025-04-25 12:50:00,15.1,Yes,Friday,12
304,1006,Post office,Errands,2025-04-12 20:16:00,64.9,Yes,Saturday,20
305,1047,Flashcard review,Study,2025-06-02 21:45:00,30.5,Yes,Monday,21
306,1039,Vacuuming,Chores,2025-06-17 16:06:00,17.3,Yes,Tuesday,16
307,1023,Call family,Personal,2025-05-08 15:48:00,9.2,No,Thursday,15
308,1042,Vacuuming,Chores,2025-06-09 19:35:00,29.8,Yes,Monday,19
309,1008,Sprint planning notes,Work,2025-06-30 08:08:00,64.8,Yes,Monday,8
310,1032,Essay draft,Uncategorized,2025-04-21 11:54:00,51.7,Yes,Monday,11
311,1018,Flashcard review,Study,2025-01-10 15:23:00,21.0,Yes,Friday,15
312,1027,Meditation,Health,2025-04-14 11:28:00,28.4,Yes,Monday,11
313,1008,Online course module,Study,2025-01-19 12:44:00,62.7,Yes,Sunday,12
314,1019,Email cleanup,Work,2025-04-21 10:59:00,26.0,Yes,Monday,10
315,1024,Budget spreadsheet,Work,2025-05-18 17:47:00,29.05,Yes,Sunday,17
317,1034,Sprint planning notes,Work,2025-03-22 18:03:00,29.05,Yes,Saturday,18
318,1042,Budget review,Personal,2025-02-19 12:27:00,8.2,No,Wednesday,12
319,1035,Budget review,Personal,2025-02-24 21:17:00,14.7,Yes,Monday,21
320,1029,Client report,Work,2025-05-08 15:29:00,21.1,Yes,Thursday,15
321,1010,Sprint planning notes,Work,2025-02-15 14:57:00,80.8,Yes,Saturday,14
322,1033,Code review,Work,2025-05-23 18:31:00,25.2,Yes,Friday,18
323,1004,Practice problems,Study,2025-01-19 20:00:00,66.3,Yes,Sunday,20
324,1047,Workout,Health,2025-05-29 18:10:00,27.4,No,Thursday,18
325,1017,Read chapter,Study,2025-05-30 06:20:00,25.6,Yes,Friday,6
326,1031,Dishes,Chores,2025-03-15 21:09:00,11.1,Yes,Saturday,21
327,1007,Client report,Work,2025-06-12 21:07:00,25.7,Yes,Thursday,21
328,1004,Essay draft,Study,2025-03-27 14:15:00,16.3,Yes,Thursday,14
329,1044,Flashcard review,Study,2025-04-16 10:34:00,85.5,Yes,Wednesday,10
330,1012,Tidy desk,Chores,2025-05-30 18:13:00,35.0,Yes,Friday,18
331,1033,Post office,Errands,2025-04-22 15:06:00,15.0,Yes,Tuesday,15
332,1024,Laundry,Chores,2025-03-31 09:20:00,35.2,Yes,Monday,9
333,1009,Online course module,Study,2025-02-05 15:53:00,29.6,Yes,Wednesday,15
335,1003,Journaling,Personal,2025-03-18 17:21:00,29.0,Yes,Tuesday,17
336,1021,Laundry,Chores,2025-05-03 17:28:00,2.0,Yes,Saturday,17
337,1020,Walk,Health,2025-01-29 10:44:00,28.7,Yes,Wednesday,10
338,1007,Workout,Health,2025-07-22 08:50:00,29.6,Yes,Tuesday,8
339,1029,Team sync prep,Uncategorized,2025-02-07 13:33:00,59.4,Yes,Friday,13
340,1032,Team sync prep,Work,2025-01-23 18:59:00,1.3,Yes,Thursday,18
341,1016,Pharmacy pickup,Errands,2025-02-18 18:43:00,51.0,Yes,Tuesday,18
342,1014,Sprint planning notes,Work,2025-06-02 20:58:00,11.3,Yes,Monday,20
343,1018,Walk,Health,2025-03-05 22:52:00,12.8,Yes,Wednesday,22
344,1034,Stretching,Health,2025-02-09 17:09:00,27.5,Yes,Sunday,17
345,1011,Vacuuming,Chores,2025-05-30 17:45:00,50.7,Yes,Friday,17
346,1046,Code review,Work,2025-07-12 18:21:00,47.9,Yes,Saturday,18
347,1009,Meditation,Health,2025-01-17 09:16:00,38.6,Yes,Friday,9
348,1003,Practice problems,Study,2025-07-19 09:51:00,21.8,Yes,Saturday,9
349,1042,Email cleanup,Work,2025-02-22 06:16:00,41.3,Yes,Saturday,6
350,1016,Pharmacy pickup,Errands,2025-03-26 07:15:00,33.6,Yes,Wednesday,7
351,1024,Meal prep,Health,2025-04-20 07:56:00,28.4,Yes,Sunday,7
352,1034,Email cleanup,Work,2025-06-08 21:42:00,48.7,Yes,Sunday,21
353,1038,Meal prep,Health,2025-05-21 06:17:00,29.1,Yes,Wednesday,6
354,1039,Laundry,Chores,2025-05-14 17:12:00,37.8,No,Wednesday,17
355,1047,Post office,Uncategorized,2025-03-26 22:08:00,55.5,Yes,Wednesday,22
356,1045,Team sync prep,Work,2025-07-15 10:30:00,21.7,Yes,Tuesday,10
357,1021,Sprint planning notes,Work,2025-02-02 09:05:00,29.05,Yes,Sunday,9
358,1044,Team sync prep,Work,2025-01-04 15:34:00,40.6,Yes,Saturday,15
359,1036,Client report,Work,2025-03-09 17:31:00,37.0,Yes,Sunday,17
360,1033,Laundry,Chores,2025-04-30 20:37:00,39.8,Yes,Wednesday,20
361,1025,Grocery shopping,Chores,2025-03-22 06:34:00,43.7,Yes,Saturday,6
362,1040,Dishes,Chores,2025-06-28 17:52:00,12.6,Yes,Saturday,17
363,1039,Laundry,Chores,2025-06-04 17:11:00,30.0,Yes,Wednesday,17
364,1047,Flashcard review,Study,2025-01-10 17:20:00,30.3,Yes,Friday,17
365,1015,Dishes,Chores,2025-07-02 17:01:00,13.0,Yes,Wednesday,17
366,1012,Read chapter,Uncategorized,2025-02-27 15:43:00,72.2,Yes,Thursday,15
367,1034,Budget spreadsheet,Work,2025-03-08 14:32:00,12.5,Yes,Saturday,14
368,1000,Bank visit,Errands,2025-06-08 20:50:00,23.9,Yes,Sunday,20
369,1010,Team sync prep,Work,2025-07-13 17:39:00,59.9,Yes,Sunday,17
370,1041,Essay draft,Study,2025-02-26 13:44:00,59.5,Yes,Wednesday,13
371,1012,Flashcard review,Study,2025-01-20 21:17:00,60.5,Yes,Monday,21
372,1009,Online course module,Study,2025-07-08 21:03:00,67.4,Yes,Tuesday,21
373,1005,Walk,Health,2025-05-30 08:47:00,33.1,No,Friday,8
374,1014,Workout,Health,2025-02-25 10:12:00,32.5,Yes,Tuesday,10
375,1019,Sprint planning notes,Work,2025-04-18 19:20:00,7.9,Yes,Friday,19
376,1007,Code review,Work,2025-05-04 11:04:00,29.05,Yes,Sunday,11
377,1004,Post office,Errands,2025-01-06 09:08:00,43.5,Yes,Monday,9
378,1045,Bank visit,Errands,2025-01-23 11:42:00,57.1,Yes,Thursday,11
379,1003,Workout,Health,2025-01-06 13:11:00,67.5,Yes,Monday,13
380,1031,Laundry,Chores,2025-01-07 14:28:00,5.3,Yes,Tuesday,14
381,1033,Dishes,Chores,2025-06-05 10:49:00,6.0,Yes,Thursday,10
382,1022,Vacuuming,Uncategorized,2025-06-12 21:55:00,17.3,Yes,Thursday,21
383,1004,Code review,Work,2025-05-17 06:55:00,82.3,Yes,Saturday,6
384,1005,Client report,Work,2025-06-01 16:03:00,19.7,Yes,Sunday,16
385,1003,Read for fun,Personal,2025-04-29 13:48:00,19.8,Yes,Tuesday,13
386,1027,Essay draft,Study,2025-02-19 09:17:00,46.1,Yes,Wednesday,9
387,1043,Meditation,Health,2025-02-25 19:50:00,39.7,Yes,Tuesday,19
388,1003,Stretching,Health,2025-06-29 06:38:00,43.2,Yes,Sunday,6
389,1038,Bank visit,Errands,2025-06-28 09:11:00,30.9,Yes,Saturday,9
390,1009,Online course module,Study,2025-06-24 07:36:00,29.6,No,Tuesday,7
391,1026,Budget spreadsheet,Work,2025-07-05 22:06:00,17.2,Yes,Saturday,22
392,1002,Flashcard review,Study,2025-06-26 07:28:00,35.4,No,Thursday,7
393,1012,Bank visit,Errands,2025-02-01 12:57:00,38.9,Yes,Saturday,12
395,1030,Online course module,Uncategorized,2025-05-07 16:28:00,23.8,No,Wednesday,16
396,1006,Read chapter,Study,2025-07-01 15:58:00,41.1,Yes,Tuesday,15
397,1038,Read chapter,Study,2025-05-15 07:37:00,54.9,Yes,Thursday,7
398,1041,Email cleanup,Work,2025-04-25 07:02:00,48.2,Yes,Friday,7
399,1000,Workout,Health,2025-05-24 19:44:00,29.8,Yes,Saturday,19
400,1013,Code review,Work,2025-05-27 20:36:00,16.1,Yes,Tuesday,20
402,1042,Essay draft,Study,2025-03-03 18:40:00,55.6,Yes,Monday,18
403,1008,Read for fun,Personal,2025-05-21 14:36:00,31.1,No,Wednesday,14
404,1039,Grocery shopping,Chores,2025-05-11 14:59:00,9.9,Yes,Sunday,14
405,1046,Tidy desk,Chores,2025-01-19 20:24:00,3.5,Yes,Sunday,20
406,1028,Dishes,Chores,2025-03-07 07:47:00,93.1,Yes,Friday,7
407,1047,Sprint planning notes,Work,2025-04-03 11:10:00,60.0,Yes,Thursday,11
408,1048,Email cleanup,Work,2025-07-29 18:14:00,34.7,Yes,Tuesday,18
409,1030,Workout,Health,2025-06-23 14:02:00,8.8,Yes,Monday,14
410,1045,Essay draft,Study,2025-06-01 09:37:00,3.7,Yes,Sunday,9
411,1038,Meal prep,Health,2025-05-28 19:56:00,33.3,Yes,Wednesday,19
412,1004,Tidy desk,Chores,2025-03-01 07:41:00,2.4,Yes,Saturday,7
413,1039,Online course module,Study,2025-03-14 14:45:00,26.2,Yes,Friday,14
414,1000,Read chapter,Study,2025-07-15 08:53:00,19.5,Yes,Tuesday,8
415,1031,Read for fun,Personal,2025-02-10 07:27:00,6.1,Yes,Monday,7
416,1006,Team sync prep,Work,2025-06-16 20:54:00,34.1,No,Monday,20
417,1023,Email cleanup,Work,2025-04-02 22:34:00,14.7,Yes,Wednesday,22
418,1034,Sprint planning notes,Work,2025-04-03 22:54:00,1.7,Yes,Thursday,22
419,1009,Tidy desk,Chore,2025-02-25 17:32:00,17.5,Yes,Tuesday,17
420,1014,Journaling,Personal,2025-05-06 15:35:00,32.5,Yes,Tuesday,15
421,1041,Client report,Work,2025-03-18 12:43:00,37.9,Yes,Tuesday,12
422,1022,Car wash,Errands,2025-02-27 12:31:00,20.9,Yes,Thursday,12
423,1007,Grocery shopping,Chores,2025-05-16 14:25:00,6.9,Yes,Friday,14
424,1043,Essay draft,Study,2025-07-26 12:44:00,31.1,Yes,Saturday,12
425,1009,Laundry,Chores,2025-03-15 13:59:00,32.1,Yes,Saturday,13
426,1040,Sprint planning notes,Work,2025-07-25 09:54:00,24.0,Yes,Friday,9
427,1018,Walk,Health,2025-07-24 09:30:00,30.7,Yes,Thursday,9
428,1001,Meditation,Health,2025-02-24 08:30:00,28.4,Yes,Monday,8
429,1046,Team sync prep,Work,2025-07-06 15:22:00,55.3,No,Sunday,15
430,1024,Practice problems,Uncategorized,2025-05-31 21:15:00,25.1,Yes,Saturday,21
431,1042,Pharmacy pickup,Errands,2025-05-09 11:09:00,17.8,No,Friday,11
432,1004,Stretching,Health,2025-05-29 19:01:00,17.6,Yes,Thursday,19
433,1012,Email cleanup,Uncategorized,2025-02-16 15:10:00,61.9,Yes,Sunday,15
435,1021,Email cleanup,Work,2025-03-31 09:39:00,24.4,Yes,Monday,9
436,1005,Call family,Personal,2025-07-20 12:01:00,75.7,Yes,Sunday,12
437,1034,Walk,Health,2025-01-24 16:21:00,54.5,Yes,Friday,16
438,1045,Email cleanup,Work,2025-03-24 20:07:00,55.9,Yes,Monday,20
439,1024,Dishes,Uncategorized,2025-03-02 21:50:00,57.9,Yes,Sunday,21
440,1047,Practice problems,Study,2025-06-23 10:09:00,20.4,Yes,Monday,10
441,1037,Sprint planning notes,Work,2025-07-23 12:39:00,54.7,Yes,Wednesday,12
442,1016,Code review,Work,2025-04-16 11:06:00,11.9,No,Wednesday,11
443,1020,Workout,Health,2025-06-12 14:49:00,8.5,Yes,Thursday,14
444,1009,Client report,Work,2025-04-22 16:59:00,15.7,Yes,Tuesday,16
445,1011,Client report,Work,2025-07-15 13:54:00,8.0,Yes,Tuesday,13
447,1038,Budget spreadsheet,Work,2025-01-04 11:46:00,33.2,Yes,Saturday,11
448,1046,Budget spreadsheet,Work,2025-05-02 10:15:00,33.5,Yes,Friday,10
449,1039,Sprint planning notes,Work,2025-05-05 10:01:00,33.6,Yes,Monday,10
450,1040,Budget review,Personal,2025-01-06 13:12:00,7.5,Yes,Monday,13
451,1008,Workout,Health,2025-03-09 06:02:00,28.4,Yes,Sunday,6
452,1018,Practice problems,Uncategorized,2025-02-15 20:37:00,53.1,Yes,Saturday,20
453,1016,Code review,Work,2025-03-02 09:58:00,76.9,Yes,Sunday,9
454,1024,Flashcard review,Study,2025-04-24 08:57:00,17.6,Yes,Thursday,8
455,1013,Post office,Errands,2025-04-10 12:05:00,52.3,Yes,Thursday,12
456,1048,Workout,Health,2025-01-08 19:48:00,75.8,Yes,Wednesday,19
457,1022,Sprint planning notes,Work,2025-04-04 22:02:00,29.05,Yes,Friday,22
458,1016,Budget spreadsheet,Work,2025-07-04 14:47:00,14.6,Yes,Friday,14
459,1027,Flashcard review,Study,2025-03-13 18:11:00,28.4,Yes,Thursday,18
460,1031,Laundry,Chores,2025-06-27 11:23:00,39.8,No,Friday,11
461,1028,Car wash,Errand,2025-01-25 11:40:00,15.0,Yes,Saturday,11
462,1030,Laundry,Chores,2025-06-27 14:27:00,56.8,Yes,Friday,14
463,1015,Budget spreadsheet,Work,2025-03-28 14:58:00,39.0,Yes,Friday,14
464,1006,Sprint planning notes,Work,2025-03-03 12:35:00,25.3,Yes,Monday,12
465,1036,Sprint planning notes,Work,2025-04-23 19:01:00,11.8,Yes,Wednesday,19
466,1018,Meditation,Health,2025-04-17 17:03:00,74.3,No,Thursday,17
467,1003,Walk,Health,2025-03-22 16:51:00,12.4,Yes,Saturday,16
468,1038,Call family,Personal,2025-02-19 19:27:00,29.0,Yes,Wednesday,19
469,1027,Sprint planning notes,Work,2025-01-04 06:18:00,66.8,Yes,Saturday,6
471,1009,Walk,Health,2025-07-12 16:06:00,40.4,Yes,Saturday,16
472,1025,Walk,Health,2025-02-20 13:50:00,73.2,Yes,Thursday,13
473,1032,Walk,Health,2025-06-10 09:01:00,55.5,Yes,Tuesday,9
474,1026,Code review,Work,2025-01-25 20:43:00,22.7,Yes,Saturday,20
475,1021,Read chapter,Study,2025-04-27 14:42:00,11.6,Yes,Sunday,14
476,1013,Call family,Personal,2025-03-18 20:05:00,44.6,Yes,Tuesday,20
477,1019,Budget spreadsheet,Work,2025-03-10 11:54:00,15.2,Yes,Monday,11
478,1023,Tidy desk,Chores,2025-04-15 17:57:00,8.4,Yes,Tuesday,17
479,1012,Code review,Work,2025-07-08 15:04:00,67.3,Yes,Tuesday,15
481,1044,Online course module,Study,2025-07-04 07:13:00,20.5,Yes,Friday,7
482,1015,Essay draft,Study,2025-06-10 13:25:00,27.1,Yes,Tuesday,13
483,1018,Essay draft,Study,2025-05-10 11:51:00,54.1,Yes,Saturday,11
484,1048,Practice problems,Study,2025-03-07 13:05:00,84.7,Yes,Friday,13
485,1009,Journaling,Personal,2025-02-10 08:28:00,3.0,Yes,Monday,8
486,1000,Grocery shopping,Chores,2025-06-26 08:38:00,32.0,Yes,Thursday,8
487,1042,Practice problems,Study,2025-01-30 14:57:00,15.7,Yes,Thursday,14
488,1042,Essay draft,Study,2025-06-24 12:04:00,8.0,Yes,Tuesday,12
489,1028,Flashcard review,Study,2025-05-10 13:12:00,31.0,Yes,Saturday,13
490,1042,Vacuuming,Chore,2025-04-06 11:38:00,20.6,Yes,Sunday,11
491,1046,Stretching,Health,2025-04-28 10:45:00,75.1,Yes,Monday,10
492,1047,Workout,Health,2025-01-30 13:39:00,52.6,Yes,Thursday,13
493,1028,Team sync prep,Work,2025-03-14 20:23:00,43.9,Yes,Friday,20
494,1037,Post office,Errands,2025-06-11 14:22:00,27.0,Yes,Wednesday,14
495,1046,Email cleanup,Work,2025-04-29 06:01:00,8.1,Yes,Tuesday,6
496,1032,Online course module,Study,2025-06-07 11:33:00,95.0,Yes,Saturday,11
497,1041,Tidy desk,Chores,2025-07-25 21:06:00,11.5,No,Friday,21
498,1049,Flashcard review,Study,2025-07-16 17:58:00,60.3,Yes,Wednesday,17
499,1047,Workout,Health,2025-07-20 09:21:00,10.4,Yes,Sunday,9
500,1007,Tidy desk,Chores,2025-07-12 22:08:00,29.8,Yes,Saturday,22
501,1031,Budget spreadsheet,Work,2025-03-08 08:16:00,33.2,No,Saturday,8
502,1026,Code review,Work,2025-01-05 11:45:00,7.3,Yes,Sunday,11
503,1048,Stretching,Health,2025-06-16 14:30:00,37.0,Yes,Monday,14
504,1029,Journaling,Personal,2025-03-07 14:31:00,50.3,Yes,Friday,14
505,1044,Post office,Errands,2025-03-14 18:37:00,28.6,Yes,Friday,18
506,1011,Dishes,Chores,2025-03-26 18:24:00,14.0,Yes,Wednesday,18
507,1034,Meal prep,Health,2025-06-22 16:21:00,28.4,No,Sunday,16
508,1011,Team sync prep,Work,2025-03-12 06:15:00,19.0,Yes,Wednesday,6
509,1010,Meditation,Health,2025-04-15 09:55:00,29.6,Yes,Tuesday,9
510,1024,Workout,Health,2025-01-09 17:33:00,23.9,Yes,Thursday,17
511,1030,Bank visit,Errands,2025-02-19 07:46:00,60.3,No,Wednesday,7
512,1034,Walk,Health,2025-06-19 06:21:00,26.4,Yes,Thursday,6
513,1032,Walk,Health,2025-01-19 22:46:00,16.3,Yes,Sunday,22
514,1006,Call family,Personal,2025-03-18 09:06:00,15.9,Yes,Tuesday,9
515,1032,Dishes,Chores,2025-05-09 07:17:00,50.6,Yes,Friday,7
516,1005,Sprint planning notes,Work,2025-02-23 13:35:00,1.3,Yes,Sunday,13
517,1036,Online course module,Study,2025-03-07 11:09:00,39.2,Yes,Friday,11
518,1037,Code review,Work,2025-07-14 08:11:00,11.8,Yes,Monday,8
519,1015,Workout,Health,2025-04-13 13:26:00,44.7,Yes,Sunday,13
520,1014,Workout,Health,2025-04-19 14:39:00,10.0,No,Saturday,14
521,1035,Code review,Work,2025-06-22 10:35:00,29.05,Yes,Sunday,10
522,1023,Practice problems,Uncategorized,2025-02-07 22:31:00,19.3,Yes,Friday,22
523,1019,Email cleanup,Work,2025-03-07 10:39:00,3.8,Yes,Friday,10
524,1034,Pharmacy pickup,Errands,2025-03-18 08:52:00,15.9,Yes,Tuesday,8
525,1001,Pharmacy pickup,Errands,2025-01-26 12:42:00,30.9,Yes,Sunday,12
526,1020,Tidy desk,Chores,2025-01-30 13:42:00,18.4,Yes,Thursday,13
527,1043,Vacuuming,Chores,2025-04-20 09:03:00,29.1,Yes,Sunday,9
528,1011,Code review,Work,2025-07-12 18:06:00,17.0,Yes,Saturday,18
529,1038,Team sync prep,Work,2025-03-17 19:43:00,9.4,Yes,Monday,19
530,1044,Dishes,Chores,2025-04-09 13:48:00,51.6,Yes,Wednesday,13
531,1012,Email cleanup,Work,2025-04-24 07:25:00,27.2,No,Thursday,7
532,1025,Budget review,Personal,2025-04-01 20:48:00,29.8,Yes,Tuesday,20
534,1006,Workout,Health,2025-07-12 17:55:00,9.8,No,Saturday,17
535,1014,Call family,Personal,2025-04-24 19:22:00,5.4,Yes,Thursday,19
536,1044,Stretching,Health,2025-03-01 08:16:00,40.7,Yes,Saturday,8
537,1039,Client report,Work,2025-06-09 13:42:00,20.2,Yes,Monday,13
538,1003,Code review,Work,2025-03-19 14:46:00,25.4,Yes,Wednesday,14
539,1028,Budget spreadsheet,Work,2025-02-20 06:17:00,41.5,Yes,Thursday,6
540,1025,Meditation,Health,2025-01-19 20:31:00,36.8,No,Sunday,20
541,1046,Sprint planning notes,Work,2025-02-18 07:06:00,18.2,Yes,Tuesday,7
542,1032,Code review,Work,2025-01-28 11:29:00,94.8,Yes,Tuesday,11
543,1013,Read for fun,Personal,2025-05-08 13:17:00,34.3,Yes,Thursday,13
544,1012,Journaling,Personal,2025-03-04 12:33:00,29.0,No,Tuesday,12
545,1020,Flashcard review,Study,2025-05-17 10:25:00,29.6,Yes,Saturday,10
546,1026,Flashcard review,Study,2025-01-02 09:27:00,33.8,Yes,Thursday,9
547,1035,Workout,Health,2025-05-02 18:44:00,34.2,Yes,Friday,18
548,1000,Code review,Work,2025-06-06 10:00:00,23.2,Yes,Friday,10
549,1042,Bank visit,Errands,2025-06-29 09:52:00,15.2,Yes,Sunday,9
550,1013,Grocery shopping,Chores,2025-07-01 17:11:00,8.0,Yes,Tuesday,17
551,1026,Laundry,Chores,2025-03-01 07:21:00,8.7,Yes,Saturday,7
552,1022,Walk,Health,2025-07-14 20:38:00,14.7,Yes,Monday,20
553,1044,Read for fun,Personal,2025-04-15 11:07:00,1.1,Yes,Tuesday,11
554,1044,Vacuuming,Chores,2025-01-05 15:35:00,14.8,Yes,Sunday,15
555,1006,Sprint planning notes,Work,2025-04-06 13:38:00,22.0,Yes,Sunday,13
556,1049,Meditation,Health,2025-02-24 07:55:00,54.4,Yes,Monday,7
557,1028,Essay draft,Study,2025-04-05 15:57:00,4.7,Yes,Saturday,15
558,1032,Tidy desk,Chores,2025-07-23 17:08:00,20.4,No,Wednesday,17
559,1001,Budget review,Personal,2025-05-23 06:35:00,30.3,Yes,Friday,6
560,1005,Practice problems,Study,2025-05-22 08:37:00,11.1,Yes,Thursday,8
561,1040,Client report,Work,2025-05-05 16:14:00,16.6,Yes,Monday,16
562,1023,Email cleanup,Work,2025-02-20 12:41:00,28.0,Yes,Thursday,12
563,1010,Workout,Health,2025-04-23 08:52:00,26.5,Yes,Wednesday,8
564,1042,Online course module,Study,2025-02-02 17:30:00,52.8,Yes,Sunday,17
565,1030,Meditation,Health,2025-05-02 21:06:00,56.3,Yes,Friday,21
566,1006,Journaling,Personal,2025-01-01 16:49:00,35.4,Yes,Wednesday,16
567,1009,Stretching,Health,2025-02-01 15:42:00,28.4,Yes,Saturday,15
568,1006,Car wash,Errands,2025-05-04 11:04:00,30.9,Yes,Sunday,11
569,1014,Sprint planning notes,Work,2025-03-25 08:30:00,51.9,Yes,Tuesday,8
570,1020,Code review,Work,2025-03-26 21:25:00,3.9,Yes,Wednesday,21
571,1031,Workout,Health,2025-02-24 17:04:00,14.2,No,Monday,17
572,1020,Client report,Work,2025-06-15 16:42:00,17.6,Yes,Sunday,16
573,1009,Practice problems,Study,2025-04-06 11:09:00,16.8,Yes,Sunday,11
574,1012,Stretching,Health,2025-07-23 17:29:00,28.1,Yes,Wednesday,17
575,1018,Journaling,Personal,2025-05-04 15:27:00,36.8,Yes,Sunday,15
576,1036,Sprint planning notes,Work,2025-01-21 14:58:00,3.7,Yes,Tuesday,14
577,1026,Budget review,Personal,2025-03-29 11:57:00,25.1,No,Saturday,11
578,1010,Stretching,Health,2025-05-27 14:02:00,50.1,Yes,Tuesday,14
579,1047,Flashcard review,Study,2025-06-28 07:05:00,41.8,Yes,Saturday,7
580,1011,Budget spreadsheet,Work,2025-05-04 12:05:00,2.9,Yes,Sunday,12
581,1047,Sprint planning notes,Work,2025-05-11 12:17:00,39.0,Yes,Sunday,12
582,1000,Vacuuming,Chores,2025-01-27 10:35:00,29.2,Yes,Monday,10
583,1031,Vacuuming,Chores,2025-06-04 16:27:00,33.2,Yes,Wednesday,16
584,1003,Online course module,Study,2025-03-24 10:27:00,42.8,Yes,Monday,10
585,1046,Client report,Work,2025-02-02 20:07:00,7.3,Yes,Sunday,20
587,1010,Walk,Health,2025-05-10 17:37:00,50.5,No,Saturday,17
588,1006,Flashcard review,Study,2025-06-28 11:08:00,26.6,Yes,Saturday,11
589,1032,Grocery shopping,Chores,2025-05-03 06:24:00,62.3,No,Saturday,6
590,1036,Essay draft,Study,2025-03-09 12:41:00,77.8,Yes,Sunday,12
591,1021,Call family,Personal,2025-07-07 06:44:00,35.3,Yes,Monday,6
592,1032,Team sync prep,Work,2025-05-21 07:42:00,48.0,Yes,Wednesday,7
593,1019,Read chapter,Study,2025-04-04 16:28:00,28.8,Yes,Friday,16
594,1023,Team sync prep,Work,2025-04-25 13:51:00,19.7,Yes,Friday,13
595,1031,Code review,Work,2025-03-10 18:45:00,42.3,Yes,Monday,18
596,1049,Code review,Work,2025-06-13 18:21:00,31.3,Yes,Friday,18
597,1023,Vacuuming,Chore,2025-03-12 11:18:00,28.8,No,Wednesday,11
598,1011,Tidy desk,Chores,2025-07-24 12:22:00,40.3,Yes,Thursday,12
599,1001,Essay draft,Uncategorized,2025-05-09 19:26:00,10.7,Yes,Friday,19
600,1044,Workout,Health,2025-02-07 15:53:00,18.5,Yes,Friday,15
601,1035,Workout,Health,2025-05-01 18:00:00,5.5,Yes,Thursday,18
602,1042,Post office,Errands,2025-01-02 22:55:00,32.4,Yes,Thursday,22
603,1042,Team sync prep,Work,2025-05-09 11:41:00,42.5,Yes,Friday,11
604,1037,Car wash,Errands,2025-02-10 13:02:00,47.7,No,Monday,13
605,1042,Post office,Errands,2025-01-29 22:27:00,30.9,Yes,Wednesday,22
606,1020,Online course module,Study,2025-03-10 10:28:00,52.2,Yes,Monday,10
607,1045,Code review,Work,2025-07-19 09:54:00,12.2,Yes,Saturday,9
608,1029,Dishes,Chores,2025-07-26 09:42:00,24.0,Yes,Saturday,9
609,1030,Sprint planning notes,Work,2025-01-06 16:40:00,29.05,Yes,Monday,16
610,1012,Flashcard review,Study,2025-04-14 13:47:00,11.1,Yes,Monday,13
611,1006,Read chapter,Study,2025-07-07 12:16:00,74.9,Yes,Monday,12
612,1009,Team sync prep,Work,2025-02-23 16:46:00,26.1,Yes,Sunday,16
613,1044,Read chapter,Study,2025-06-17 09:27:00,42.0,Yes,Tuesday,9
614,1032,Read chapter,Study,2025-03-09 20:42:00,24.0,Yes,Sunday,20
615,1010,Code review,Work,2025-04-27 14:22:00,16.3,No,Sunday,14
616,1036,Budget spreadsheet,Work,2025-07-23 20:50:00,19.7,Yes,Wednesday,20
617,1028,Bank visit,Errands,2025-07-29 20:28:00,27.0,Yes,Tuesday,20
618,1032,Budget review,Personal,2025-03-02 19:56:00,43.4,Yes,Sunday,19
619,1017,Code review,Work,2025-07-04 13:40:00,43.5,Yes,Friday,13
620,1028,Budget review,Personal,2025-04-09 17:15:00,19.3,Yes,Wednesday,17
621,1013,Team sync prep,Work,2025-01-23 10:21:00,41.1,Yes,Thursday,10
622,1012,Vacuuming,Chores,2025-04-04 17:01:00,39.7,Yes,Friday,17
623,1008,Walk,Health,2025-06-19 08:28:00,58.5,Yes,Thursday,8
624,1010,Client report,Work,2025-03-29 09:33:00,47.8,No,Saturday,9
625,1017,Flashcard review,Study,2025-02-20 10:38:00,19.9,Yes,Thursday,10
626,1041,Email cleanup,Work,2025-03-24 14:50:00,6.9,Yes,Monday,14
627,1049,Car wash,Errand,2025-05-03 14:22:00,16.0,Yes,Saturday,14
628,1005,Grocery shopping,Chores,2025-01-30 13:08:00,38.2,Yes,Thursday,13
629,1018,Stretching,Uncategorized,2025-05-02 13:59:00,15.3,No,Friday,13
630,1003,Email cleanup,Work,2025-02-10 09:42:00,29.05,Yes,Monday,9
631,1018,Client report,Work,2025-05-15 15:19:00,57.3,Yes,Thursday,15
632,1028,Workout,Health,2025-01-17 10:55:00,24.6,No,Friday,10
634,1029,Tidy desk,Chores,2025-02-04 18:56:00,16.8,Yes,Tuesday,18
635,1028,Call family,Personal,2025-04-03 09:13:00,23.0,Yes,Thursday,9
636,1030,Online course module,Study,2025-07-17 22:46:00,28.2,Yes,Thursday,22
637,1036,Car wash,Errands,2025-05-14 10:12:00,76.2,Yes,Wednesday,10
638,1019,Team sync prep,Work,2025-02-03 07:57:00,34.1,Yes,Monday,7
639,1013,Team sync prep,Work,2025-02-22 14:37:00,32.2,Yes,Saturday,14
640,1038,Team sync prep,Work,2025-06-08 09:04:00,11.2,Yes,Sunday,9
641,1011,Code review,Work,2025-07-24 17:48:00,16.3,Yes,Thursday,17
642,1001,Online course module,Study,2025-02-07 16:41:00,10.7,Yes,Friday,16
643,1023,Dishes,Chores,2025-07-16 22:52:00,22.9,Yes,Wednesday,22
644,1049,Sprint planning notes,Work,2025-05-08 16:32:00,14.7,Yes,Thursday,16
645,1048,Budget review,Personal,2025-04-10 19:19:00,42.3,Yes,Thursday,19
646,1021,Pharmacy pickup,Errands,2025-03-14 21:49:00,40.7,Yes,Friday,21
647,1022,Sprint planning notes,Work,2025-06-01 21:24:00,52.3,Yes,Sunday,21
648,1012,Journaling,Personal,2025-05-11 18:56:00,13.9,Yes,Sunday,18
649,1029,Post office,Uncategorized,2025-04-24 15:51:00,34.0,Yes,Thursday,15
650,1037,Pharmacy pickup,Errands,2025-05-10 06:54:00,24.0,Yes,Saturday,6
651,1040,Flashcard review,Study,2025-02-04 18:48:00,33.2,Yes,Tuesday,18
652,1020,Workout,Health,2025-06-05 19:48:00,56.4,Yes,Thursday,19
653,1044,Essay draft,Study,2025-02-11 12:11:00,28.8,Yes,Tuesday,12
654,1007,Client report,Work,2025-05-25 16:10:00,11.2,Yes,Sunday,16
655,1028,Vacuuming,Chores,2025-01-10 07:36:00,7.5,No,Friday,7
656,1045,Stretching,Health,2025-06-25 07:29:00,57.0,Yes,Wednesday,7
657,1041,Journaling,Personal,2025-01-27 07:59:00,51.6,Yes,Monday,7
658,1006,Read chapter,Study,2025-02-06 12:14:00,58.2,Yes,Thursday,12
659,1016,Stretching,Health,2025-05-18 13:34:00,35.3,Yes,Sunday,13
660,1046,Grocery shopping,Chores,2025-05-08 09:24:00,35.7,Yes,Thursday,9
661,1022,Online course module,Study,2025-02-10 06:15:00,33.0,Yes,Monday,6
662,1034,Call family,Personal,2025-04-03 17:20:00,60.5,Yes,Thursday,17
663,1007,Meal prep,Health,2025-01-23 14:21:00,21.7,Yes,Thursday,14
664,1040,Essay draft,Study,2025-05-17 09:59:00,29.6,Yes,Saturday,9
665,1020,Team sync prep,Work,2025-02-13 22:01:00,59.1,Yes,Thursday,22
666,1020,Email cleanup,Work,2025-01-02 11:27:00,43.5,Yes,Thursday,11
667,1014,Meditation,Health,2025-02-23 22:57:00,28.4,Yes,Sunday,22
668,1042,Grocery shopping,Chores,2025-05-26 12:57:00,88.9,Yes,Monday,12
669,1048,Team sync prep,Work,2025-02-09 22:08:00,37.0,Yes,Sunday,22
670,1001,Car wash,Errands,2025-03-31 12:52:00,21.5,Yes,Monday,12
671,1020,Team sync prep,Work,2025-04-17 18:42:00,81.7,Yes,Thursday,18
672,1010,Stretching,Health,2025-06-13 08:51:00,45.4,Yes,Friday,8
673,1001,Journaling,Personal,2025-01-20 12:32:00,10.0,Yes,Monday,12
674,1045,Client report,Work,2025-07-02 09:27:00,30.7,No,Wednesday,9
675,1014,Car wash,Errands,2025-07-21 07:42:00,70.7,Yes,Monday,7
676,1035,Client report,Work,2025-02-03 19:13:00,29.8,Yes,Monday,19
677,1037,Meditation,Health,2025-05-19 07:53:00,43.4,Yes,Monday,7
678,1001,Grocery shopping,Chores,2025-01-31 19:09:00,21.5,Yes,Friday,19
679,1029,Read for fun,Personal,2025-05-10 20:07:00,71.7,No,Saturday,20
680,1024,Online course module,Study,2025-05-13 11:49:00,28.2,Yes,Tuesday,11
681,1047,Grocery shopping,Chores,2025-07-13 21:43:00,29.8,Yes,Sunday,21
682,1025,Email cleanup,Uncategorized,2025-06-24 08:06:00,10.6,Yes,Tuesday,8
683,1032,Budget spreadsheet,Work,2025-02-01 12:58:00,33.6,Yes,Saturday,12
684,1039,Client report,Work,2025-04-08 08:17:00,2.2,Yes,Tuesday,8
685,1021,Team sync prep,Work,2025-03-10 18:55:00,19.7,Yes,Monday,18
686,1019,Budget spreadsheet,Work,2025-01-30 08:44:00,40.8,No,Thursday,8
687,1005,Read chapter,Study,2025-07-01 14:45:00,22.3,Yes,Tuesday,14
688,1017,Client report,Work,2025-05-22 06:07:00,28.0,Yes,Thursday,6
689,1008,Tidy desk,Chores,2025-03-23 18:30:00,24.5,Yes,Sunday,18
690,1045,Team sync prep,Work,2025-03-30 15:36:00,40.3,Yes,Sunday,15
691,1016,Online course module,Study,2025-07-24 22:47:00,30.9,Yes,Thursday,22
692,1037,Practice problems,Study,2025-04-17 15:36:00,33.7,Yes,Thursday,15
693,1001,Online course module,Study,2025-01-30 11:54:00,50.9,Yes,Thursday,11
694,1005,Essay draft,Study,2025-06-18 20:26:00,65.1,No,Wednesday,20
695,1012,Call family,Personal,2025-07-21 08:31:00,17.3,Yes,Monday,8
696,1000,Walk,Health,2025-04-30 08:34:00,42.8,Yes,Wednesday,8
697,1033,Online course module,Study,2025-06-14 19:03:00,15.6,Yes,Saturday,19
698,1012,Read chapter,Study,2025-01-06 22:46:00,55.7,Yes,Monday,22
699,1025,Pharmacy pickup,Errands,2025-01-20 14:28:00,29.7,Yes,Monday,14
700,1021,Code review,Work,2025-05-22 09:24:00,11.1,Yes,Thursday,9
701,1011,Walk,Health,2025-01-09 08:25:00,7.3,Yes,Thursday,8
702,1021,Meditation,Health,2025-05-23 13:38:00,28.4,Yes,Friday,13
703,1043,Online course module,Study,2025-06-05 09:57:00,13.6,Yes,Thursday,9
704,1045,Dishes,Uncategorized,2025-04-27 22:23:00,50.0,No,Sunday,22
705,1006,Code review,Work,2025-06-06 07:30:00,80.9,Yes,Friday,7
706,1020,Email cleanup,Work,2025-04-16 21:07:00,26.2,Yes,Wednesday,21
707,1045,Grocery shopping,Chore,2025-03-27 17:16:00,8.3,Yes,Thursday,17
708,1008,Sprint planning notes,Work,2025-05-09 11:22:00,93.7,Yes,Friday,11
709,1006,Online course module,Study,2025-04-01 20:42:00,7.3,Yes,Tuesday,20
710,1048,Practice problems,Study,2025-01-18 09:01:00,59.9,Yes,Saturday,9
711,1001,Walk,Uncategorized,2025-01-23 21:16:00,28.6,Yes,Thursday,21
712,1014,Meditation,Uncategorized,2025-05-19 15:26:00,59.4,No,Monday,15
713,1047,Meal prep,Health,2025-06-12 16:49:00,59.4,Yes,Thursday,16
714,1011,Tidy desk,Chores,2025-03-02 12:14:00,9.0,Yes,Sunday,12
715,1042,Tidy desk,Chores,2025-06-12 19:43:00,59.9,Yes,Thursday,19
716,1017,Vacuuming,Chores,2025-07-21 14:02:00,46.0,Yes,Monday,14
717,1048,Budget spreadsheet,Work,2025-01-19 18:43:00,93.8,Yes,Sunday,18
718,1021,Email cleanup,Work,2025-03-12 17:38:00,48.5,Yes,Wednesday,17
719,1020,Walk,Health,2025-03-21 10:02:00,31.9,Yes,Friday,10
720,1042,Sprint planning notes,Work,2025-04-08 06:18:00,37.1,Yes,Tuesday,6
721,1022,Client report,Work,2025-01-05 14:51:00,39.3,Yes,Sunday,14
722,1009,Code review,Work,2025-05-14 10:50:00,91.5,Yes,Wednesday,10
723,1023,Essay draft,Study,2025-07-07 14:09:00,94.4,No,Monday,14
724,1029,Code review,Work,2025-03-26 14:55:00,29.05,Yes,Wednesday,14
725,1021,Budget spreadsheet,Work,2025-04-08 14:21:00,17.0,Yes,Tuesday,14
726,1039,Stretching,Health,2025-05-20 12:29:00,17.1,Yes,Tuesday,12
727,1035,Walk,Health,2025-07-13 07:13:00,18.5,Yes,Sunday,7
728,1042,Grocery shopping,Chore,2025-03-06 18:41:00,41.4,No,Thursday,18
729,1032,Journaling,Personal,2025-02-21 17:57:00,16.0,No,Friday,17
730,1043,Online course module,Study,2025-03-05 22:29:00,18.8,No,Wednesday,22
731,1022,Budget spreadsheet,Work,2025-07-23 15:55:00,69.0,Yes,Wednesday,15
732,1033,Laundry,Uncategorized,2025-05-24 16:59:00,30.799999999999997,Yes,Saturday,16
733,1035,Sprint planning notes,Work,2025-06-24 13:45:00,61.0,Yes,Tuesday,13
734,1013,Budget spreadsheet,Work,2025-02-08 12:39:00,39.6,Yes,Saturday,12
735,1018,Workout,Health,2025-06-25 16:00:00,6.1,Yes,Wednesday,16
736,1029,Essay draft,Study,2025-06-08 20:03:00,70.9,Yes,Sunday,20
737,1030,Dishes,Chores,2025-02-19 13:15:00,24.7,No,Wednesday,13
738,1039,Read for fun,Personal,2025-06-25 10:02:00,85.9,Yes,Wednesday,10
739,1014,Journaling,Personal,2025-01-13 08:28:00,45.3,Yes,Monday,8
740,1025,Journaling,Personal,2025-03-27 19:55:00,21.8,Yes,Thursday,19
741,1044,Code review,Work,2025-05-31 11:06:00,19.7,No,Saturday,11
742,1014,Practice problems,Study,2025-05-03 13:58:00,22.1,Yes,Saturday,13
743,1030,Meal prep,Health,2025-04-05 18:53:00,26.2,Yes,Saturday,18
744,1047,Email cleanup,Work,2025-04-27 15:29:00,9.7,Yes,Sunday,15
745,1009,Meditation,Health,2025-06-01 20:03:00,20.2,Yes,Sunday,20
746,1033,Team sync prep,Work,2025-07-09 22:28:00,5.0,Yes,Wednesday,22
747,1044,Read for fun,Uncategorized,2025-02-18 17:08:00,27.1,Yes,Tuesday,17
748,1011,Email cleanup,Work,2025-04-10 16:31:00,43.6,Yes,Thursday,16
749,1024,Flashcard review,Study,2025-07-29 06:26:00,16.4,Yes,Tuesday,6
750,1011,Stretching,Health,2025-06-13 13:02:00,28.7,No,Friday,13
751,1008,Tidy desk,Chores,2025-04-29 13:22:00,71.7,No,Tuesday,13
752,1005,Car wash,Errands,2025-02-28 20:10:00,41.9,Yes,Friday,20
753,1021,Team sync prep,Work,2025-04-22 21:50:00,67.8,Yes,Tuesday,21
754,1026,Grocery shopping,Chores,2025-04-14 09:36:00,41.2,Yes,Monday,9
755,1030,Team sync prep,Work,2025-01-28 17:25:00,23.1,Yes,Tuesday,17
756,1025,Practice problems,Study,2025-06-06 18:40:00,13.5,Yes,Friday,18
757,1007,Read for fun,Personal,2025-02-08 18:09:00,26.9,No,Saturday,18
758,1040,Email cleanup,Work,2025-07-28 15:31:00,21.0,Yes,Monday,15
759,1040,Post office,Errands,2025-03-24 17:03:00,17.0,Yes,Monday,17
761,1019,Budget spreadsheet,Uncategorized,2025-04-02 13:06:00,25.9,Yes,Wednesday,13
762,1011,Tidy desk,Chores,2025-04-02 08:22:00,45.2,Yes,Wednesday,8
763,1044,Journaling,Personal,2025-01-21 16:34:00,26.6,Yes,Tuesday,16
764,1004,Sprint planning notes,Work,2025-01-03 13:45:00,2.6,Yes,Friday,13
765,1005,Meal prep,Health,2025-01-22 11:39:00,75.6,Yes,Wednesday,11
766,1007,Code review,Work,2025-03-21 07:54:00,18.4,Yes,Friday,7
767,1039,Sprint planning notes,Work,2025-02-14 17:01:00,19.9,No,Friday,17
768,1012,Workout,Health,2025-01-29 15:25:00,81.1,Yes,Wednesday,15
769,1021,Meditation,Health,2025-06-10 22:40:00,28.4,Yes,Tuesday,22
770,1021,Client report,Work,2025-06-19 14:56:00,30.8,Yes,Thursday,14
771,1002,Budget spreadsheet,Work,2025-03-29 06:09:00,13.0,Yes,Saturday,6
772,1016,Read for fun,Personal,2025-04-05 15:47:00,40.2,Yes,Saturday,15
773,1003,Client report,Work,2025-02-21 10:33:00,16.0,Yes,Friday,10
774,1037,Read for fun,Personal,2025-05-11 07:35:00,33.3,Yes,Sunday,7
775,1049,Journaling,Personal,2025-04-30 15:50:00,32.2,Yes,Wednesday,15
776,1006,Email cleanup,Work,2025-01-27 16:19:00,13.1,Yes,Monday,16
777,1015,Flashcard review,Study,2025-06-01 08:24:00,15.4,Yes,Sunday,8
778,1025,Essay draft,Study,2025-03-19 19:09:00,44.3,Yes,Wednesday,19
779,1008,Sprint planning notes,Work,2025-01-16 17:57:00,39.5,Yes,Thursday,17
780,1004,Email cleanup,Work,2025-02-01 13:38:00,48.0,Yes,Saturday,13
781,1001,Journaling,Personal,2025-05-28 16:43:00,16.3,No,Wednesday,16
782,1043,Team sync prep,Uncategorized,2025-03-12 16:35:00,89.1,Yes,Wednesday,16
783,1028,Walk,Health,2025-03-03 11:48:00,29.7,Yes,Monday,11
784,1033,Workout,Health,2025-01-11 11:58:00,40.5,No,Saturday,11
785,1011,Grocery shopping,Chores,2025-05-21 06:05:00,83.9,Yes,Wednesday,6
787,1049,Call family,Personal,2025-04-07 17:50:00,25.9,Yes,Monday,17
788,1031,Meal prep,Health,2025-07-12 13:52:00,49.1,Yes,Saturday,13
789,1044,Stretching,Health,2025-05-10 13:30:00,43.7,Yes,Saturday,13
790,1032,Meal prep,Health,2025-07-09 08:21:00,11.4,Yes,Wednesday,8
792,1035,Walk,Health,2025-03-23 15:56:00,62.1,Yes,Sunday,15
793,1005,Dishes,Chore,2025-02-19 08:26:00,33.5,Yes,Wednesday,8
794,1030,Flashcard review,Study,2025-06-15 08:17:00,23.3,Yes,Sunday,8
795,1035,Workout,Health,2025-05-23 08:42:00,2.6,Yes,Friday,8
796,1001,Tidy desk,Chores,2025-06-30 09:09:00,67.4,No,Monday,9
797,1011,Bank visit,Errands,2025-06-16 17:34:00,56.1,Yes,Monday,17
798,1025,Grocery shopping,Uncategorized,2025-04-06 09:16:00,17.9,Yes,Sunday,9
799,1021,Read chapter,Study,2025-07-28 22:56:00,28.8,Yes,Monday,22
800,1040,Budget spreadsheet,Work,2025-03-20 22:26:00,3.1,Yes,Thursday,22
801,1015,Budget review,Personal,2025-06-14 18:38:00,45.3,Yes,Saturday,18
802,1013,Meditation,Uncategorized,2025-07-18 09:12:00,38.0,No,Friday,9
803,1036,Budget review,Personal,2025-01-20 21:46:00,12.5,Yes,Monday,21
804,1009,Email cleanup,Work,2025-03-13 15:04:00,29.05,Yes,Thursday,15
805,1027,Read for fun,Personal,2025-02-13 06:13:00,9.9,Yes,Thursday,6
806,1007,Call family,Personal,2025-07-03 10:34:00,8.6,No,Thursday,10
807,1033,Grocery shopping,Chores,2025-06-28 07:53:00,34.7,Yes,Saturday,7
808,1008,Essay draft,Study,2025-07-26 16:09:00,6.6,Yes,Saturday,16
809,1005,Online course module,Uncategorized,2025-02-27 19:45:00,73.2,No,Thursday,19
810,1026,Email cleanup,Work,2025-01-19 07:02:00,30.4,Yes,Sunday,7
811,1005,Sprint planning notes,Work,2025-01-21 14:08:00,46.0,Yes,Tuesday,14
812,1030,Budget spreadsheet,Work,2025-03-18 11:39:00,33.1,Yes,Tuesday,11
813,1018,Call family,Personal,2025-03-11 10:52:00,59.5,Yes,Tuesday,10
814,1006,Meal prep,Health,2025-07-11 18:40:00,41.3,Yes,Friday,18
815,1005,Online course module,Study,2025-06-07 20:43:00,33.6,Yes,Saturday,20
816,1002,Workout,Health,2025-03-15 17:56:00,31.9,Yes,Saturday,17
817,1008,Code review,Work,2025-04-12 10:19:00,4.5,Yes,Saturday,10
818,1018,Email cleanup,Work,2025-01-25 13:12:00,28.8,Yes,Saturday,13
819,1030,Email cleanup,Work,2025-04-15 20:33:00,27.4,Yes,Tuesday,20
820,1049,Practice problems,Study,2025-01-24 12:34:00,20.8,Yes,Friday,12
821,1022,Post office,Errands,2025-06-28 09:53:00,8.3,Yes,Saturday,9
822,1045,Essay draft,Study,2025-03-29 17:45:00,18.5,No,Saturday,17
823,1010,Vacuuming,Chores,2025-01-16 14:32:00,71.1,Yes,Thursday,14
824,1037,Practice problems,Study,2025-01-26 07:42:00,25.6,Yes,Sunday,7
825,1048,Meal prep,Health,2025-03-08 14:10:00,15.0,Yes,Saturday,14
826,1021,Workout,Health,2025-07-13 21:09:00,65.3,Yes,Sunday,21
827,1049,Car wash,Errands,2025-03-14 09:37:00,47.3,Yes,Friday,9
828,1001,Flashcard review,Study,2025-06-14 10:27:00,27.3,Yes,Saturday,10
829,1042,Team sync prep,Uncategorized,2025-02-04 20:21:00,53.8,Yes,Tuesday,20
830,1045,Workout,Health,2025-06-27 15:50:00,66.5,Yes,Friday,15
831,1032,Laundry,Chores,2025-06-13 16:42:00,14.3,Yes,Friday,16
832,1019,Budget spreadsheet,Work,2025-03-25 21:42:00,45.7,No,Tuesday,21
833,1015,Dishes,Chores,2025-06-14 09:42:00,22.4,Yes,Saturday,9
834,1014,Read chapter,Study,2025-01-14 11:47:00,16.1,Yes,Tuesday,11
835,1049,Email cleanup,Work,2025-01-07 15:03:00,38.7,Yes,Tuesday,15
836,1029,Laundry,Chores,2025-02-24 10:19:00,29.8,Yes,Monday,10
837,1044,Laundry,Chores,2025-01-06 09:30:00,48.4,No,Monday,9
838,1014,Pharmacy pickup,Errands,2025-01-13 19:45:00,33.2,Yes,Monday,19
839,1010,Client report,Work,2025-06-07 11:13:00,17.7,No,Saturday,11
840,1036,Essay draft,Study,2025-06-28 12:07:00,58.2,Yes,Saturday,12
841,1014,Read chapter,Study,2025-07-24 09:03:00,25.9,Yes,Thursday,9
842,1016,Read chapter,Study,2025-07-12 07:32:00,58.0,Yes,Saturday,7
843,1034,Code review,Work,2025-05-20 12:59:00,23.5,Yes,Tuesday,12
844,1048,Read chapter,Study,2025-02-15 15:15:00,40.3,Yes,Saturday,15
845,1002,Flashcard review,Uncategorized,2025-06-07 15:47:00,90.4,Yes,Saturday,15
846,1039,Team sync prep,Work,2025-02-10 22:45:00,37.0,Yes,Monday,22
847,1049,Sprint planning notes,Work,2025-03-05 12:46:00,32.3,Yes,Wednesday,12
848,1007,Budget review,Personal,2025-07-06 15:34:00,45.2,Yes,Sunday,15
849,1047,Stretching,Health,2025-04-17 13:34:00,28.4,Yes,Thursday,13
850,1025,Pharmacy pickup,Errands,2025-06-06 08:21:00,45.0,Yes,Friday,8
851,1048,Client report,Work,2025-04-19 20:05:00,22.1,Yes,Saturday,20
852,1041,Budget review,Personal,2025-06-16 11:44:00,34.2,Yes,Monday,11
853,1007,Car wash,Errands,2025-07-26 06:14:00,42.7,Yes,Saturday,6
854,1005,Team sync prep,Work,2025-07-11 20:59:00,9.1,Yes,Friday,20
855,1022,Meal prep,Health,2025-01-30 18:16:00,44.3,Yes,Thursday,18
856,1040,Read chapter,Study,2025-07-19 15:01:00,26.9,Yes,Saturday,15
857,1004,Practice problems,Study,2025-03-27 13:00:00,61.3,Yes,Thursday,13
858,1036,Meditation,Health,2025-05-11 21:04:00,70.9,Yes,Sunday,21
859,1041,Laundry,Chores,2025-05-14 10:24:00,29.3,Yes,Wednesday,10
860,1002,Post office,Errands,2025-06-19 10:57:00,51.0,Yes,Thursday,10
861,1047,Journaling,Personal,2025-04-13 21:00:00,28.0,Yes,Sunday,21
863,1049,Team sync prep,Work,2025-06-15 18:37:00,16.4,Yes,Sunday,18
864,1004,Budget spreadsheet,Work,2025-07-26 20:51:00,29.5,No,Saturday,20
865,1025,Bank visit,Errands,2025-04-20 15:10:00,21.5,Yes,Sunday,15
866,1001,Laundry,Chores,2025-04-30 08:17:00,21.7,Yes,Wednesday,8
867,1044,Online course module,Study,2025-04-07 11:16:00,65.7,Yes,Monday,11
868,1014,Client report,Work,2025-01-05 15:07:00,47.9,Yes,Sunday,15
869,1004,Post office,Errands,2025-01-11 10:03:00,5.2,Yes,Saturday,10
870,1003,Flashcard review,Study,2025-07-13 21:45:00,18.3,Yes,Sunday,21
871,1020,Call family,Personal,2025-06-02 09:31:00,48.3,Yes,Monday,9
872,1022,Sprint planning notes,Work,2025-04-04 06:51:00,25.5,Yes,Friday,6
873,1013,Read chapter,Study,2025-02-15 15:53:00,30.5,No,Saturday,15
874,1031,Email cleanup,Work,2025-07-02 16:15:00,35.5,Yes,Wednesday,16
875,1006,Code review,Work,2025-01-10 20:44:00,9.9,Yes,Friday,20
876,1017,Walk,Health,2025-06-06 06:56:00,19.8,Yes,Friday,6
877,1030,Call family,Personal,2025-01-14 06:17:00,20.2,Yes,Tuesday,6
878,1009,Email cleanup,Work,2025-06-29 07:57:00,26.0,Yes,Sunday,7
879,1005,Meal prep,Health,2025-03-06 14:06:00,3.8,No,Thursday,14
880,1019,Budget spreadsheet,Work,2025-04-12 09:40:00,26.2,Yes,Saturday,9
881,1042,Online course module,Study,2025-06-22 17:08:00,13.7,Yes,Sunday,17
882,1008,Workout,Health,2025-02-02 18:59:00,14.1,Yes,Sunday,18
883,1012,Budget spreadsheet,Work,2025-06-10 22:37:00,29.05,No,Tuesday,22
884,1003,Code review,Work,2025-06-25 06:41:00,29.05,Yes,Wednesday,6
885,1013,Essay draft,Study,2025-04-22 06:15:00,23.5,No,Tuesday,6
886,1035,Team sync prep,Work,2025-03-21 15:09:00,14.0,Yes,Friday,15
887,1019,Code review,Work,2025-06-04 11:41:00,27.2,Yes,Wednesday,11
888,1024,Budget spreadsheet,Work,2025-02-20 14:42:00,55.5,No,Thursday,14
890,1006,Sprint planning notes,Work,2025-06-06 19:03:00,63.3,Yes,Friday,19
891,1026,Bank visit,Errands,2025-05-13 12:03:00,39.7,Yes,Tuesday,12
892,1019,Vacuuming,Chores,2025-01-15 07:43:00,25.6,Yes,Wednesday,7
893,1018,Essay draft,Study,2025-06-26 21:10:00,26.1,Yes,Thursday,21
894,1022,Email cleanup,Work,2025-01-28 14:22:00,36.0,Yes,Tuesday,14
895,1000,Call family,Personal,2025-03-08 19:46:00,29.0,Yes,Saturday,19
897,1015,Post office,Errands,2025-01-15 20:38:00,12.4,Yes,Wednesday,20
898,1030,Workout,Health,2025-02-11 20:14:00,5.1,No,Tuesday,20
899,1009,Email cleanup,Work,2025-02-12 08:23:00,58.4,Yes,Wednesday,8
900,1005,Tidy desk,Chore,2025-04-21 14:43:00,82.0,Yes,Monday,14
901,1039,Bank visit,Errands,2025-01-02 16:13:00,16.0,Yes,Thursday,16
902,1024,Email cleanup,Work,2025-02-15 09:46:00,26.6,Yes,Saturday,9
903,1007,Pharmacy pickup,Errands,2025-06-13 13:17:00,41.6,Yes,Friday,13
904,1031,Laundry,Chores,2025-02-23 08:24:00,43.1,Yes,Sunday,8
905,1015,Read chapter,Study,2025-05-04 19:27:00,57.9,Yes,Sunday,19
906,1040,Flashcard review,Study,2025-06-02 20:04:00,29.3,Yes,Monday,20
907,1032,Laundry,Chores,2025-03-09 12:08:00,19.6,Yes,Sunday,12
908,1026,Budget spreadsheet,Work,2025-07-03 17:56:00,20.7,No,Thursday,17
909,1046,Budget spreadsheet,Work,2025-04-27 13:38:00,8.2,Yes,Sunday,13
910,1028,Client report,Work,2025-02-04 12:42:00,18.0,Yes,Tuesday,12
911,1005,Budget spreadsheet,Work,2025-01-15 22:20:00,33.6,No,Wednesday,22
912,1049,Email cleanup,Work,2025-04-21 20:12:00,4.6,No,Monday,20
913,1004,Online course module,Study,2025-04-27 16:42:00,29.6,No,Sunday,16
914,1019,Post office,Errands,2025-03-26 06:49:00,30.4,Yes,Wednesday,6
915,1001,Client report,Work,2025-05-25 19:09:00,16.9,Yes,Sunday,19
916,1038,Call family,Uncategorized,2025-06-05 18:44:00,47.2,Yes,Thursday,18
917,1044,Practice problems,Study,2025-03-28 13:32:00,27.0,Yes,Friday,13
918,1034,Journaling,Personal,2025-07-14 12:52:00,39.9,Yes,Monday,12
919,1043,Client report,Work,2025-06-24 13:15:00,47.9,Yes,Tuesday,13
920,1002,Email cleanup,Work,2025-05-26 19:43:00,29.05,Yes,Monday,19
921,1047,Journaling,Personal,2025-05-05 15:00:00,29.0,Yes,Monday,15
922,1040,Email cleanup,Work,2025-07-17 14:10:00,8.6,Yes,Thursday,14
923,1018,Code review,Work,2025-02-10 15:41:00,52.8,Yes,Monday,15
924,1040,Pharmacy pickup,Errands,2025-04-27 10:46:00,30.9,Yes,Sunday,10
925,1037,Meal prep,Health,2025-04-18 17:20:00,48.8,Yes,Friday,17
926,1038,Sprint planning notes,Work,2025-04-11 07:04:00,29.05,Yes,Friday,7
927,1023,Grocery shopping,Chores,2025-04-17 12:26:00,18.2,Yes,Thursday,12
929,1048,Essay draft,Study,2025-04-22 14:30:00,47.0,Yes,Tuesday,14
930,1044,Stretching,Health,2025-05-19 16:09:00,4.5,Yes,Monday,16
931,1014,Team sync prep,Work,2025-05-01 17:54:00,44.7,Yes,Thursday,17
932,1036,Post office,Errands,2025-03-14 21:42:00,20.3,Yes,Friday,21
933,1017,Budget spreadsheet,Work,2025-01-05 09:20:00,14.9,No,Sunday,9
934,1038,Meal prep,Health,2025-02-16 19:21:00,10.6,Yes,Sunday,19
935,1018,Journaling,Personal,2025-07-03 18:44:00,16.5,Yes,Thursday,18
936,1022,Vacuuming,Chores,2025-03-24 22:33:00,52.5,Yes,Monday,22
937,1027,Code review,Work,2025-04-24 12:36:00,24.1,Yes,Thursday,12
938,1001,Read for fun,Personal,2025-02-02 17:50:00,8.3,Yes,Sunday,17
939,1023,Vacuuming,Chores,2025-03-30 10:20:00,65.4,Yes,Sunday,10
940,1001,Dishes,Chores,2025-07-22 11:33:00,4.8,No,Tuesday,11
941,1042,Flashcard review,Study,2025-07-09 08:18:00,94.6,Yes,Wednesday,8
942,1049,Sprint planning notes,Work,2025-01-02 06:35:00,45.1,No,Thursday,6
943,1029,Budget spreadsheet,Work,2025-02-26 08:19:00,66.1,Yes,Wednesday,8
944,1018,Journaling,Personal,2025-02-22 20:50:00,39.8,Yes,Saturday,20
945,1049,Tidy desk,Chores,2025-06-04 17:24:00,10.2,Yes,Wednesday,17
946,1011,Code review,Work,2025-06-27 10:01:00,66.0,Yes,Friday,10
947,1019,Practice problems,Study,2025-05-09 11:50:00,9.6,Yes,Friday,11
948,1045,Car wash,Errands,2025-03-29 07:59:00,60.1,Yes,Saturday,7
949,1037,Read chapter,Study,2025-06-26 20:54:00,32.2,Yes,Thursday,20
950,1037,Practice problems,Study,2025-05-14 08:42:00,47.9,Yes,Wednesday,8
951,1026,Tidy desk,Chores,2025-03-26 10:00:00,43.1,Yes,Wednesday,10
952,1001,Sprint planning notes,Work,2025-05-19 17:25:00,52.0,Yes,Monday,17
953,1009,Code review,Work,2025-02-04 14:24:00,29.5,Yes,Tuesday,14
954,1045,Essay draft,Study,2025-06-16 16:50:00,45.1,Yes,Monday,16
955,1031,Meditation,Health,2025-05-21 20:12:00,8.6,Yes,Wednesday,20
956,1018,Grocery shopping,Chores,2025-05-24 06:48:00,11.2,Yes,Saturday,6
957,1020,Budget spreadsheet,Work,2025-05-03 17:05:00,21.6,Yes,Saturday,17
958,1001,Car wash,Errands,2025-04-16 20:16:00,6.0,Yes,Wednesday,20
960,1046,Read for fun,Personal,2025-03-21 13:45:00,7.5,Yes,Friday,13
961,1015,Flashcard review,Study,2025-06-30 10:43:00,43.9,Yes,Monday,10
962,1012,Read for fun,Personal,2025-07-15 14:10:00,30.1,Yes,Tuesday,14
963,1011,Read chapter,Study,2025-06-25 15:31:00,21.4,No,Wednesday,15
964,1003,Sprint planning notes,Work,2025-03-21 13:42:00,12.2,Yes,Friday,13
965,1007,Budget spreadsheet,Work,2025-07-25 12:31:00,31.3,Yes,Friday,12
966,1030,Practice problems,Study,2025-06-20 21:59:00,21.2,Yes,Friday,21
967,1014,Essay draft,Study,2025-02-26 21:46:00,56.9,No,Wednesday,21
969,1021,Sprint planning notes,Uncategorized,2025-02-27 21:50:00,30.799999999999997,Yes,Thursday,21
970,1048,Code review,Work,2025-01-03 13:32:00,29.6,Yes,Friday,13
971,1025,Email cleanup,Work,2025-02-24 17:28:00,19.4,Yes,Monday,17
972,1001,Read chapter,Study,2025-04-18 14:24:00,41.3,Yes,Friday,14
973,1042,Workout,Health,2025-02-22 14:19:00,41.4,Yes,Saturday,14
974,1031,Dishes,Chore,2025-02-21 09:13:00,21.3,Yes,Friday,9
975,1031,Team sync prep,Work,2025-06-17 16:55:00,37.6,Yes,Tuesday,16
976,1007,Dishes,Chores,2025-06-17 21:01:00,29.8,Yes,Tuesday,21
977,1029,Email cleanup,Work,2025-05-03 17:06:00,37.7,Yes,Saturday,17
978,1022,Call family,Personal,2025-06-21 18:01:00,63.3,Yes,Saturday,18
980,1027,Read chapter,Study,2025-03-29 09:05:00,6.4,No,Saturday,9
981,1023,Client report,Work,2025-01-04 15:01:00,27.1,Yes,Saturday,15
982,1001,Grocery shopping,Chores,2025-02-25 19:54:00,38.8,Yes,Tuesday,19
984,1009,Code review,Work,2025-07-20 19:51:00,29.05,Yes,Sunday,19
985,1024,Stretching,Health,2025-06-30 17:39:00,27.5,No,Monday,17
987,1019,Stretching,Health,2025-03-25 08:59:00,29.9,Yes,Tuesday,8
988,1017,Grocery shopping,Chores,2025-03-13 17:47:00,43.8,No,Thursday,17
989,1047,Team sync prep,Work,2025-02-12 07:19:00,21.7,Yes,Wednesday,7
990,1016,Budget spreadsheet,Work,2025-01-30 16:08:00,40.8,Yes,Thursday,16
992,1046,Pharmacy pickup,Errands,2025-05-14 07:45:00,23.9,Yes,Wednesday,7
993,1048,Vacuuming,Chores,2025-04-03 20:00:00,29.8,Yes,Thursday,20
994,1016,Walk,Health,2025-03-02 14:55:00,25.9,Yes,Sunday,14
995,1008,Tidy desk,Chores,2025-05-30 16:03:00,3.4,No,Friday,16
996,1001,Meal prep,Health,2025-04-04 14:51:00,15.1,Yes,Friday,14
997,1047,Code review,Work,2025-06-22 18:49:00,10.0,Yes,Sunday,18
998,1011,Tidy desk,Chore,2025-01-11 15:32:00,28.8,Yes,Saturday,15
999,1034,Flashcard review,Study,2025-06-14 11:00:00,84.9,Yes,Saturday,11
1000,1033,Dishes,Chores,2025-06-19 08:01:00,34.3,Yes,Thursday,8
1001,1021,Vacuuming,Chores,2025-05-23 08:24:00,9.8,Yes,Friday,8
1002,1013,Laundry,Chores,2025-04-18 12:55:00,16.8,Yes,Friday,12
1003,1038,Budget spreadsheet,Work,2025-07-05 13:22:00,34.4,Yes,Saturday,13
1004,1049,Online course module,Study,2025-01-27 18:46:00,36.5,Yes,Monday,18
1005,1031,Post office,Errands,2025-07-07 06:39:00,20.3,Yes,Monday,6
1006,1042,Meditation,Health,2025-06-06 22:45:00,26.2,Yes,Friday,22
1007,1015,Post office,Errands,2025-07-05 14:39:00,26.3,Yes,Saturday,14
1008,1018,Team sync prep,Work,2025-06-23 21:09:00,25.5,Yes,Monday,21
1010,1043,Stretching,Health,2025-06-08 21:54:00,32.7,Yes,Sunday,21
1011,1047,Call family,Personal,2025-05-09 21:11:00,35.3,Yes,Friday,21
1012,1018,Essay draft,Study,2025-01-02 06:30:00,5.8,Yes,Thursday,6
1013,1037,Stretching,Health,2025-07-15 10:02:00,61.8,Yes,Tuesday,10
1014,1034,Stretching,Health,2025-07-29 11:42:00,40.0,Yes,Tuesday,11
1015,1039,Journaling,Personal,2025-06-24 09:44:00,10.7,Yes,Tuesday,9
1016,1043,Meditation,Health,2025-03-07 15:40:00,38.5,Yes,Friday,15
1017,1022,Online course module,Study,2025-06-30 11:11:00,25.0,Yes,Monday,11
1018,1019,Call family,Personal,2025-06-02 11:13:00,27.8,Yes,Monday,11
1019,1008,Essay draft,Study,2025-05-26 21:44:00,43.3,Yes,Monday,21
1020,1014,Meal prep,Health,2025-05-24 09:59:00,24.1,Yes,Saturday,9
1021,1030,Meditation,Health,2025-07-28 20:36:00,25.3,No,Monday,20
1022,1031,Flashcard review,Study,2025-02-09 10:34:00,36.8,Yes,Sunday,10
1023,1015,Read for fun,Personal,2025-04-10 19:15:00,37.0,Yes,Thursday,19
1024,1008,Sprint planning notes,Work,2025-07-13 22:10:00,29.05,Yes,Sunday,22
1025,1014,Flashcard review,Study,2025-06-21 07:10:00,29.6,Yes,Saturday,7
1026,1045,Tidy desk,Chore,2025-02-27 19:09:00,31.7,Yes,Thursday,19
1027,1049,Walk,Health,2025-04-24 15:09:00,42.6,Yes,Thursday,15
1028,1026,Read for fun,Personal,2025-06-04 06:47:00,14.8,Yes,Wednesday,6
1029,1020,Budget spreadsheet,Work,2025-06-11 15:41:00,77.1,Yes,Wednesday,15
1030,1042,Code review,Work,2025-07-16 15:48:00,46.7,Yes,Wednesday,15
1031,1042,Team sync prep,Work,2025-06-04 09:19:00,13.0,Yes,Wednesday,9
1032,1030,Code review,Work,2025-04-29 09:34:00,44.0,Yes,Tuesday,9
1033,1030,Email cleanup,Work,2025-05-31 09:50:00,14.9,Yes,Saturday,9
1034,1020,Code review,Work,2025-03-13 13:15:00,21.6,Yes,Thursday,13
1035,1029,Essay draft,Study,2025-06-16 20:12:00,13.1,Yes,Monday,20
1036,1001,Team sync prep,Work,2025-04-20 20:23:00,56.3,No,Sunday,20
1037,1047,Stretching,Health,2025-04-10 12:33:00,16.9,Yes,Thursday,12
1038,1033,Online course module,Uncategorized,2025-01-12 11:54:00,47.8,Yes,Sunday,11
1039,1020,Tidy desk,Chores,2025-05-07 17:32:00,34.3,Yes,Wednesday,17
1040,1037,Essay draft,Study,2025-07-27 13:28:00,28.3,Yes,Sunday,13
1041,1028,Walk,Health,2025-04-23 18:52:00,18.6,Yes,Wednesday,18
1042,1021,Tidy desk,Chores,2025-03-10 19:04:00,26.8,Yes,Monday,19
1043,1043,Email cleanup,Work,2025-02-02 15:50:00,20.1,Yes,Sunday,15
1044,1011,Call family,Personal,2025-01-06 08:11:00,35.6,Yes,Monday,8
1045,1010,Online course module,Study,2025-05-20 12:50:00,29.6,No,Tuesday,12
1046,1008,Walk,Health,2025-01-20 12:29:00,19.3,Yes,Monday,12
1047,1018,Team sync prep,Work,2025-07-12 15:35:00,18.2,Yes,Saturday,15
1048,1000,Walk,Health,2025-01-20 12:41:00,90.8,Yes,Monday,12
1049,1021,Laundry,Chores,2025-02-26 21:58:00,8.3,Yes,Wednesday,21
1050,1029,Grocery shopping,Chores,2025-03-15 16:29:00,19.4,Yes,Saturday,16
1051,1004,Code review,Work,2025-02-06 13:43:00,12.2,Yes,Thursday,13
1052,1041,Tidy desk,Chores,2025-03-14 10:01:00,33.0,Yes,Friday,10
1053,1023,Meal prep,Health,2025-01-20 10:32:00,12.6,Yes,Monday,10
1054,1041,Essay draft,Study,2025-04-20 15:48:00,67.4,Yes,Sunday,15
1055,1045,Team sync prep,Work,2025-01-07 13:50:00,31.4,Yes,Tuesday,13
1056,1017,Code review,Work,2025-03-01 16:55:00,56.4,Yes,Saturday,16
1058,1037,Call family,Personal,2025-01-05 13:07:00,19.1,Yes,Sunday,13
1059,1037,Read for fun,Personal,2025-01-19 13:16:00,73.5,No,Sunday,13
1060,1049,Team sync prep,Work,2025-01-22 08:17:00,33.4,Yes,Wednesday,8
1061,1001,Practice problems,Study,2025-01-15 13:15:00,29.6,Yes,Wednesday,13
1062,1004,Grocery shopping,Chores,2025-03-09 18:32:00,23.4,Yes,Sunday,18
1063,1004,Budget spreadsheet,Work,2025-01-30 07:51:00,93.8,Yes,Thursday,7
1064,1016,Workout,Health,2025-01-19 17:26:00,6.4,Yes,Sunday,17
1065,1017,Code review,Work,2025-06-02 13:28:00,41.4,Yes,Monday,13
1066,1002,Sprint planning notes,Work,2025-03-19 16:49:00,34.9,Yes,Wednesday,16
1067,1046,Post office,Errands,2025-05-26 17:41:00,42.5,Yes,Monday,17
1068,1016,Budget spreadsheet,Work,2025-04-13 06:17:00,5.1,Yes,Sunday,6
1069,1034,Stretching,Health,2025-05-18 18:39:00,19.4,Yes,Sunday,18
1070,1031,Client report,Work,2025-03-27 07:07:00,62.3,Yes,Thursday,7
1071,1036,Code review,Work,2025-06-18 09:35:00,34.3,Yes,Wednesday,9
1072,1034,Read chapter,Study,2025-02-05 17:01:00,20.4,Yes,Wednesday,17
1073,1026,Read chapter,Study,2025-06-01 06:20:00,52.1,Yes,Sunday,6
1074,1021,Walk,Health,2025-06-18 19:58:00,38.4,Yes,Wednesday,19
1075,1008,Code review,Work,2025-01-17 06:26:00,66.5,Yes,Friday,6
1076,1023,Essay draft,Study,2025-04-05 09:34:00,21.2,Yes,Saturday,9
1077,1005,Email cleanup,Work,2025-05-04 07:47:00,22.8,Yes,Sunday,7
1078,1046,Budget spreadsheet,Work,2025-01-13 14:10:00,49.2,Yes,Monday,14
1079,1019,Online course module,Study,2025-06-23 20:55:00,29.6,Yes,Monday,20
1080,1023,Car wash,Errands,2025-01-08 22:35:00,57.1,Yes,Wednesday,22
1081,1026,Meditation,Health,2025-06-16 08:32:00,18.2,Yes,Monday,8
1082,1027,Client report,Work,2025-03-16 09:44:00,15.0,Yes,Sunday,9
1083,1034,Walk,Health,2025-07-19 18:08:00,29.9,Yes,Saturday,18
1084,1034,Car wash,Errands,2025-01-12 07:26:00,30.9,Yes,Sunday,7
1085,1017,Call family,Personal,2025-06-01 14:27:00,57.7,Yes,Sunday,14
1086,1020,Budget review,Personal,2025-03-01 22:10:00,31.7,Yes,Saturday,22
1087,1047,Budget review,Personal,2025-06-25 06:34:00,46.6,Yes,Wednesday,6
1088,1033,Bank visit,Errands,2025-03-21 09:39:00,22.1,Yes,Friday,9
1089,1010,Read chapter,Uncategorized,2025-06-09 16:25:00,9.9,Yes,Monday,16
1090,1047,Grocery shopping,Chores,2025-03-13 15:27:00,23.9,Yes,Thursday,15
1091,1049,Email cleanup,Work,2025-02-15 18:53:00,24.7,Yes,Saturday,18
1092,1002,Vacuuming,Chores,2025-01-19 20:43:00,22.5,No,Sunday,20
1093,1023,Sprint planning notes,Work,2025-01-12 08:32:00,37.1,Yes,Sunday,8
1094,1042,Code review,Work,2025-06-01 22:35:00,12.8,Yes,Sunday,22
1095,1038,Email cleanup,Work,2025-03-27 12:35:00,18.8,Yes,Thursday,12
1096,1043,Read chapter,Study,2025-03-28 06:18:00,27.5,Yes,Friday,6
1097,1041,Budget spreadsheet,Work,2025-03-13 19:30:00,38.6,No,Thursday,19
1098,1021,Read for fun,Personal,2025-01-09 22:06:00,12.0,Yes,Thursday,22
1099,1004,Laundry,Chores,2025-02-16 16:00:00,55.9,Yes,Sunday,16
1100,1030,Read chapter,Study,2025-04-22 06:17:00,12.1,Yes,Tuesday,6
1101,1033,Sprint planning notes,Work,2025-01-07 15:14:00,34.6,Yes,Tuesday,15
1102,1036,Budget spreadsheet,Uncategorized,2025-07-22 14:02:00,3.7,Yes,Tuesday,14
1103,1002,Flashcard review,Study,2025-06-11 18:51:00,44.3,Yes,Wednesday,18
1104,1048,Meal prep,Health,2025-04-06 17:17:00,14.5,Yes,Sunday,17
1105,1002,Read for fun,Personal,2025-06-03 16:56:00,22.2,Yes,Tuesday,16
1106,1010,Meditation,Health,2025-01-26 13:46:00,26.8,Yes,Sunday,13
1107,1001,Meal prep,Health,2025-04-26 07:37:00,8.1,Yes,Saturday,7
1108,1042,Pharmacy pickup,Errands,2025-01-08 17:32:00,58.4,Yes,Wednesday,17
1109,1010,Workout,Health,2025-01-19 16:05:00,26.3,Yes,Sunday,16
1110,1002,Code review,Work,2025-07-06 16:06:00,65.0,Yes,Sunday,16
1111,1016,Essay draft,Study,2025-04-09 09:13:00,10.0,No,Wednesday,9
1112,1001,Dishes,Uncategorized,2025-07-16 10:22:00,36.2,Yes,Wednesday,10
1113,1046,Email cleanup,Work,2025-06-17 11:46:00,23.0,Yes,Tuesday,11
1114,1037,Online course module,Study,2025-04-30 14:02:00,11.6,Yes,Wednesday,14
1115,1004,Flashcard review,Study,2025-07-04 11:10:00,65.2,Yes,Friday,11
1116,1025,Read for fun,Personal,2025-06-27 20:40:00,37.3,Yes,Friday,20
1117,1018,Post office,Errands,2025-07-07 08:44:00,42.0,Yes,Monday,8
1118,1000,Laundry,Chores,2025-03-19 20:55:00,28.7,Yes,Wednesday,20
1119,1020,Essay draft,Study,2025-02-28 19:56:00,15.5,Yes,Friday,19
1120,1002,Vacuuming,Chore,2025-04-24 17:58:00,9.9,Yes,Thursday,17
1121,1047,Bank visit,Errand,2025-07-07 10:21:00,45.3,Yes,Monday,10
1122,1037,Budget spreadsheet,Work,2025-02-06 10:06:00,22.9,Yes,Thursday,10
1123,1020,Meditation,Health,2025-03-01 11:23:00,44.8,Yes,Saturday,11
1124,1004,Read chapter,Study,2025-03-02 11:49:00,36.7,Yes,Sunday,11
1125,1023,Team sync prep,Work,2025-04-22 08:17:00,15.2,Yes,Tuesday,8
1126,1032,Client report,Work,2025-04-11 13:32:00,39.0,Yes,Friday,13
1127,1011,Online course module,Study,2025-07-21 13:34:00,19.9,Yes,Monday,13
1128,1029,Dishes,Chores,2025-04-17 06:06:00,40.7,Yes,Thursday,6
1129,1015,Workout,Health,2025-01-27 10:53:00,54.1,No,Monday,10
1131,1000,Vacuuming,Chores,2025-05-31 11:35:00,22.2,No,Saturday,11
1132,1028,Walk,Health,2025-02-14 19:21:00,24.9,Yes,Friday,19
1133,1022,Laundry,Chores,2025-07-14 18:22:00,22.5,Yes,Monday,18
1134,1006,Laundry,Chores,2025-02-25 18:19:00,41.5,No,Tuesday,18
1135,1026,Sprint planning notes,Work,2025-01-09 22:12:00,5.1,No,Thursday,22
1136,1037,Read for fun,Personal,2025-04-01 20:29:00,36.0,Yes,Tuesday,20
1137,1025,Email cleanup,Work,2025-04-29 15:14:00,50.0,Yes,Tuesday,15
1138,1044,Stretching,Health,2025-03-26 16:27:00,88.1,Yes,Wednesday,16
1139,1022,Email cleanup,Work,2025-01-20 10:45:00,66.7,Yes,Monday,10
1140,1024,Practice problems,Study,2025-02-10 19:18:00,29.6,Yes,Monday,19
1141,1000,Practice problems,Study,2025-04-16 09:44:00,24.9,Yes,Wednesday,9
1142,1013,Workout,Health,2025-01-27 13:04:00,42.3,Yes,Monday,13
1143,1003,Team sync prep,Work,2025-04-01 07:06:00,43.8,Yes,Tuesday,7
1144,1022,Post office,Errands,2025-03-07 15:40:00,43.1,No,Friday,15
1145,1013,Practice problems,Study,2025-01-27 14:08:00,33.3,No,Monday,14
1146,1032,Client report,Work,2025-02-09 09:19:00,53.1,Yes,Sunday,9
1147,1001,Dishes,Chores,2025-04-21 07:48:00,64.7,Yes,Monday,7
1148,1025,Car wash,Errands,2025-03-25 19:18:00,22.2,Yes,Tuesday,19
1149,1011,Email cleanup,Work,2025-06-28 17:34:00,29.05,Yes,Saturday,17
1150,1040,Team sync prep,Work,2025-05-20 07:56:00,5.6,Yes,Tuesday,7
1151,1012,Online course module,Study,2025-02-04 14:07:00,43.6,Yes,Tuesday,14
1152,1005,Sprint planning notes,Work,2025-01-14 21:49:00,11.5,Yes,Tuesday,21
1153,1003,Online course module,Study,2025-04-03 07:49:00,37.7,No,Thursday,7
1154,1003,Meditation,Health,2025-05-29 18:23:00,22.3,Yes,Thursday,18
1155,1021,Practice problems,Study,2025-01-20 16:33:00,48.9,Yes,Monday,16
1156,1002,Essay draft,Study,2025-04-08 17:56:00,42.8,Yes,Tuesday,17
1157,1020,Team sync prep,Work,2025-06-06 22:33:00,50.1,Yes,Friday,22
1158,1030,Budget review,Personal,2025-04-18 17:23:00,24.0,Yes,Friday,17
1159,1006,Journaling,Personal,2025-02-24 13:30:00,13.9,Yes,Monday,13
1160,1016,Meditation,Health,2025-03-11 06:34:00,15.0,Yes,Tuesday,6
1161,1013,Essay draft,Uncategorized,2025-03-10 12:47:00,6.6,Yes,Monday,12
1162,1029,Walk,Health,2025-03-05 21:42:00,28.4,Yes,Wednesday,21
1163,1022,Practice problems,Uncategorized,2025-05-28 17:02:00,30.799999999999997,Yes,Wednesday,17
1164,1039,Call family,Personal,2025-03-11 15:28:00,10.4,Yes,Tuesday,15
1165,1014,Workout,Health,2025-02-02 18:59:00,14.4,No,Sunday,18
1166,1005,Sprint planning notes,Uncategorized,2025-07-05 06:30:00,48.8,Yes,Saturday,6
1167,1033,Car wash,Errands,2025-03-02 21:46:00,49.5,Yes,Sunday,21
1168,1000,Read chapter,Study,2025-07-28 17:35:00,17.0,Yes,Monday,17
1169,1028,Practice problems,Study,2025-07-14 21:33:00,47.3,Yes,Monday,21
1170,1028,Meditation,Uncategorized,2025-04-08 08:59:00,18.0,Yes,Tuesday,8
1171,1028,Meal prep,Health,2025-06-26 12:37:00,19.8,Yes,Thursday,12
1172,1027,Tidy desk,Chores,2025-07-25 08:10:00,47.1,Yes,Friday,8
1174,1021,Call family,Personal,2025-04-22 17:46:00,33.2,Yes,Tuesday,17
1175,1016,Laundry,Uncategorized,2025-07-04 11:14:00,16.4,Yes,Friday,11
1176,1039,Flashcard review,Study,2025-06-05 22:26:00,19.3,Yes,Thursday,22
1177,1022,Budget review,Personal,2025-07-14 15:31:00,31.1,Yes,Monday,15
1178,1020,Online course module,Study,2025-05-29 08:31:00,16.9,Yes,Thursday,8
1179,1012,Meal prep,Health,2025-02-13 19:13:00,36.0,Yes,Thursday,19
1180,1013,Essay draft,Study,2025-07-27 18:14:00,90.5,Yes,Sunday,18
1181,1032,Vacuuming,Chores,2025-03-22 14:49:00,79.0,Yes,Saturday,14
1182,1046,Code review,Work,2025-05-24 14:22:00,40.7,Yes,Saturday,14
1183,1030,Grocery shopping,Chores,2025-06-21 06:37:00,17.4,Yes,Saturday,6
1184,1037,Meal prep,Health,2025-04-30 20:16:00,27.4,Yes,Wednesday,20
1185,1032,Practice problems,Study,2025-07-16 20:23:00,32.5,Yes,Wednesday,20
1186,1033,Team sync prep,Work,2025-04-22 07:55:00,23.7,Yes,Tuesday,7
1187,1045,Read for fun,Personal,2025-07-11 17:20:00,26.3,Yes,Friday,17
1188,1021,Bank visit,Errands,2025-03-12 11:50:00,33.7,Yes,Wednesday,11
1189,1033,Laundry,Chores,2025-06-02 22:11:00,34.3,Yes,Monday,22
1190,1045,Tidy desk,Chores,2025-06-15 10:07:00,30.6,Yes,Sunday,10
1191,1044,Budget spreadsheet,Work,2025-04-14 07:07:00,43.4,No,Monday,7
1192,1014,Online course module,Study,2025-03-01 14:13:00,61.8,Yes,Saturday,14
1193,1006,Email cleanup,Work,2025-02-08 17:02:00,29.05,Yes,Saturday,17
1194,1031,Vacuuming,Chores,2025-06-26 14:49:00,19.8,No,Thursday,14
1195,1002,Laundry,Chores,2025-02-25 14:46:00,11.9,Yes,Tuesday,14
1196,1033,Dishes,Chores,2025-03-18 16:16:00,35.5,Yes,Tuesday,16
1197,1015,Pharmacy pickup,Errands,2025-04-09 12:21:00,21.3,Yes,Wednesday,12
1198,1020,Car wash,Errands,2025-03-09 08:11:00,42.3,Yes,Sunday,8
1199,1025,Read chapter,Study,2025-03-12 09:29:00,44.4,Yes,Wednesday,9
1200,1046,Essay draft,Study,2025-06-29 20:31:00,36.3,Yes,Sunday,20
1201,1043,Email cleanup,Work,2025-02-08 10:19:00,12.2,Yes,Saturday,10
1202,1047,Vacuuming,Chores,2025-03-28 19:56:00,17.0,Yes,Friday,19
1203,1010,Budget review,Personal,2025-04-07 07:11:00,3.9,Yes,Monday,7
1204,1032,Budget review,Personal,2025-02-22 14:21:00,30.9,Yes,Saturday,14
1205,1046,Walk,Health,2025-02-02 12:49:00,15.3,Yes,Sunday,12
1206,1013,Client report,Work,2025-01-29 15:25:00,59.9,Yes,Wednesday,15
1207,1014,Bank visit,Errands,2025-05-29 10:42:00,13.1,Yes,Thursday,10
1208,1047,Client report,Work,2025-07-20 19:19:00,21.3,Yes,Sunday,19
1209,1029,Meal prep,Health,2025-07-04 17:33:00,26.6,Yes,Friday,17
1210,1006,Code review,Work,2025-01-02 12:56:00,11.8,Yes,Thursday,12
1211,1013,Pharmacy pickup,Errands,2025-06-03 18:50:00,15.6,Yes,Tuesday,18
1212,1028,Online course module,Study,2025-01-21 06:48:00,40.0,Yes,Tuesday,6
1213,1029,Vacuuming,Chores,2025-01-21 13:54:00,35.0,Yes,Tuesday,13
1214,1021,Stretching,Health,2025-07-16 19:43:00,23.2,Yes,Wednesday,19
1215,1025,Laundry,Chores,2025-01-06 15:46:00,8.3,Yes,Monday,15
1216,1017,Client report,Work,2025-01-23 07:02:00,41.8,Yes,Thursday,7
1217,1013,Team sync prep,Work,2025-04-21 21:39:00,14.5,Yes,Monday,21
1218,1048,Dishes,Chores,2025-03-18 13:28:00,5.2,Yes,Tuesday,13
1219,1044,Car wash,Errands,2025-04-17 13:06:00,54.6,Yes,Thursday,13
1220,1015,Sprint planning notes,Work,2025-03-20 08:01:00,14.3,Yes,Thursday,8
1221,1014,Stretching,Health,2025-06-08 07:43:00,28.6,Yes,Sunday,7
1222,1004,Sprint planning notes,Work,2025-01-28 22:45:00,23.0,Yes,Tuesday,22
1223,1045,Team sync prep,Work,2025-03-06 08:03:00,55.5,Yes,Thursday,8
1224,1028,Read for fun,Personal,2025-01-12 11:17:00,29.0,Yes,Sunday,11
1225,1047,Essay draft,Uncategorized,2025-05-06 10:51:00,73.7,Yes,Tuesday,10
1226,1034,Grocery shopping,Chores,2025-07-03 13:13:00,56.2,Yes,Thursday,13
1227,1009,Budget review,Personal,2025-07-10 11:32:00,24.9,Yes,Thursday,11
1228,1041,Bank visit,Errands,2025-04-18 17:14:00,15.8,Yes,Friday,17
1229,1004,Car wash,Errands,2025-01-31 10:54:00,21.2,Yes,Friday,10
1230,1037,Meal prep,Health,2025-02-25 17:00:00,28.4,Yes,Tuesday,17
1231,1030,Flashcard review,Study,2025-07-14 12:38:00,13.0,Yes,Monday,12
1232,1031,Code review,Work,2025-04-27 19:25:00,95.6,Yes,Sunday,19
1233,1039,Sprint planning notes,Work,2025-04-06 17:21:00,29.05,Yes,Sunday,17
1234,1020,Stretching,Health,2025-03-26 14:18:00,38.2,Yes,Wednesday,14
1235,1040,Email cleanup,Work,2025-03-29 10:42:00,37.6,Yes,Saturday,10
1236,1015,Essay draft,Study,2025-02-15 17:56:00,4.5,Yes,Saturday,17
1237,1037,Budget spreadsheet,Work,2025-05-14 07:58:00,27.8,Yes,Wednesday,7
1238,1027,Grocery shopping,Chore,2025-01-08 14:03:00,27.2,Yes,Wednesday,14
1239,1016,Stretching,Health,2025-01-18 14:54:00,8.3,No,Saturday,14
1240,1032,Flashcard review,Study,2025-03-05 20:28:00,16.0,Yes,Wednesday,20
1242,1040,Call family,Personal,2025-05-09 19:11:00,20.9,Yes,Friday,19
1243,1037,Walk,Health,2025-04-19 22:13:00,36.0,Yes,Saturday,22
1244,1035,Bank visit,Errands,2025-04-05 16:50:00,12.5,Yes,Saturday,16
1246,1014,Pharmacy pickup,Errands,2025-04-14 10:27:00,6.1,Yes,Monday,10
1247,1000,Code review,Work,2025-03-07 17:53:00,39.6,Yes,Friday,17
1249,1044,Dishes,Chores,2025-05-23 07:41:00,10.6,Yes,Friday,7
1250,1014,Code review,Work,2025-05-14 11:50:00,29.5,Yes,Wednesday,11
1251,1017,Read chapter,Study,2025-01-21 11:00:00,60.5,No,Tuesday,11
1252,1034,Team sync prep,Work,2025-05-13 16:13:00,32.1,Yes,Tuesday,16
1253,1012,Laundry,Chores,2025-05-22 08:17:00,38.0,Yes,Thursday,8
1254,1022,Practice problems,Study,2025-06-23 20:44:00,29.6,Yes,Monday,20
1255,1010,Code review,Work,2025-07-11 22:41:00,5.2,Yes,Friday,22
1256,1020,Code review,Work,2025-04-15 22:04:00,49.2,Yes,Tuesday,22
1257,1025,Dishes,Chores,2025-07-05 14:47:00,6.7,Yes,Saturday,14
1258,1030,Sprint planning notes,Work,2025-07-11 21:41:00,36.8,Yes,Friday,21
1259,1039,Dishes,Chores,2025-02-22 21:55:00,67.5,Yes,Saturday,21
1260,1046,Code review,Work,2025-01-31 06:51:00,76.8,No,Friday,6
1261,1008,Team sync prep,Work,2025-01-21 08:24:00,31.2,Yes,Tuesday,8
1262,1044,Code review,Work,2025-04-27 12:15:00,15.0,Yes,Sunday,12
1263,1021,Email cleanup,Work,2025-01-01 13:44:00,27.6,Yes,Wednesday,13
1264,1029,Car wash,Errands,2025-07-21 17:52:00,30.9,Yes,Monday,17
1265,1018,Flashcard review,Study,2025-04-02 17:56:00,38.3,Yes,Wednesday,17
1267,1037,Dishes,Chores,2025-07-20 08:26:00,44.3,Yes,Sunday,8
1268,1020,Tidy desk,Chores,2025-04-04 07:12:00,40.0,Yes,Friday,7
1269,1027,Read chapter,Study,2025-06-10 10:03:00,9.2,Yes,Tuesday,10
1270,1002,Sprint planning notes,Work,2025-02-21 19:36:00,33.8,Yes,Friday,19
1271,1048,Vacuuming,Chores,2025-06-04 20:35:00,48.9,Yes,Wednesday,20
1272,1011,Workout,Health,2025-01-30 17:08:00,33.2,Yes,Thursday,17
1273,1014,Online course module,Study,2025-05-30 10:42:00,40.1,Yes,Friday,10
1274,1014,Pharmacy pickup,Errands,2025-07-23 09:25:00,49.3,Yes,Wednesday,9
1275,1004,Budget spreadsheet,Work,2025-01-19 18:16:00,6.5,Yes,Sunday,18
1276,1013,Walk,Health,2025-03-01 22:44:00,28.4,Yes,Saturday,22
1277,1028,Budget review,Personal,2025-03-26 20:35:00,13.4,No,Wednesday,20
1278,1046,Walk,Uncategorized,2025-05-03 14:41:00,42.4,Yes,Saturday,14
1279,1046,Budget spreadsheet,Work,2025-05-08 20:24:00,55.7,Yes,Thursday,20
1280,1046,Essay draft,Study,2025-03-04 22:18:00,33.0,Yes,Tuesday,22
1281,1039,Sprint planning notes,Work,2025-04-16 14:17:00,41.2,Yes,Wednesday,14
1282,1034,Flashcard review,Study,2025-06-21 12:45:00,9.9,Yes,Saturday,12
1283,1047,Vacuuming,Chores,2025-02-20 07:07:00,27.2,No,Thursday,7
1284,1048,Code review,Work,2025-07-02 08:08:00,38.3,Yes,Wednesday,8
1285,1000,Team sync prep,Work,2025-07-29 14:01:00,23.1,Yes,Tuesday,14
1287,1022,Essay draft,Study,2025-01-01 19:07:00,14.1,Yes,Wednesday,19
1288,1025,Sprint planning notes,Work,2025-05-01 20:56:00,39.5,No,Thursday,20
1289,1047,Essay draft,Study,2025-07-21 18:04:00,4.6,Yes,Monday,18
1290,1042,Budget review,Personal,2025-02-06 06:02:00,16.1,Yes,Thursday,6
1291,1022,Journaling,Personal,2025-06-02 09:59:00,38.2,Yes,Monday,9
1292,1019,Budget spreadsheet,Work,2025-06-27 20:08:00,69.2,Yes,Friday,20
1294,1027,Meal prep,Health,2025-03-01 20:27:00,62.8,Yes,Saturday,20
1295,1027,Walk,Health,2025-01-10 21:38:00,42.6,Yes,Friday,21
1296,1016,Code review,Work,2025-02-13 08:05:00,5.9,No,Thursday,8
1297,1030,Practice problems,Study,2025-01-07 06:47:00,50.4,Yes,Tuesday,6
1298,1035,Email cleanup,Work,2025-05-18 07:54:00,73.7,Yes,Sunday,7
1299,1033,Online course module,Study,2025-04-19 11:57:00,24.2,Yes,Saturday,11
1300,1031,Vacuuming,Chores,2025-01-12 13:01:00,35.3,Yes,Sunday,13
1301,1012,Walk,Health,2025-03-02 11:40:00,28.8,Yes,Sunday,11
1302,1029,Workout,Health,2025-07-15 19:52:00,56.4,Yes,Tuesday,19
1303,1044,Client report,Work,2025-05-15 07:27:00,45.9,Yes,Thursday,7
1304,1005,Read chapter,Study,2025-07-11 14:33:00,8.9,No,Friday,14
1305,1017,Read chapter,Study,2025-07-29 21:03:00,35.1,Yes,Tuesday,21
1306,1035,Sprint planning notes,Work,2025-01-22 14:24:00,8.8,Yes,Wednesday,14
1307,1014,Grocery shopping,Chores,2025-01-30 13:37:00,40.1,Yes,Thursday,13
1308,1004,Stretching,Health,2025-04-10 17:37:00,17.2,Yes,Thursday,17
1309,1039,Team sync prep,Work,2025-05-25 07:38:00,5.4,Yes,Sunday,7
1310,1043,Read chapter,Study,2025-02-10 19:46:00,21.9,Yes,Monday,19
1311,1013,Meal prep,Health,2025-02-28 22:39:00,25.5,Yes,Friday,22
1312,1013,Essay draft,Study,2025-07-11 08:41:00,15.6,Yes,Friday,8
1313,1026,Flashcard review,Study,2025-04-24 07:25:00,21.6,Yes,Thursday,7
1314,1008,Budget spreadsheet,Work,2025-05-28 16:39:00,30.1,Yes,Wednesday,16
1315,1038,Budget review,Personal,2025-03-19 19:26:00,18.6,Yes,Wednesday,19
1316,1005,Flashcard review,Study,2025-04-01 11:10:00,34.3,Yes,Tuesday,11
1317,1001,Practice problems,Study,2025-02-20 21:34:00,41.5,No,Thursday,21
1318,1002,Post office,Errand,2025-05-26 20:40:00,21.8,Yes,Monday,20
1319,1009,Read for fun,Personal,2025-06-13 12:47:00,22.5,No,Friday,12
1320,1001,Read chapter,Study,2025-04-05 14:11:00,32.2,No,Saturday,14
1321,1031,Code review,Work,2025-02-02 18:31:00,23.2,Yes,Sunday,18
1322,1036,Read for fun,Personal,2025-02-21 10:43:00,44.8,Yes,Friday,10
1323,1030,Meal prep,Health,2025-05-30 06:17:00,1.8,Yes,Friday,6
1324,1020,Flashcard review,Study,2025-07-21 17:50:00,21.3,Yes,Monday,17
1325,1033,Tidy desk,Chores,2025-04-25 09:05:00,29.7,Yes,Friday,9
1326,1018,Sprint planning notes,Work,2025-07-27 06:54:00,10.4,Yes,Sunday,6
1327,1021,Read chapter,Study,2025-07-27 18:13:00,27.0,Yes,Sunday,18
1328,1025,Flashcard review,Study,2025-06-05 22:36:00,29.6,Yes,Thursday,22
1329,1032,Walk,Health,2025-03-19 12:43:00,24.6,Yes,Wednesday,12
1330,1011,Team sync prep,Work,2025-07-09 10:49:00,26.8,No,Wednesday,10
1331,1015,Practice problems,Study,2025-01-07 07:13:00,11.2,Yes,Tuesday,7
1332,1021,Bank visit,Errands,2025-02-09 09:40:00,38.0,Yes,Sunday,9
1333,1004,Email cleanup,Work,2025-04-23 16:03:00,26.8,Yes,Wednesday,16
1334,1029,Bank visit,Uncategorized,2025-02-27 16:12:00,11.2,Yes,Thursday,16
1335,1035,Meal prep,Health,2025-01-01 11:44:00,16.3,Yes,Wednesday,11
1336,1011,Grocery shopping,Chores,2025-07-09 16:45:00,86.4,Yes,Wednesday,16
1337,1024,Budget review,Personal,2025-04-28 12:02:00,87.0,No,Monday,12
1338,1034,Meditation,Health,2025-06-15 11:44:00,2.6,Yes,Sunday,11
1339,1000,Laundry,Chores,2025-01-08 21:22:00,33.5,Yes,Wednesday,21
1340,1043,Vacuuming,Chores,2025-04-16 11:03:00,31.6,Yes,Wednesday,11
1341,1040,Sprint planning notes,Work,2025-06-05 20:58:00,29.05,Yes,Thursday,20
1342,1049,Vacuuming,Chores,2025-01-26 15:14:00,5.4,Yes,Sunday,15
1343,1001,Essay draft,Study,2025-02-04 19:41:00,4.2,Yes,Tuesday,19
1344,1020,Meditation,Health,2025-07-20 21:39:00,61.9,Yes,Sunday,21
1345,1003,Stretching,Health,2025-06-12 09:43:00,48.3,Yes,Thursday,9
1346,1041,Client report,Work,2025-02-12 08:00:00,12.8,Yes,Wednesday,8
1348,1035,Client report,Work,2025-06-10 20:56:00,19.8,Yes,Tuesday,20
1349,1013,Tidy desk,Chores,2025-02-27 12:56:00,16.6,No,Thursday,12
1350,1022,Budget spreadsheet,Work,2025-01-19 08:05:00,13.6,No,Sunday,8
1351,1003,Meal prep,Health,2025-03-06 11:28:00,46.6,No,Thursday,11
1352,1046,Stretching,Health,2025-03-21 16:09:00,42.9,Yes,Friday,16
1353,1049,Laundry,Chores,2025-03-05 22:32:00,73.6,Yes,Wednesday,22
1354,1012,Email cleanup,Work,2025-05-10 08:53:00,11.8,Yes,Saturday,8
1355,1034,Code review,Work,2025-05-10 19:31:00,79.2,Yes,Saturday,19
1356,1020,Car wash,Errands,2025-01-26 21:15:00,40.2,Yes,Sunday,21
1357,1020,Team sync prep,Work,2025-04-28 06:42:00,20.5,No,Monday,6
1359,1014,Post office,Errands,2025-07-11 21:17:00,33.5,Yes,Friday,21
1360,1022,Vacuuming,Chores,2025-04-09 15:24:00,75.2,Yes,Wednesday,15
1361,1007,Flashcard review,Study,2025-06-28 17:59:00,51.6,Yes,Saturday,17
1362,1035,Team sync prep,Work,2025-06-27 11:26:00,26.5,Yes,Friday,11
1363,1040,Laundry,Chores,2025-05-21 15:06:00,29.2,Yes,Wednesday,15
1364,1003,Meditation,Health,2025-03-13 21:29:00,57.8,Yes,Thursday,21
1365,1048,Grocery shopping,Chores,2025-03-17 18:38:00,15.4,Yes,Monday,18
1366,1024,Read chapter,Study,2025-03-02 20:59:00,16.8,No,Sunday,20
1367,1038,Online course module,Study,2025-04-22 21:19:00,10.3,Yes,Tuesday,21
1368,1044,Car wash,Errands,2025-02-04 13:43:00,54.9,Yes,Tuesday,13
1369,1045,Client report,Work,2025-04-02 16:05:00,28.5,Yes,Wednesday,16
1370,1022,Team sync prep,Uncategorized,2025-01-17 08:40:00,55.5,Yes,Friday,8
1371,1027,Team sync prep,Work,2025-07-01 15:30:00,1.5,Yes,Tuesday,15
1372,1005,Sprint planning notes,Work,2025-04-16 19:54:00,29.05,No,Wednesday,19
1373,1020,Sprint planning notes,Work,2025-01-24 14:49:00,31.1,Yes,Friday,14
1374,1007,Meditation,Health,2025-01-12 09:01:00,44.4,Yes,Sunday,9
1375,1005,Sprint planning notes,Work,2025-04-15 22:54:00,4.0,Yes,Tuesday,22
1376,1006,Meditation,Health,2025-01-09 08:39:00,38.5,Yes,Thursday,8
1377,1013,Journaling,Personal,2025-02-21 08:26:00,35.0,Yes,Friday,8
1378,1006,Laundry,Chores,2025-03-26 10:52:00,12.2,Yes,Wednesday,10
1379,1040,Grocery shopping,Chores,2025-01-04 13:13:00,29.8,Yes,Saturday,13
1380,1001,Flashcard review,Study,2025-01-28 13:10:00,12.3,Yes,Tuesday,13
1381,1042,Grocery shopping,Chores,2025-05-14 19:50:00,24.3,Yes,Wednesday,19
1382,1012,Flashcard review,Study,2025-03-18 12:43:00,27.2,Yes,Tuesday,12
1383,1005,Code review,Work,2025-05-12 20:54:00,13.0,Yes,Monday,20
1384,1044,Stretching,Health,2025-04-30 09:57:00,31.2,Yes,Wednesday,9
1385,1020,Read for fun,Personal,2025-02-24 20:27:00,21.4,No,Monday,20
1386,1027,Client report,Work,2025-02-04 11:33:00,8.5,Yes,Tuesday,11
1387,1045,Workout,Health,2025-04-29 07:09:00,9.9,Yes,Tuesday,7
1388,1027,Walk,Health,2025-07-21 09:06:00,18.1,No,Monday,9
1389,1021,Team sync prep,Work,2025-01-11 09:09:00,39.5,Yes,Saturday,9
1390,1045,Meditation,Health,2025-03-17 12:03:00,41.0,Yes,Monday,12
1391,1032,Post office,Errands,2025-05-27 19:45:00,13.8,Yes,Tuesday,19
1392,1030,Team sync prep,Work,2025-06-30 10:07:00,29.05,Yes,Monday,10
1393,1039,Workout,Health,2025-04-23 08:30:00,11.3,Yes,Wednesday,8
1394,1016,Stretching,Health,2025-03-12 11:17:00,63.3,Yes,Wednesday,11
1395,1032,Meditation,Health,2025-06-27 18:33:00,40.6,Yes,Friday,18
1396,1018,Post office,Errands,2025-01-16 17:30:00,42.1,Yes,Thursday,17
1397,1024,Flashcard review,Study,2025-07-17 13:58:00,19.9,Yes,Thursday,13
1398,1009,Call family,Personal,2025-06-27 09:02:00,42.1,Yes,Friday,9
1399,1040,Pharmacy pickup,Errands,2025-01-16 19:43:00,40.4,Yes,Thursday,19
1400,1001,Pharmacy pickup,Errands,2025-04-07 13:07:00,40.8,Yes,Monday,13
1401,1017,Meditation,Health,2025-04-16 09:59:00,17.8,Yes,Wednesday,9
1402,1039,Car wash,Errands,2025-07-04 13:37:00,52.1,Yes,Friday,13
1403,1024,Car wash,Errands,2025-07-17 06:23:00,30.9,Yes,Thursday,6
1404,1025,Code review,Work,2025-06-18 19:11:00,70.0,Yes,Wednesday,19
1405,1007,Post office,Errand,2025-02-02 16:20:00,32.5,Yes,Sunday,16
1406,1023,Workout,Health,2025-05-06 16:37:00,9.7,Yes,Tuesday,16
1407,1031,Call family,Uncategorized,2025-05-29 18:38:00,30.799999999999997,Yes,Thursday,18
1408,1001,Email cleanup,Work,2025-05-09 10:27:00,84.6,Yes,Friday,10
1409,1012,Team sync prep,Work,2025-04-11 12:02:00,22.7,Yes,Friday,12
1410,1030,Essay draft,Study,2025-03-30 06:50:00,38.6,Yes,Sunday,6
1411,1002,Code review,Work,2025-03-13 10:16:00,6.5,No,Thursday,10
1412,1014,Workout,Health,2025-07-14 11:21:00,19.7,Yes,Monday,11
1413,1026,Journaling,Personal,2025-02-12 22:29:00,72.9,Yes,Wednesday,22
1414,1022,Budget spreadsheet,Work,2025-05-29 08:07:00,47.5,Yes,Thursday,8
1415,1009,Client report,Work,2025-01-24 06:44:00,23.7,No,Friday,6
1416,1010,Email cleanup,Work,2025-02-02 17:53:00,40.3,Yes,Sunday,17
1417,1000,Budget spreadsheet,Work,2025-01-20 11:05:00,12.7,Yes,Monday,11
1418,1035,Budget spreadsheet,Work,2025-05-18 18:53:00,30.5,Yes,Sunday,18
1419,1004,Code review,Work,2025-03-19 10:45:00,11.8,Yes,Wednesday,10
1420,1044,Tidy desk,Chores,2025-01-25 18:41:00,14.4,Yes,Saturday,18
1421,1002,Meal prep,Health,2025-02-22 08:24:00,55.6,Yes,Saturday,8
1422,1005,Dishes,Chores,2025-01-23 13:44:00,32.5,Yes,Thursday,13
1423,1030,Team sync prep,Work,2025-07-15 08:31:00,52.6,Yes,Tuesday,8
1424,1046,Vacuuming,Chores,2025-02-28 20:20:00,21.0,Yes,Friday,20
1425,1021,Meal prep,Health,2025-05-15 11:17:00,52.7,Yes,Thursday,11
1426,1015,Client report,Work,2025-07-23 12:18:00,40.2,Yes,Wednesday,12
1427,1045,Code review,Work,2025-03-04 14:52:00,29.05,Yes,Tuesday,14
1428,1002,Grocery shopping,Chores,2025-01-06 07:06:00,43.0,Yes,Monday,7
1429,1016,Team sync prep,Work,2025-01-06 14:36:00,29.05,Yes,Monday,14
1430,1011,Dishes,Chores,2025-05-30 13:47:00,50.3,No,Friday,13
1431,1004,Budget spreadsheet,Work,2025-01-15 19:16:00,74.4,Yes,Wednesday,19
1432,1010,Journaling,Personal,2025-01-18 07:30:00,21.3,Yes,Saturday,7
1433,1042,Team sync prep,Work,2025-05-04 20:49:00,60.0,Yes,Sunday,20
1434,1029,Grocery shopping,Chores,2025-04-29 18:53:00,7.2,Yes,Tuesday,18
1435,1044,Stretching,Health,2025-06-09 13:58:00,25.2,Yes,Monday,13
1436,1035,Email cleanup,Work,2025-03-25 09:05:00,72.2,Yes,Tuesday,9
1437,1017,Online course module,Study,2025-07-29 09:15:00,29.6,Yes,Tuesday,9
1438,1032,Budget review,Personal,2025-07-27 07:09:00,8.3,Yes,Sunday,7
1439,1025,Client report,Work,2025-07-22 22:51:00,78.8,Yes,Tuesday,22
1440,1018,Practice problems,Study,2025-05-29 13:03:00,14.4,Yes,Thursday,13
1441,1012,Post office,Errands,2025-05-01 11:15:00,46.4,Yes,Thursday,11
1442,1013,Practice problems,Study,2025-02-22 13:19:00,54.0,Yes,Saturday,13
1443,1006,Dishes,Chores,2025-07-17 21:47:00,69.5,Yes,Thursday,21
1444,1045,Email cleanup,Work,2025-03-01 12:29:00,26.5,No,Saturday,12
1445,1003,Read chapter,Study,2025-07-03 09:44:00,14.5,No,Thursday,9
1446,1001,Code review,Work,2025-05-29 18:28:00,29.05,Yes,Thursday,18
1447,1033,Stretching,Health,2025-07-16 20:50:00,19.6,Yes,Wednesday,20
1448,1032,Email cleanup,Work,2025-05-09 10:25:00,26.9,Yes,Friday,10
1449,1024,Budget review,Personal,2025-07-17 06:36:00,28.9,Yes,Thursday,6
1450,1040,Laundry,Chores,2025-07-20 11:51:00,34.5,Yes,Sunday,11
1451,1012,Grocery shopping,Chores,2025-02-16 18:59:00,7.6,Yes,Sunday,18
1452,1017,Meal prep,Health,2025-03-01 14:16:00,53.1,Yes,Saturday,14
1453,1027,Budget spreadsheet,Work,2025-07-21 19:59:00,9.6,Yes,Monday,19
1454,1043,Grocery shopping,Chores,2025-05-29 20:08:00,22.2,Yes,Thursday,20
1455,1017,Client report,Work,2025-06-26 16:18:00,16.6,Yes,Thursday,16
1456,1018,Meal prep,Health,2025-01-21 06:35:00,37.0,Yes,Tuesday,6
1457,1016,Practice problems,Study,2025-01-30 18:51:00,24.4,Yes,Thursday,18
1458,1015,Read chapter,Study,2025-03-08 19:27:00,23.2,Yes,Saturday,19
1459,1001,Budget spreadsheet,Work,2025-06-26 09:07:00,55.5,Yes,Thursday,9
1460,1017,Email cleanup,Work,2025-04-26 21:58:00,39.8,No,Saturday,21
1461,1023,Flashcard review,Study,2025-01-13 08:30:00,31.5,Yes,Monday,8
1462,1044,Meal prep,Health,2025-02-27 12:04:00,14.6,Yes,Thursday,12
1463,1019,Flashcard review,Study,2025-07-26 06:33:00,29.6,Yes,Saturday,6
1464,1042,Client report,Work,2025-03-03 17:00:00,39.1,Yes,Monday,17
1465,1024,Essay draft,Study,2025-03-21 22:14:00,29.6,Yes,Friday,22
1466,1020,Budget review,Personal,2025-03-13 06:57:00,23.6,Yes,Thursday,6
1467,1020,Laundry,Chores,2025-06-27 13:28:00,63.1,Yes,Friday,13
1468,1006,Sprint planning notes,Work,2025-06-12 10:14:00,39.9,Yes,Thursday,10
1469,1001,Tidy desk,Chores,2025-03-04 08:11:00,12.6,Yes,Tuesday,8
1470,1042,Email cleanup,Work,2025-06-17 19:30:00,32.7,Yes,Tuesday,19
1471,1000,Flashcard review,Study,2025-03-07 18:20:00,50.4,Yes,Friday,18
1472,1033,Read chapter,Study,2025-07-21 08:27:00,47.0,Yes,Monday,8
1473,1018,Budget spreadsheet,Work,2025-07-24 19:01:00,29.05,Yes,Thursday,19
1474,1008,Sprint planning notes,Work,2025-02-09 13:31:00,11.2,Yes,Sunday,13
1475,1030,Car wash,Errands,2025-02-11 13:44:00,24.5,Yes,Tuesday,13
1476,1048,Walk,Health,2025-07-16 11:23:00,7.9,Yes,Wednesday,11
1477,1009,Car wash,Errands,2025-01-23 21:55:00,7.6,Yes,Thursday,21
1478,1018,Client report,Work,2025-03-18 09:19:00,10.8,Yes,Tuesday,9
1479,1008,Code review,Work,2025-03-01 21:52:00,21.2,Yes,Saturday,21
1480,1002,Sprint planning notes,Work,2025-05-10 08:04:00,18.1,Yes,Saturday,8
1481,1036,Dishes,Chores,2025-04-27 19:26:00,76.8,Yes,Sunday,19
1482,1049,Online course module,Study,2025-01-17 18:40:00,53.9,Yes,Friday,18
1483,1039,Code review,Work,2025-07-25 08:28:00,10.5,No,Friday,8
1484,1040,Bank visit,Errands,2025-05-08 10:06:00,1.3,Yes,Thursday,10
1485,1028,Dishes,Chores,2025-03-21 17:30:00,28.2,Yes,Friday,17
1486,1010,Flashcard review,Study,2025-01-31 19:47:00,29.6,Yes,Friday,19
1487,1030,Team sync prep,Work,2025-03-18 13:38:00,29.05,No,Tuesday,13
1488,1031,Workout,Health,2025-05-06 15:02:00,45.4,Yes,Tuesday,15
1489,1012,Read for fun,Personal,2025-07-27 07:40:00,65.4,Yes,Sunday,7
1490,1008,Team sync prep,Work,2025-06-11 13:59:00,19.8,Yes,Wednesday,13
1491,1019,Practice problems,Study,2025-06-24 09:12:00,12.3,Yes,Tuesday,9
1492,1047,Stretching,Health,2025-06-23 17:09:00,32.9,Yes,Monday,17
1493,1017,Meal prep,Health,2025-02-22 11:14:00,24.8,No,Saturday,11
1494,1023,Workout,Health,2025-07-26 14:57:00,58.8,Yes,Saturday,14
1495,1020,Budget spreadsheet,Work,2025-03-22 09:46:00,15.8,Yes,Saturday,9
1496,1022,Grocery shopping,Chores,2025-07-11 11:57:00,4.2,Yes,Friday,11
1497,1017,Client report,Work,2025-06-04 16:59:00,29.05,Yes,Wednesday,16
1498,1006,Code review,Work,2025-05-12 16:47:00,6.8,Yes,Monday,16
1499,1011,Laundry,Chores,2025-02-21 19:09:00,40.1,Yes,Friday,19
1500,1033,Team sync prep,Work,2025-07-26 09:29:00,23.3,Yes,Saturday,9
1501,1006,Read chapter,Study,2025-06-06 11:30:00,43.2,Yes,Friday,11
1502,1036,Post office,Errands,2025-06-10 18:25:00,45.3,Yes,Tuesday,18
1503,1005,Flashcard review,Study,2025-03-26 19:04:00,54.5,Yes,Wednesday,19
1504,1017,Dishes,Chores,2025-05-27 22:28:00,49.1,Yes,Tuesday,22
1505,1030,Read chapter,Study,2025-05-30 17:04:00,81.9,Yes,Friday,17
1506,1018,Read for fun,Personal,2025-02-24 19:40:00,42.1,Yes,Monday,19
1507,1022,Read chapter,Study,2025-01-17 11:40:00,31.2,Yes,Friday,11
1508,1025,Dishes,Chores,2025-02-09 20:05:00,64.6,Yes,Sunday,20
1509,1037,Tidy desk,Chores,2025-06-11 22:10:00,44.4,Yes,Wednesday,22
1510,1011,Online course module,Study,2025-06-02 06:25:00,32.1,Yes,Monday,6
1511,1027,Workout,Health,2025-06-10 15:53:00,12.8,Yes,Tuesday,15
1512,1011,Flashcard review,Study,2025-02-08 18:57:00,46.5,Yes,Saturday,18
1513,1010,Pharmacy pickup,Errands,2025-05-08 20:16:00,39.2,Yes,Thursday,20
1514,1045,Read chapter,Study,2025-07-09 20:34:00,29.6,Yes,Wednesday,20
1515,1043,Read chapter,Study,2025-07-16 16:34:00,29.6,Yes,Wednesday,16
1516,1013,Meal prep,Health,2025-03-21 15:19:00,51.2,Yes,Friday,15
1517,1011,Stretching,Health,2025-05-29 11:00:00,57.5,Yes,Thursday,11
1518,1034,Stretching,Health,2025-06-03 21:58:00,44.1,Yes,Tuesday,21
1519,1020,Walk,Health,2025-06-25 11:42:00,55.2,Yes,Wednesday,11
1520,1016,Journaling,Personal,2025-03-28 09:59:00,36.1,Yes,Friday,9
1521,1028,Read chapter,Study,2025-04-15 15:48:00,4.3,Yes,Tuesday,15
1523,1001,Stretching,Health,2025-02-18 22:33:00,9.9,Yes,Tuesday,22
1524,1039,Read chapter,Study,2025-07-21 08:31:00,19.6,Yes,Monday,8
1525,1017,Online course module,Study,2025-03-13 10:25:00,29.9,Yes,Thursday,10
1526,1008,Grocery shopping,Chores,2025-01-11 17:41:00,66.3,Yes,Saturday,17
1527,1005,Meditation,Health,2025-02-12 07:06:00,39.4,Yes,Wednesday,7
1528,1030,Laundry,Chores,2025-05-28 20:54:00,17.8,Yes,Wednesday,20
1529,1040,Tidy desk,Chores,2025-04-21 06:02:00,67.9,Yes,Monday,6
1530,1001,Email cleanup,Work,2025-03-10 11:35:00,28.6,Yes,Monday,11
1531,1046,Grocery shopping,Chores,2025-06-18 19:34:00,29.8,Yes,Wednesday,19
1532,1031,Vacuuming,Chores,2025-02-25 09:00:00,65.4,Yes,Tuesday,9
1533,1038,Practice problems,Study,2025-07-11 19:35:00,29.6,Yes,Friday,19
1534,1039,Workout,Health,2025-01-31 18:43:00,22.5,Yes,Friday,18
1535,1025,Grocery shopping,Uncategorized,2025-03-09 07:37:00,6.1,Yes,Sunday,7
1536,1018,Budget spreadsheet,Work,2025-05-09 19:54:00,20.0,No,Friday,19
1537,1038,Sprint planning notes,Work,2025-04-27 09:30:00,47.9,Yes,Sunday,9
1538,1028,Online course module,Study,2025-07-08 14:12:00,8.8,Yes,Tuesday,14
1539,1028,Read chapter,Study,2025-06-01 16:36:00,16.8,Yes,Sunday,16
1540,1042,Sprint planning notes,Work,2025-05-22 08:01:00,27.1,Yes,Thursday,8
1541,1036,Email cleanup,Work,2025-06-10 10:38:00,8.8,No,Tuesday,10
1543,1019,Client report,Work,2025-03-08 12:05:00,40.5,Yes,Saturday,12
1544,1001,Essay draft,Study,2025-01-28 09:09:00,26.3,Yes,Tuesday,9
1545,1022,Budget spreadsheet,Work,2025-07-21 20:43:00,42.4,Yes,Monday,20
1546,1005,Meditation,Health,2025-07-29 22:44:00,63.1,No,Tuesday,22
1547,1040,Grocery shopping,Chores,2025-07-21 11:28:00,30.7,No,Monday,11
1548,1039,Email cleanup,Work,2025-06-04 17:31:00,8.9,Yes,Wednesday,17
1549,1044,Tidy desk,Chores,2025-07-13 15:58:00,34.4,Yes,Sunday,15
1550,1042,Read for fun,Personal,2025-06-09 18:05:00,43.0,Yes,Monday,18
1551,1042,Grocery shopping,Chores,2025-04-20 17:51:00,24.4,Yes,Sunday,17
1552,1035,Post office,Errands,2025-03-17 14:19:00,29.6,Yes,Monday,14
1553,1041,Budget spreadsheet,Work,2025-04-02 14:00:00,23.2,Yes,Wednesday,14
1554,1013,Vacuuming,Chores,2025-03-25 06:17:00,30.7,Yes,Tuesday,6
1555,1048,Budget spreadsheet,Work,2025-06-10 18:46:00,28.8,Yes,Tuesday,18
1556,1049,Sprint planning notes,Work,2025-04-05 18:15:00,71.3,Yes,Saturday,18
1557,1029,Budget spreadsheet,Work,2025-02-23 19:22:00,31.7,Yes,Sunday,19
1558,1016,Meditation,Health,2025-05-29 20:52:00,30.0,Yes,Thursday,20
1559,1042,Walk,Health,2025-04-15 14:30:00,19.6,No,Tuesday,14
1560,1020,Flashcard review,Study,2025-01-31 15:43:00,67.0,Yes,Friday,15
1561,1026,Practice problems,Study,2025-04-24 14:20:00,62.1,Yes,Thursday,14
1562,1011,Essay draft,Study,2025-06-01 14:31:00,21.2,Yes,Sunday,14
1563,1049,Grocery shopping,Chores,2025-04-07 16:14:00,91.9,Yes,Monday,16
1564,1024,Grocery shopping,Chores,2025-01-23 22:29:00,21.2,Yes,Thursday,22
1565,1049,Read for fun,Personal,2025-04-24 10:46:00,36.6,Yes,Thursday,10
1566,1012,Read for fun,Personal,2025-06-12 06:17:00,29.0,Yes,Thursday,6
1567,1049,Client report,Work,2025-02-21 14:58:00,50.2,Yes,Friday,14
1568,1040,Budget spreadsheet,Work,2025-03-10 09:25:00,10.8,Yes,Monday,9
1569,1006,Post office,Errands,2025-06-08 21:22:00,42.3,Yes,Sunday,21
1570,1020,Dishes,Chores,2025-02-21 19:57:00,28.8,Yes,Friday,19
1571,1007,Meditation,Health,2025-06-04 08:19:00,12.3,Yes,Wednesday,8
1572,1001,Call family,Personal,2025-05-25 08:22:00,21.3,Yes,Sunday,8
1573,1008,Sprint planning notes,Work,2025-07-21 16:03:00,6.0,Yes,Monday,16
1574,1008,Dishes,Chores,2025-07-17 19:10:00,7.6,Yes,Thursday,19
1575,1030,Meal prep,Health,2025-07-28 11:09:00,39.2,Yes,Monday,11
1576,1005,Pharmacy pickup,Errand,2025-01-26 07:07:00,57.0,Yes,Sunday,7
1577,1007,Code review,Work,2025-01-15 10:38:00,37.0,Yes,Wednesday,10
1578,1005,Client report,Work,2025-06-05 18:05:00,7.2,Yes,Thursday,18
1579,1045,Practice problems,Uncategorized,2025-04-14 06:45:00,52.9,Yes,Monday,6
1580,1013,Sprint planning notes,Work,2025-07-24 18:41:00,18.1,Yes,Thursday,18
1581,1046,Flashcard review,Study,2025-01-01 13:47:00,11.9,Yes,Wednesday,13
1582,1029,Team sync prep,Work,2025-05-17 16:00:00,15.2,Yes,Saturday,16
1583,1025,Flashcard review,Study,2025-03-29 17:21:00,14.0,Yes,Saturday,17
1584,1030,Bank visit,Errands,2025-06-13 10:04:00,30.9,Yes,Friday,10
1585,1022,Grocery shopping,Chores,2025-02-01 12:31:00,26.6,Yes,Saturday,12
1586,1019,Email cleanup,Work,2025-04-07 06:50:00,35.3,Yes,Monday,6
1587,1043,Email cleanup,Work,2025-05-16 07:00:00,62.4,Yes,Friday,7
1588,1020,Vacuuming,Uncategorized,2025-05-28 15:17:00,19.1,Yes,Wednesday,15
1589,1042,Online course module,Study,2025-04-10 22:26:00,26.3,Yes,Thursday,22
1590,1009,Post office,Errands,2025-03-15 11:58:00,34.2,No,Saturday,11
1591,1035,Code review,Work,2025-06-27 19:48:00,26.6,Yes,Friday,19
1592,1014,Dishes,Chores,2025-02-21 17:44:00,22.8,Yes,Friday,17
1593,1031,Pharmacy pickup,Errands,2025-04-16 08:41:00,44.3,No,Wednesday,8
1594,1009,Pharmacy pickup,Errands,2025-03-15 13:27:00,53.9,Yes,Saturday,13
1595,1020,Grocery shopping,Chore,2025-04-15 19:54:00,18.7,Yes,Tuesday,19
1596,1033,Team sync prep,Work,2025-07-15 19:03:00,29.7,Yes,Tuesday,19
1597,1040,Code review,Work,2025-01-03 18:55:00,18.5,Yes,Friday,18
1599,1027,Meditation,Uncategorized,2025-02-05 15:12:00,30.799999999999997,Yes,Wednesday,15
1600,1018,Sprint planning notes,Work,2025-05-01 18:19:00,21.3,Yes,Thursday,18
1601,1028,Budget spreadsheet,Work,2025-03-20 19:05:00,12.0,Yes,Thursday,19
1602,1011,Vacuuming,Chores,2025-04-03 11:51:00,13.3,Yes,Thursday,11
1603,1040,Workout,Health,2025-05-07 09:02:00,18.9,Yes,Wednesday,9
1604,1039,Client report,Work,2025-01-16 14:47:00,59.1,Yes,Thursday,14
1605,1016,Flashcard review,Study,2025-03-03 11:57:00,65.1,Yes,Monday,11
1606,1000,Bank visit,Errands,2025-07-15 15:18:00,23.9,Yes,Tuesday,15
1607,1014,Workout,Health,2025-07-17 15:44:00,24.4,Yes,Thursday,15
1608,1003,Walk,Health,2025-01-23 18:29:00,78.9,Yes,Thursday,18
1609,1021,Stretching,Health,2025-05-10 22:23:00,19.9,Yes,Saturday,22
1610,1022,Workout,Health,2025-03-05 08:53:00,28.4,Yes,Wednesday,8
1611,1037,Read for fun,Personal,2025-02-02 15:19:00,39.6,Yes,Sunday,15
1612,1032,Code review,Work,2025-04-24 09:16:00,65.7,Yes,Thursday,9
1613,1041,Practice problems,Study,2025-07-22 14:34:00,60.0,Yes,Tuesday,14
1614,1035,Workout,Health,2025-02-02 21:37:00,22.9,Yes,Sunday,21
1615,1029,Online course module,Study,2025-07-21 14:16:00,37.1,Yes,Monday,14
1616,1015,Walk,Health,2025-01-23 16:20:00,22.9,Yes,Thursday,16
1617,1011,Code review,Work,2025-05-13 14:04:00,48.6,Yes,Tuesday,14
1618,1000,Client report,Work,2025-05-30 18:35:00,34.7,Yes,Friday,18
1619,1029,Code review,Work,2025-04-26 08:04:00,8.7,Yes,Saturday,8
1620,1039,Vacuuming,Chores,2025-01-22 22:36:00,71.1,Yes,Wednesday,22
1621,1046,Bank visit,Errands,2025-05-10 16:52:00,12.5,Yes,Saturday,16
1622,1019,Budget spreadsheet,Work,2025-01-29 17:03:00,54.2,No,Wednesday,17
1623,1024,Email cleanup,Work,2025-01-05 22:34:00,23.8,Yes,Sunday,22
1624,1027,Vacuuming,Chores,2025-02-20 16:12:00,43.4,Yes,Thursday,16
1625,1002,Vacuuming,Chores,2025-01-01 17:50:00,27.1,No,Wednesday,17
1626,1003,Team sync prep,Work,2025-05-09 12:58:00,32.3,No,Friday,12
1627,1047,Sprint planning notes,Work,2025-04-22 08:36:00,11.1,No,Tuesday,8
1628,1010,Workout,Health,2025-06-06 14:14:00,53.3,Yes,Friday,14
1629,1033,Journaling,Personal,2025-07-17 14:43:00,41.8,Yes,Thursday,14
1630,1013,Tidy desk,Chore,2025-07-15 22:16:00,39.0,Yes,Tuesday,22
1631,1033,Essay draft,Study,2025-07-06 22:53:00,40.1,No,Sunday,22
1632,1003,Code review,Work,2025-07-12 14:00:00,10.0,Yes,Saturday,14
1633,1007,Grocery shopping,Chores,2025-03-19 11:23:00,29.8,Yes,Wednesday,11
1634,1028,Meditation,Health,2025-04-26 19:32:00,45.4,Yes,Saturday,19
1635,1018,Sprint planning notes,Work,2025-02-26 17:18:00,53.1,Yes,Wednesday,17
1636,1034,Bank visit,Errands,2025-02-07 15:34:00,53.8,Yes,Friday,15
1637,1012,Budget spreadsheet,Work,2025-06-21 15:24:00,13.1,Yes,Saturday,15
1638,1016,Read chapter,Study,2025-01-09 08:35:00,55.9,Yes,Thursday,8
1639,1018,Code review,Work,2025-01-01 15:56:00,11.7,No,Wednesday,15
1640,1019,Read for fun,Personal,2025-07-05 11:05:00,36.4,Yes,Saturday,11
1641,1048,Sprint planning notes,Work,2025-06-10 10:41:00,32.0,Yes,Tuesday,10
1642,1008,Client report,Work,2025-03-04 21:48:00,12.6,Yes,Tuesday,21
1643,1007,Stretching,Health,2025-02-23 07:31:00,31.2,Yes,Sunday,7
1644,1003,Car wash,Errands,2025-05-09 11:36:00,32.6,Yes,Friday,11
1645,1020,Laundry,Chores,2025-05-30 06:47:00,27.6,Yes,Friday,6
1646,1011,Stretching,Health,2025-03-27 10:36:00,16.8,Yes,Thursday,10
1647,1032,Workout,Health,2025-07-05 08:28:00,13.4,Yes,Saturday,8
1648,1038,Grocery shopping,Chores,2025-03-30 21:14:00,81.5,No,Sunday,21
1649,1014,Read chapter,Study,2025-02-12 07:12:00,16.1,Yes,Wednesday,7
1650,1023,Read chapter,Study,2025-03-11 20:35:00,92.4,Yes,Tuesday,20
1651,1041,Vacuuming,Chores,2025-05-17 22:45:00,29.8,Yes,Saturday,22
1652,1029,Vacuuming,Chores,2025-05-14 11:25:00,42.4,Yes,Wednesday,11
1653,1017,Email cleanup,Work,2025-07-17 22:38:00,18.0,Yes,Thursday,22
1654,1004,Email cleanup,Work,2025-03-31 14:07:00,9.7,Yes,Monday,14
1655,1039,Email cleanup,Work,2025-06-03 06:27:00,41.7,Yes,Tuesday,6
1656,1020,Team sync prep,Work,2025-07-19 19:12:00,22.9,Yes,Saturday,19
1657,1015,Code review,Work,2025-04-20 12:51:00,2.8,Yes,Sunday,12
1658,1040,Sprint planning notes,Work,2025-05-21 18:25:00,29.05,Yes,Wednesday,18
1659,1041,Code review,Uncategorized,2025-01-03 09:37:00,42.6,Yes,Friday,9
1660,1039,Laundry,Chores,2025-02-01 09:20:00,41.0,No,Saturday,9
1661,1028,Client report,Work,2025-01-20 18:18:00,35.1,Yes,Monday,18
1662,1042,Online course module,Study,2025-02-26 14:50:00,37.2,Yes,Wednesday,14
1663,1049,Call family,Personal,2025-02-11 10:19:00,25.9,Yes,Tuesday,10
1664,1007,Team sync prep,Work,2025-05-06 16:49:00,50.3,Yes,Tuesday,16
1665,1036,Client report,Uncategorized,2025-06-19 21:57:00,21.5,Yes,Thursday,21
1666,1047,Grocery shopping,Chores,2025-04-08 09:31:00,64.3,Yes,Tuesday,9
1668,1017,Pharmacy pickup,Errands,2025-06-13 19:37:00,28.6,Yes,Friday,19
1669,1033,Budget spreadsheet,Work,2025-03-17 13:58:00,28.3,Yes,Monday,13
1670,1034,Flashcard review,Uncategorized,2025-03-08 16:36:00,25.1,Yes,Saturday,16
1671,1003,Tidy desk,Chores,2025-07-16 21:05:00,19.5,Yes,Wednesday,21
1672,1044,Team sync prep,Work,2025-02-08 11:10:00,9.6,Yes,Saturday,11
1673,1013,Tidy desk,Chores,2025-06-13 18:41:00,57.8,Yes,Friday,18
1674,1031,Sprint planning notes,Work,2025-03-12 21:43:00,4.3,No,Wednesday,21
1675,1037,Workout,Health,2025-02-13 18:43:00,22.4,Yes,Thursday,18
1676,1000,Stretching,Health,2025-05-19 16:37:00,68.8,No,Monday,16
1677,1026,Email cleanup,Work,2025-02-07 11:42:00,7.9,Yes,Friday,11
1678,1004,Tidy desk,Chores,2025-06-27 17:32:00,44.8,Yes,Friday,17
1679,1009,Budget spreadsheet,Work,2025-01-05 21:45:00,14.9,No,Sunday,21
1680,1029,Read chapter,Study,2025-05-10 20:08:00,25.9,Yes,Saturday,20
1681,1000,Grocery shopping,Chores,2025-07-18 11:36:00,13.2,Yes,Friday,11
1682,1035,Dishes,Chores,2025-03-14 10:16:00,41.8,Yes,Friday,10
1683,1000,Budget spreadsheet,Work,2025-01-19 06:31:00,60.2,Yes,Sunday,6
1684,1042,Essay draft,Study,2025-03-13 13:45:00,13.3,Yes,Thursday,13
1685,1038,Dishes,Chores,2025-06-15 21:25:00,3.8,Yes,Sunday,21
1686,1015,Practice problems,Study,2025-05-08 15:10:00,21.3,Yes,Thursday,15
1687,1024,Meditation,Health,2025-07-24 21:59:00,4.2,Yes,Thursday,21
1688,1004,Walk,Uncategorized,2025-05-05 16:40:00,49.0,Yes,Monday,16
1689,1011,Journaling,Personal,2025-02-11 14:33:00,24.7,Yes,Tuesday,14
1690,1007,Tidy desk,Chores,2025-03-03 21:40:00,17.8,No,Monday,21
1691,1026,Read for fun,Personal,2025-07-02 21:47:00,10.2,No,Wednesday,21
1692,1001,Meal prep,Health,2025-07-19 19:42:00,21.4,Yes,Saturday,19
1693,1047,Sprint planning notes,Work,2025-07-06 16:48:00,25.5,Yes,Sunday,16
1694,1012,Code review,Work,2025-06-15 14:41:00,13.3,Yes,Sunday,14
1695,1033,Stretching,Health,2025-04-02 07:36:00,15.4,Yes,Wednesday,7
1696,1017,Walk,Health,2025-01-19 10:02:00,35.9,Yes,Sunday,10
1697,1021,Flashcard review,Study,2025-02-17 08:39:00,20.3,Yes,Monday,8
1698,1016,Sprint planning notes,Work,2025-07-03 06:02:00,24.8,Yes,Thursday,6
1699,1030,Client report,Work,2025-04-11 22:27:00,11.1,Yes,Friday,22
1700,1026,Budget review,Personal,2025-07-29 19:34:00,25.5,Yes,Tuesday,19
1701,1004,Meal prep,Health,2025-05-02 18:54:00,28.2,Yes,Friday,18
1702,1049,Email cleanup,Work,2025-03-03 10:42:00,37.5,Yes,Monday,10
1703,1012,Stretching,Health,2025-03-07 18:55:00,36.8,Yes,Friday,18
1704,1022,Bank visit,Errands,2025-04-13 09:26:00,21.9,Yes,Sunday,9
1705,1002,Tidy desk,Chores,2025-07-22 14:53:00,13.0,Yes,Tuesday,14
1706,1026,Online course module,Study,2025-02-14 15:00:00,26.0,Yes,Friday,15
1707,1026,Email cleanup,Work,2025-06-11 15:12:00,24.1,Yes,Wednesday,15
1708,1014,Essay draft,Uncategorized,2025-03-28 06:33:00,19.1,Yes,Friday,6
1709,1027,Client report,Work,2025-01-28 17:17:00,36.3,Yes,Tuesday,17
1710,1033,Bank visit,Errands,2025-07-12 17:44:00,36.7,Yes,Saturday,17
1711,1005,Online course module,Study,2025-03-31 16:38:00,43.3,Yes,Monday,16
1712,1006,Practice problems,Study,2025-07-08 19:23:00,60.9,Yes,Tuesday,19
1713,1034,Workout,Health,2025-02-25 06:09:00,16.8,No,Tuesday,6
1714,1008,Client report,Uncategorized,2025-02-21 07:45:00,8.8,Yes,Friday,7
1715,1035,Walk,Health,2025-07-12 11:49:00,38.7,No,Saturday,11
1716,1037,Walk,Health,2025-07-16 15:33:00,48.4,Yes,Wednesday,15
1717,1003,Vacuuming,Chores,2025-07-06 09:35:00,12.7,No,Sunday,9
1718,1048,Client report,Work,2025-07-29 20:22:00,20.9,No,Tuesday,20
1719,1043,Laundry,Chores,2025-03-04 16:39:00,29.8,No,Tuesday,16
1720,1015,Team sync prep,Work,2025-06-13 12:27:00,43.0,Yes,Friday,12
1721,1009,Online course module,Uncategorized,2025-06-25 09:08:00,33.9,Yes,Wednesday,9
1722,1041,Vacuuming,Chores,2025-03-08 17:36:00,55.1,Yes,Saturday,17
1723,1030,Code review,Work,2025-05-16 18:49:00,60.4,Yes,Friday,18
1724,1000,Budget review,Personal,2025-05-07 15:31:00,40.0,Yes,Wednesday,15
1725,1019,Post office,Errand,2025-01-30 14:35:00,51.4,Yes,Thursday,14
1726,1026,Call family,Personal,2025-02-28 08:48:00,24.7,Yes,Friday,8
1727,1032,Budget review,Personal,2025-03-22 14:31:00,29.0,Yes,Saturday,14
1728,1035,Meal prep,Health,2025-07-17 15:34:00,48.6,Yes,Thursday,15
1729,1000,Team sync prep,Work,2025-04-27 19:27:00,49.6,Yes,Sunday,19
1730,1020,Dishes,Chores,2025-06-17 09:00:00,43.5,Yes,Tuesday,9
1731,1030,Grocery shopping,Chores,2025-01-15 21:48:00,40.2,Yes,Wednesday,21
1732,1024,Tidy desk,Chores,2025-07-15 08:01:00,2.2,Yes,Tuesday,8
1733,1009,Call family,Personal,2025-01-30 21:01:00,20.4,Yes,Thursday,21
1734,1041,Client report,Work,2025-02-05 19:41:00,21.8,Yes,Wednesday,19
1735,1009,Dishes,Chores,2025-06-07 11:16:00,43.7,Yes,Saturday,11
1736,1017,Code review,Work,2025-01-19 08:39:00,51.7,Yes,Sunday,8
1737,1040,Grocery shopping,Chores,2025-01-04 15:11:00,36.3,Yes,Saturday,15
1738,1046,Pharmacy pickup,Errand,2025-06-19 06:04:00,12.1,Yes,Thursday,6
1739,1012,Pharmacy pickup,Errands,2025-06-05 09:01:00,33.2,Yes,Thursday,9
1740,1037,Client report,Work,2025-03-24 21:04:00,24.7,Yes,Monday,21
1741,1024,Code review,Uncategorized,2025-03-05 15:41:00,14.4,Yes,Wednesday,15
1742,1021,Read chapter,Study,2025-01-29 18:31:00,52.7,Yes,Wednesday,18
1743,1014,Client report,Work,2025-02-09 20:23:00,27.4,Yes,Sunday,20
1744,1036,Email cleanup,Work,2025-06-30 06:26:00,13.0,Yes,Monday,6
1745,1031,Email cleanup,Work,2025-05-02 14:27:00,16.9,Yes,Friday,14
1746,1012,Stretching,Health,2025-06-26 20:08:00,6.4,Yes,Thursday,20
1747,1039,Meal prep,Health,2025-07-13 08:45:00,12.7,No,Sunday,8
1748,1027,Dishes,Chores,2025-03-13 17:07:00,62.1,Yes,Thursday,17
1749,1046,Dishes,Chores,2025-07-08 16:53:00,13.6,No,Tuesday,16
1750,1013,Dishes,Chores,2025-07-23 17:24:00,34.9,Yes,Wednesday,17
1751,1011,Practice problems,Study,2025-04-08 08:29:00,34.6,Yes,Tuesday,8
1752,1040,Sprint planning notes,Work,2025-02-23 08:13:00,15.4,Yes,Sunday,8
1753,1030,Budget spreadsheet,Work,2025-02-28 17:07:00,46.4,Yes,Friday,17
1754,1046,Practice problems,Study,2025-02-01 20:45:00,6.6,Yes,Saturday,20
1756,1033,Read for fun,Personal,2025-01-29 14:21:00,12.1,Yes,Wednesday,14
1757,1038,Online course module,Study,2025-04-04 22:39:00,39.0,Yes,Friday,22
1758,1048,Practice problems,Study,2025-06-14 16:24:00,11.3,Yes,Saturday,16
1759,1003,Budget spreadsheet,Work,2025-04-19 18:33:00,24.4,Yes,Saturday,18
1760,1014,Flashcard review,Study,2025-07-28 19:39:00,56.8,Yes,Monday,19
1761,1013,Walk,Health,2025-07-28 21:26:00,18.5,No,Monday,21
1762,1048,Client report,Work,2025-03-12 08:32:00,21.1,No,Wednesday,8
1763,1045,Pharmacy pickup,Errands,2025-04-27 09:51:00,27.4,Yes,Sunday,9
1764,1031,Stretching,Health,2025-01-19 15:24:00,22.5,Yes,Sunday,15
1765,1031,Online course module,Study,2025-01-04 12:42:00,36.9,Yes,Saturday,12
1766,1035,Client report,Work,2025-05-07 07:34:00,82.0,Yes,Wednesday,7
1767,1018,Meal prep,Health,2025-02-21 16:12:00,33.2,Yes,Friday,16
1768,1042,Laundry,Uncategorized,2025-02-19 22:44:00,63.0,Yes,Wednesday,22
1769,1043,Practice problems,Study,2025-06-06 11:02:00,27.3,Yes,Friday,11
1770,1036,Budget spreadsheet,Work,2025-01-18 09:19:00,51.4,Yes,Saturday,9
1771,1000,Walk,Health,2025-01-30 18:36:00,26.8,Yes,Thursday,18
1772,1044,Code review,Work,2025-03-04 14:04:00,63.7,Yes,Tuesday,14
1773,1040,Walk,Health,2025-05-03 14:06:00,19.3,Yes,Saturday,14
1774,1037,Code review,Work,2025-07-14 18:02:00,56.3,Yes,Monday,18
1775,1000,Walk,Health,2025-05-30 17:22:00,23.7,Yes,Friday,17
1776,1011,Read for fun,Personal,2025-05-18 06:05:00,13.8,Yes,Sunday,6
1777,1033,Email cleanup,Work,2025-03-14 17:11:00,43.4,Yes,Friday,17
1778,1008,Meal prep,Health,2025-01-22 22:47:00,22.1,Yes,Wednesday,22
1780,1022,Walk,Health,2025-06-01 08:16:00,11.2,Yes,Sunday,8
1781,1038,Car wash,Errands,2025-02-16 16:15:00,46.9,Yes,Sunday,16
1782,1011,Call family,Personal,2025-05-13 14:15:00,29.0,Yes,Tuesday,14
1783,1016,Team sync prep,Work,2025-05-11 08:37:00,24.9,Yes,Sunday,8
1784,1033,Workout,Health,2025-01-30 15:05:00,11.3,Yes,Thursday,15
1785,1034,Pharmacy pickup,Errands,2025-01-23 16:25:00,83.3,Yes,Thursday,16
1786,1017,Grocery shopping,Chores,2025-04-26 08:41:00,59.1,Yes,Saturday,8
1788,1043,Budget spreadsheet,Work,2025-04-04 19:44:00,27.1,Yes,Friday,19
1789,1030,Tidy desk,Chores,2025-01-30 17:08:00,24.8,No,Thursday,17
1790,1032,Tidy desk,Chores,2025-02-17 18:23:00,33.6,Yes,Monday,18
1791,1001,Meditation,Health,2025-07-28 15:16:00,25.7,Yes,Monday,15
1792,1008,Car wash,Errands,2025-01-17 17:21:00,31.1,Yes,Friday,17
1793,1045,Dishes,Chores,2025-06-26 09:01:00,15.6,No,Thursday,9
1794,1043,Read chapter,Study,2025-06-12 13:29:00,31.9,Yes,Thursday,13
1795,1003,Dishes,Chores,2025-06-13 14:33:00,5.5,Yes,Friday,14
1796,1017,Post office,Errands,2025-02-15 13:24:00,36.6,Yes,Saturday,13
1797,1033,Dishes,Chores,2025-03-26 13:49:00,46.1,No,Wednesday,13
1798,1048,Budget spreadsheet,Work,2025-04-01 19:19:00,40.2,Yes,Tuesday,19
1799,1047,Practice problems,Study,2025-07-25 18:44:00,9.6,No,Friday,18
1800,1049,Dishes,Chores,2025-06-24 10:48:00,25.7,Yes,Tuesday,10
1802,1004,Client report,Work,2025-04-17 14:22:00,3.9,Yes,Thursday,14
1803,1044,Budget review,Personal,2025-03-05 09:20:00,29.0,Yes,Wednesday,9
1805,1033,Journaling,Personal,2025-03-08 10:53:00,62.4,Yes,Saturday,10
1806,1037,Team sync prep,Work,2025-05-31 10:17:00,45.8,No,Saturday,10
1807,1040,Email cleanup,Work,2025-07-06 08:22:00,9.1,No,Sunday,8
1808,1006,Client report,Work,2025-06-22 11:26:00,6.4,Yes,Sunday,11
1809,1011,Budget spreadsheet,Work,2025-07-11 21:43:00,26.9,Yes,Friday,21
1810,1009,Workout,Health,2025-06-01 10:45:00,19.2,Yes,Sunday,10
1811,1016,Essay draft,Study,2025-06-16 06:23:00,37.3,No,Monday,6
1812,1026,Vacuuming,Chores,2025-05-10 13:47:00,29.1,Yes,Saturday,13
1813,1010,Email cleanup,Work,2025-01-21 13:19:00,26.0,Yes,Tuesday,13
1814,1002,Stretching,Health,2025-07-12 22:28:00,12.1,Yes,Saturday,22
1815,1045,Code review,Uncategorized,2025-07-22 07:10:00,28.2,Yes,Tuesday,7
1816,1015,Client report,Work,2025-01-21 15:38:00,72.6,Yes,Tuesday,15
1817,1026,Journaling,Personal,2025-04-14 16:25:00,26.0,Yes,Monday,16
1818,1036,Practice problems,Study,2025-06-06 12:02:00,51.0,Yes,Friday,12
1819,1026,Practice problems,Uncategorized,2025-05-02 06:18:00,37.2,Yes,Friday,6
1820,1012,Code review,Uncategorized,2025-05-25 17:03:00,25.0,Yes,Sunday,17
1821,1015,Team sync prep,Work,2025-07-21 15:23:00,22.5,Yes,Monday,15
1822,1019,Budget review,Personal,2025-06-10 14:05:00,9.3,Yes,Tuesday,14
1823,1035,Call family,Personal,2025-06-07 08:36:00,3.6,Yes,Saturday,8
1824,1027,Practice problems,Study,2025-07-15 17:46:00,29.6,Yes,Tuesday,17
1825,1043,Client report,Work,2025-02-10 18:51:00,16.4,Yes,Monday,18
1826,1043,Workout,Health,2025-06-23 14:55:00,6.9,No,Monday,14
1827,1034,Team sync prep,Work,2025-05-18 22:36:00,37.0,Yes,Sunday,22
1828,1039,Walk,Health,2025-02-11 16:52:00,53.2,Yes,Tuesday,16
1829,1041,Dishes,Chores,2025-05-31 14:25:00,29.8,Yes,Saturday,14
1830,1043,Essay draft,Study,2025-05-22 15:08:00,32.8,No,Thursday,15
1831,1015,Flashcard review,Study,2025-01-27 16:15:00,29.6,No,Monday,16
1832,1013,Vacuuming,Chores,2025-01-31 07:19:00,57.1,Yes,Friday,7
1833,1036,Journaling,Personal,2025-04-18 17:23:00,16.2,Yes,Friday,17
1834,1022,Workout,Health,2025-07-27 08:19:00,19.7,Yes,Sunday,8
1835,1030,Team sync prep,Work,2025-04-20 13:51:00,14.9,Yes,Sunday,13
1836,1045,Car wash,Errands,2025-07-03 06:04:00,39.6,No,Thursday,6
1837,1010,Car wash,Errands,2025-04-17 13:23:00,15.7,Yes,Thursday,13
1838,1036,Stretching,Health,2025-05-28 13:44:00,37.8,Yes,Wednesday,13
1839,1040,Grocery shopping,Chores,2025-06-16 07:04:00,19.6,Yes,Monday,7
1840,1042,Sprint planning notes,Work,2025-03-10 20:31:00,14.5,No,Monday,20
1841,1011,Flashcard review,Study,2025-04-25 06:48:00,46.1,Yes,Friday,6
1842,1009,Budget spreadsheet,Work,2025-07-14 20:26:00,27.9,Yes,Monday,20
1843,1019,Read chapter,Study,2025-01-25 20:21:00,29.6,Yes,Saturday,20
1844,1002,Practice problems,Study,2025-01-06 16:31:00,26.9,Yes,Monday,16
1845,1009,Stretching,Health,2025-03-08 14:05:00,34.2,Yes,Saturday,14
1846,1036,Flashcard review,Study,2025-04-16 12:19:00,69.4,Yes,Wednesday,12
1847,1035,Sprint planning notes,Work,2025-06-11 10:05:00,20.4,Yes,Wednesday,10
1848,1033,Walk,Health,2025-04-03 17:12:00,21.2,Yes,Thursday,17
1849,1033,Practice problems,Study,2025-07-02 10:30:00,26.5,Yes,Wednesday,10
1850,1002,Flashcard review,Study,2025-05-07 19:54:00,33.4,Yes,Wednesday,19
1851,1028,Car wash,Errands,2025-06-29 18:58:00,25.2,Yes,Sunday,18
1852,1013,Post office,Errands,2025-05-17 21:49:00,31.2,Yes,Saturday,21
1853,1042,Laundry,Chores,2025-07-08 20:40:00,46.9,Yes,Tuesday,20
1854,1019,Practice problems,Study,2025-03-28 09:20:00,83.0,Yes,Friday,9
1855,1038,Read chapter,Study,2025-03-22 22:19:00,49.8,Yes,Saturday,22
1856,1027,Meal prep,Health,2025-03-14 10:36:00,58.2,Yes,Friday,10
1857,1034,Code review,Work,2025-01-15 16:56:00,17.8,Yes,Wednesday,16
1858,1011,Read for fun,Personal,2025-06-07 10:17:00,50.5,Yes,Saturday,10
1859,1047,Vacuuming,Chores,2025-03-11 08:36:00,64.3,No,Tuesday,8
1860,1021,Flashcard review,Study,2025-06-11 08:39:00,39.2,No,Wednesday,8
1861,1006,Read for fun,Personal,2025-04-07 10:50:00,38.6,Yes,Monday,10
1862,1029,Code review,Work,2025-04-05 12:19:00,44.7,Yes,Saturday,12
1863,1017,Pharmacy pickup,Errands,2025-06-01 06:50:00,9.2,Yes,Sunday,6
1864,1023,Meal prep,Uncategorized,2025-06-15 07:21:00,19.7,Yes,Sunday,7
1865,1044,Walk,Health,2025-03-10 16:24:00,13.2,Yes,Monday,16
1867,1046,Flashcard review,Study,2025-03-09 13:30:00,29.6,Yes,Sunday,13
1868,1035,Flashcard review,Study,2025-06-27 16:48:00,13.3,Yes,Friday,16
1869,1003,Code review,Work,2025-05-06 11:58:00,44.1,Yes,Tuesday,11
1870,1031,Read chapter,Study,2025-03-14 21:33:00,49.4,Yes,Friday,21
1871,1007,Flashcard review,Study,2025-01-19 11:29:00,71.5,Yes,Sunday,11
1872,1032,Journaling,Personal,2025-02-05 20:16:00,29.3,Yes,Wednesday,20
1873,1004,Tidy desk,Chores,2025-01-02 19:46:00,7.1,Yes,Thursday,19
1874,1047,Sprint planning notes,Work,2025-07-08 09:07:00,14.3,Yes,Tuesday,9
1875,1019,Essay draft,Study,2025-07-14 19:18:00,82.5,Yes,Monday,19
1876,1034,Essay draft,Study,2025-04-28 13:34:00,50.7,Yes,Monday,13
1877,1043,Budget spreadsheet,Work,2025-07-07 19:19:00,15.9,Yes,Monday,19
1878,1002,Sprint planning notes,Work,2025-04-02 20:36:00,18.4,Yes,Wednesday,20
1879,1010,Essay draft,Study,2025-03-02 17:48:00,12.2,Yes,Sunday,17
1880,1005,Meal prep,Health,2025-04-09 13:01:00,9.0,Yes,Wednesday,13
1881,1011,Dishes,Chores,2025-07-19 21:45:00,57.9,No,Saturday,21
1882,1003,Sprint planning notes,Work,2025-02-23 08:46:00,7.5,Yes,Sunday,8
1883,1000,Code review,Work,2025-04-06 07:34:00,38.0,Yes,Sunday,7
1884,1048,Budget spreadsheet,Work,2025-06-13 15:38:00,21.3,Yes,Friday,15
1885,1025,Budget spreadsheet,Work,2025-05-22 16:22:00,60.8,Yes,Thursday,16
1886,1031,Stretching,Health,2025-04-30 13:48:00,7.7,Yes,Wednesday,13
1887,1023,Journaling,Personal,2025-06-15 11:54:00,67.7,Yes,Sunday,11
1888,1036,Car wash,Errands,2025-05-18 19:22:00,70.7,Yes,Sunday,19
1889,1019,Meditation,Health,2025-06-26 15:35:00,24.1,Yes,Thursday,15
1890,1029,Pharmacy pickup,Errands,2025-07-27 07:28:00,3.2,Yes,Sunday,7
1891,1015,Dishes,Chores,2025-06-12 14:50:00,36.2,Yes,Thursday,14
1892,1032,Budget review,Personal,2025-04-25 10:50:00,15.9,Yes,Friday,10
1893,1039,Pharmacy pickup,Errands,2025-03-18 09:38:00,11.1,No,Tuesday,9
1894,1024,Post office,Errands,2025-01-01 21:12:00,59.6,No,Wednesday,21
1895,1017,Meal prep,Health,2025-06-19 13:59:00,33.2,Yes,Thursday,13
1896,1043,Budget spreadsheet,Work,2025-02-05 10:40:00,34.6,Yes,Wednesday,10
1897,1010,Meditation,Health,2025-03-10 22:27:00,11.7,Yes,Monday,22
1898,1041,Meditation,Health,2025-02-15 08:05:00,13.6,Yes,Saturday,8
1899,1035,Journaling,Personal,2025-04-13 14:49:00,32.4,No,Sunday,14
1900,1011,Meditation,Health,2025-06-05 20:44:00,6.0,Yes,Thursday,20
1901,1045,Meditation,Health,2025-03-22 06:10:00,4.2,Yes,Saturday,6
1902,1005,Car wash,Errands,2025-07-13 08:06:00,30.9,No,Sunday,8
1903,1014,Online course module,Study,2025-04-03 08:01:00,25.0,Yes,Thursday,8
1904,1041,Read chapter,Uncategorized,2025-03-18 10:28:00,5.9,Yes,Tuesday,10
1905,1033,Online course module,Study,2025-05-06 11:05:00,37.7,Yes,Tuesday,11
1906,1026,Pharmacy pickup,Errands,2025-07-10 06:59:00,46.2,Yes,Thursday,6
1907,1047,Practice problems,Study,2025-06-03 22:56:00,20.8,Yes,Tuesday,22
1908,1012,Budget spreadsheet,Work,2025-05-14 14:05:00,20.9,Yes,Wednesday,14
1909,1045,Budget spreadsheet,Work,2025-05-16 10:34:00,29.05,Yes,Friday,10
1910,1024,Journaling,Personal,2025-07-22 06:14:00,26.5,Yes,Tuesday,6
1912,1007,Grocery shopping,Chore,2025-06-11 11:08:00,56.4,Yes,Wednesday,11
1913,1021,Practice problems,Study,2025-06-16 16:42:00,29.6,Yes,Monday,16
1914,1045,Dishes,Chores,2025-01-15 18:53:00,40.4,No,Wednesday,18
1915,1008,Meal prep,Health,2025-06-23 12:08:00,32.5,Yes,Monday,12
1916,1032,Practice problems,Study,2025-04-09 21:11:00,34.9,Yes,Wednesday,21
1917,1033,Stretching,Health,2025-04-17 13:40:00,29.7,Yes,Thursday,13
1918,1011,Call family,Personal,2025-03-06 12:45:00,49.2,Yes,Thursday,12
1919,1040,Flashcard review,Study,2025-07-03 20:13:00,40.7,No,Thursday,20
1920,1009,Stretching,Health,2025-01-24 18:33:00,8.7,Yes,Friday,18
1921,1045,Email cleanup,Work,2025-07-15 14:10:00,21.9,Yes,Tuesday,14
1922,1000,Meditation,Health,2025-07-19 08:59:00,14.9,Yes,Saturday,8
1923,1038,Read chapter,Study,2025-05-30 20:18:00,12.8,Yes,Friday,20
1924,1039,Read for fun,Personal,2025-04-01 11:28:00,25.7,Yes,Tuesday,11
1925,1048,Meal prep,Health,2025-04-09 16:51:00,33.9,Yes,Wednesday,16
1926,1035,Client report,Work,2025-05-04 18:51:00,14.0,No,Sunday,18
1927,1019,Essay draft,Uncategorized,2025-07-24 09:00:00,13.3,No,Thursday,9
1928,1022,Client report,Work,2025-07-25 18:41:00,16.1,Yes,Friday,18
1929,1022,Team sync prep,Work,2025-04-24 17:23:00,53.6,Yes,Thursday,17
1930,1021,Journaling,Personal,2025-07-22 22:39:00,6.8,Yes,Tuesday,22
1932,1006,Budget review,Personal,2025-01-14 15:49:00,19.1,Yes,Tuesday,15
1933,1045,Stretching,Health,2025-04-27 11:45:00,7.9,Yes,Sunday,11
1934,1038,Email cleanup,Work,2025-06-16 08:02:00,20.7,Yes,Monday,8
1935,1037,Budget review,Personal,2025-05-16 18:15:00,44.7,Yes,Friday,18
1936,1029,Client report,Work,2025-05-20 18:25:00,89.0,Yes,Tuesday,18
1937,1001,Pharmacy pickup,Errands,2025-07-21 18:01:00,17.0,Yes,Monday,18
1938,1016,Code review,Work,2025-07-28 14:38:00,10.9,Yes,Monday,14
1939,1013,Flashcard review,Study,2025-04-17 11:21:00,4.1,Yes,Thursday,11
1941,1009,Code review,Work,2025-06-04 13:02:00,8.4,Yes,Wednesday,13
1942,1006,Grocery shopping,Chores,2025-02-20 15:03:00,1.6,Yes,Thursday,15
1943,1011,Read chapter,Study,2025-06-20 21:31:00,39.6,No,Friday,21
1944,1030,Car wash,Errands,2025-07-20 08:48:00,84.0,Yes,Sunday,8
1945,1001,Practice problems,Study,2025-04-06 17:58:00,46.9,No,Sunday,17
1946,1033,Client report,Work,2025-03-27 21:44:00,30.6,Yes,Thursday,21
1947,1028,Read chapter,Study,2025-03-01 09:25:00,21.4,Yes,Saturday,9
1948,1030,Bank visit,Errands,2025-04-20 10:03:00,32.9,No,Sunday,10
1949,1006,Practice problems,Study,2025-07-22 19:38:00,82.1,Yes,Tuesday,19
1950,1025,Email cleanup,Uncategorized,2025-05-29 12:48:00,20.2,Yes,Thursday,12
1951,1034,Tidy desk,Chores,2025-07-26 18:16:00,16.3,No,Saturday,18
1952,1017,Team sync prep,Work,2025-06-14 15:52:00,10.6,Yes,Saturday,15
1953,1039,Practice problems,Study,2025-02-16 13:43:00,71.2,Yes,Sunday,13
1954,1009,Essay draft,Study,2025-05-21 11:36:00,55.0,Yes,Wednesday,11
1955,1003,Journaling,Personal,2025-06-18 12:14:00,29.1,Yes,Wednesday,12
1956,1034,Budget spreadsheet,Uncategorized,2025-05-15 21:36:00,31.4,Yes,Thursday,21
1957,1026,Code review,Work,2025-01-10 18:07:00,33.8,Yes,Friday,18
1958,1040,Pharmacy pickup,Errands,2025-06-12 08:43:00,36.9,Yes,Thursday,8
1959,1028,Meditation,Uncategorized,2025-03-12 07:30:00,105.1,Yes,Wednesday,7
1960,1016,Email cleanup,Work,2025-03-04 18:08:00,76.1,Yes,Tuesday,18
1961,1044,Code review,Work,2025-04-14 13:23:00,85.8,Yes,Monday,13
1962,1020,Walk,Health,2025-03-06 13:09:00,28.4,No,Thursday,13
1963,1040,Flashcard review,Study,2025-02-14 17:40:00,36.7,Yes,Friday,17
1964,1047,Workout,Health,2025-02-12 16:00:00,24.9,Yes,Wednesday,16
1965,1016,Email cleanup,Work,2025-07-04 11:18:00,39.9,Yes,Friday,11
1966,1043,Meditation,Health,2025-05-22 07:00:00,28.4,Yes,Thursday,7
1967,1003,Stretching,Health,2025-07-23 16:17:00,16.2,Yes,Wednesday,16
1968,1034,Budget review,Personal,2025-07-13 20:31:00,75.3,Yes,Sunday,20
1969,1002,Client report,Work,2025-04-05 16:44:00,20.1,No,Saturday,16
1970,1033,Read for fun,Personal,2025-02-21 07:09:00,21.5,Yes,Friday,7
1971,1032,Post office,Errands,2025-02-06 18:23:00,14.8,Yes,Thursday,18
1972,1023,Online course module,Study,2025-07-01 11:05:00,11.4,Yes,Tuesday,11
1973,1015,Workout,Health,2025-03-01 12:22:00,27.7,No,Saturday,12
1974,1040,Vacuuming,Chores,2025-01-06 12:46:00,25.0,Yes,Monday,12
1975,1021,Client report,Uncategorized,2025-06-09 15:54:00,41.5,Yes,Monday,15
1976,1025,Budget spreadsheet,Work,2025-05-20 11:10:00,36.9,Yes,Tuesday,11
1977,1031,Email cleanup,Work,2025-03-24 14:07:00,16.5,Yes,Monday,14
1978,1015,Budget spreadsheet,Work,2025-06-03 16:48:00,23.5,Yes,Tuesday,16
1979,1009,Team sync prep,Work,2025-05-19 07:19:00,8.2,Yes,Monday,7
1980,1049,Code review,Work,2025-05-03 10:59:00,58.6,Yes,Saturday,10
1981,1034,Tidy desk,Chores,2025-01-13 17:40:00,93.8,Yes,Monday,17
1982,1045,Meal prep,Health,2025-07-11 16:57:00,25.4,Yes,Friday,16
1983,1032,Grocery shopping,Chores,2025-01-11 22:25:00,43.5,Yes,Saturday,22
1984,1011,Vacuuming,Chores,2025-06-05 14:25:00,58.0,Yes,Thursday,14
1985,1012,Sprint planning notes,Work,2025-05-01 11:35:00,40.3,Yes,Thursday,11
1986,1029,Code review,Work,2025-03-07 22:26:00,32.8,Yes,Friday,22
1987,1028,Laundry,Chores,2025-07-28 06:19:00,35.9,Yes,Monday,6
1988,1049,Laundry,Chores,2025-06-26 15:39:00,39.7,Yes,Thursday,15
1989,1003,Walk,Health,2025-03-31 10:52:00,15.8,Yes,Monday,10
1990,1014,Read chapter,Study,2025-01-09 19:47:00,11.9,Yes,Thursday,19
1991,1000,Grocery shopping,Chores,2025-02-10 19:35:00,28.6,Yes,Monday,19
1992,1022,Post office,Errands,2025-07-03 21:52:00,56.0,Yes,Thursday,21
1993,1045,Online course module,Study,2025-04-01 15:13:00,12.8,Yes,Tuesday,15
1994,1003,Client report,Work,2025-02-15 17:59:00,6.4,Yes,Saturday,17
1995,1007,Essay draft,Study,2025-05-01 22:28:00,11.7,Yes,Thursday,22
1996,1038,Read chapter,Study,2025-01-20 17:12:00,62.0,Yes,Monday,17
1997,1046,Call family,Personal,2025-04-17 17:24:00,23.7,Yes,Thursday,17
1998,1038,Flashcard review,Study,2025-02-02 12:06:00,51.0,No,Sunday,12
1999,1031,Code review,Work,2025-01-28 06:02:00,18.2,Yes,Tuesday,6
2000,1045,Call family,Personal,2025-06-16 13:38:00,84.7,No,Monday,13
2001,1031,Bank visit,Errands,2025-01-26 21:31:00,14.2,Yes,Sunday,21
2002,1026,Meditation,Health,2025-05-06 19:08:00,10.0,Yes,Tuesday,19
2003,1025,Walk,Health,2025-02-12 17:26:00,62.6,Yes,Wednesday,17
2004,1036,Team sync prep,Work,2025-04-20 21:25:00,54.8,Yes,Sunday,21
2005,1038,Meditation,Health,2025-04-24 08:54:00,58.4,Yes,Thursday,8
2006,1015,Journaling,Personal,2025-03-02 14:22:00,27.6,Yes,Sunday,14
2007,1031,Meal prep,Health,2025-01-15 07:35:00,40.4,Yes,Wednesday,7
2008,1028,Budget spreadsheet,Work,2025-04-09 21:01:00,47.0,Yes,Wednesday,21
2009,1005,Practice problems,Study,2025-07-11 11:58:00,51.7,Yes,Friday,11
2010,1032,Sprint planning notes,Work,2025-06-02 11:13:00,20.3,No,Monday,11
2011,1007,Tidy desk,Chores,2025-01-07 13:01:00,18.6,No,Tuesday,13
2012,1030,Read chapter,Study,2025-06-05 09:44:00,11.6,Yes,Thursday,9
2013,1028,Sprint planning notes,Work,2025-07-03 14:21:00,37.1,Yes,Thursday,14
2014,1035,Stretching,Health,2025-06-01 08:25:00,57.6,Yes,Sunday,8
2015,1049,Grocery shopping,Chores,2025-02-06 14:22:00,57.5,Yes,Thursday,14
2016,1033,Flashcard review,Study,2025-02-26 15:20:00,41.7,Yes,Wednesday,15
2018,1046,Workout,Health,2025-05-11 17:38:00,22.5,No,Sunday,17
2019,1037,Bank visit,Errands,2025-04-29 22:42:00,21.9,Yes,Tuesday,22
2020,1034,Journaling,Personal,2025-04-04 06:36:00,28.9,No,Friday,6
2021,1026,Journaling,Personal,2025-04-01 20:27:00,41.5,Yes,Tuesday,20
2022,1028,Essay draft,Study,2025-04-18 22:38:00,21.3,Yes,Friday,22
2023,1045,Essay draft,Study,2025-02-13 13:31:00,34.6,Yes,Thursday,13
2024,1001,Car wash,Errands,2025-03-02 22:03:00,27.2,No,Sunday,22
2025,1017,Essay draft,Study,2025-01-22 07:53:00,62.5,Yes,Wednesday,7
2026,1024,Meditation,Health,2025-05-17 18:10:00,4.9,Yes,Saturday,18
2027,1020,Email cleanup,Work,2025-07-06 13:02:00,9.1,Yes,Sunday,13
2028,1027,Email cleanup,Work,2025-06-03 14:00:00,25.4,No,Tuesday,14
2029,1025,Meal prep,Health,2025-03-22 18:51:00,20.7,Yes,Saturday,18
2030,1043,Dishes,Uncategorized,2025-05-22 09:32:00,45.1,Yes,Thursday,9
2031,1040,Client report,Work,2025-06-12 16:44:00,65.1,Yes,Thursday,16
2032,1033,Call family,Personal,2025-04-27 13:37:00,36.4,Yes,Sunday,13
2033,1037,Budget review,Personal,2025-05-09 17:38:00,20.7,Yes,Friday,17
2034,1003,Sprint planning notes,Work,2025-03-13 13:32:00,21.4,Yes,Thursday,13
2035,1020,Laundry,Chores,2025-03-31 14:05:00,76.5,Yes,Monday,14
2036,1014,Code review,Work,2025-06-14 21:41:00,20.0,Yes,Saturday,21
2037,1024,Walk,Health,2025-02-28 20:06:00,50.8,Yes,Friday,20
2038,1039,Sprint planning notes,Work,2025-05-28 07:51:00,48.0,No,Wednesday,7
2039,1032,Meal prep,Health,2025-04-25 06:04:00,21.9,Yes,Friday,6
2040,1036,Laundry,Chores,2025-04-29 17:20:00,16.1,Yes,Tuesday,17
2041,1041,Flashcard review,Study,2025-01-24 13:24:00,21.9,Yes,Friday,13
2042,1022,Email cleanup,Work,2025-01-17 18:54:00,28.8,Yes,Friday,18
2043,1026,Call family,Personal,2025-01-17 08:17:00,38.9,Yes,Friday,8
2044,1048,Code review,Work,2025-05-15 19:06:00,12.7,Yes,Thursday,19
2045,1035,Online course module,Study,2025-03-24 13:54:00,14.3,Yes,Monday,13
2046,1048,Online course module,Uncategorized,2025-05-29 08:30:00,48.7,Yes,Thursday,8
2047,1034,Practice problems,Study,2025-07-26 20:52:00,41.5,Yes,Saturday,20
2048,1024,Email cleanup,Work,2025-04-01 11:16:00,18.3,Yes,Tuesday,11
2049,1011,Practice problems,Study,2025-03-06 07:13:00,17.9,Yes,Thursday,7
2050,1012,Meal prep,Uncategorized,2025-03-20 13:55:00,20.1,Yes,Thursday,13
2051,1034,Bank visit,Errands,2025-05-17 14:49:00,52.3,Yes,Saturday,14
2052,1017,Laundry,Chores,2025-07-29 22:34:00,61.9,Yes,Tuesday,22
2054,1016,Budget review,Personal,2025-05-14 07:25:00,19.3,Yes,Wednesday,7
2055,1047,Tidy desk,Chores,2025-05-09 07:26:00,35.3,Yes,Friday,7
2056,1044,Vacuuming,Chores,2025-06-28 16:56:00,22.0,Yes,Saturday,16
2057,1044,Grocery shopping,Chores,2025-06-30 14:27:00,13.2,Yes,Monday,14
2058,1027,Vacuuming,Chores,2025-07-29 22:37:00,47.8,Yes,Tuesday,22
2059,1030,Flashcard review,Study,2025-06-14 06:04:00,29.6,Yes,Saturday,6
2060,1013,Call family,Personal,2025-03-02 19:52:00,38.0,Yes,Sunday,19
2061,1041,Email cleanup,Work,2025-06-27 19:03:00,31.5,Yes,Friday,19
2062,1039,Budget review,Personal,2025-03-18 16:31:00,29.0,Yes,Tuesday,16
2063,1018,Email cleanup,Work,2025-07-18 13:46:00,56.2,Yes,Friday,13
2064,1038,Stretching,Uncategorized,2025-03-24 17:20:00,9.5,Yes,Monday,17
2065,1039,Pharmacy pickup,Errands,2025-02-14 13:38:00,29.0,Yes,Friday,13
2066,1017,Meditation,Health,2025-06-18 18:26:00,46.6,Yes,Wednesday,18
2067,1017,Essay draft,Study,2025-04-14 16:13:00,36.4,Yes,Monday,16
2068,1038,Call family,Personal,2025-05-13 14:28:00,39.3,Yes,Tuesday,14
2069,1040,Flashcard review,Study,2025-01-26 13:31:00,54.0,No,Sunday,13
2070,1037,Team sync prep,Uncategorized,2025-05-11 07:42:00,17.0,No,Sunday,7
2071,1029,Journaling,Personal,2025-07-05 18:30:00,29.4,Yes,Saturday,18
2072,1034,Budget review,Personal,2025-01-05 20:43:00,29.0,Yes,Sunday,20
2073,1007,Call family,Uncategorized,2025-07-17 20:59:00,22.7,No,Thursday,20
2074,1023,Meditation,Health,2025-05-07 21:26:00,58.1,Yes,Wednesday,21
2075,1043,Pharmacy pickup,Errands,2025-01-10 17:02:00,8.1,Yes,Friday,17
2076,1034,Flashcard review,Study,2025-07-20 11:32:00,60.0,Yes,Sunday,11
2077,1024,Online course module,Study,2025-04-09 10:47:00,15.1,No,Wednesday,10
2079,1044,Essay draft,Study,2025-01-07 10:15:00,27.5,Yes,Tuesday,10
2080,1020,Sprint planning notes,Work,2025-03-29 19:38:00,29.05,Yes,Saturday,19
2081,1001,Email cleanup,Work,2025-06-13 19:23:00,42.1,Yes,Friday,19
2082,1026,Call family,Personal,2025-04-13 22:33:00,24.6,Yes,Sunday,22
2083,1004,Meal prep,Uncategorized,2025-06-09 17:42:00,28.6,No,Monday,17
2084,1005,Laundry,Chores,2025-02-04 20:25:00,38.5,Yes,Tuesday,20
2085,1020,Client report,Work,2025-07-02 19:35:00,49.4,Yes,Wednesday,19
2086,1027,Stretching,Health,2025-01-24 14:49:00,38.8,Yes,Friday,14
2087,1014,Email cleanup,Work,2025-07-20 20:21:00,35.7,Yes,Sunday,20
2088,1030,Walk,Health,2025-01-12 18:51:00,7.7,Yes,Sunday,18
2089,1009,Dishes,Uncategorized,2025-03-02 22:26:00,13.0,No,Sunday,22
2090,1047,Workout,Health,2025-07-09 06:14:00,18.6,Yes,Wednesday,6
2091,1004,Laundry,Chores,2025-07-10 07:36:00,29.8,Yes,Thursday,7
2092,1033,Workout,Health,2025-01-06 17:08:00,24.0,Yes,Monday,17
2093,1049,Code review,Work,2025-05-15 21:51:00,59.5,Yes,Thursday,21
2094,1001,Walk,Health,2025-04-19 12:07:00,14.8,No,Saturday,12
2095,1004,Budget spreadsheet,Work,2025-04-05 12:08:00,24.9,Yes,Saturday,12
2096,1013,Meal prep,Health,2025-06-06 10:37:00,35.6,Yes,Friday,10
2097,1048,Read chapter,Study,2025-04-21 19:33:00,26.2,Yes,Monday,19
2098,1039,Laundry,Chores,2025-06-10 08:37:00,67.3,Yes,Tuesday,8
2099,1024,Walk,Health,2025-07-14 12:07:00,25.3,Yes,Monday,12
2100,1034,Workout,Health,2025-06-15 19:16:00,18.4,Yes,Sunday,19
2101,1041,Laundry,Chores,2025-04-09 09:11:00,26.2,Yes,Wednesday,9
2102,1027,Code review,Work,2025-02-04 13:38:00,17.2,Yes,Tuesday,13
2103,1010,Grocery shopping,Chores,2025-03-15 09:17:00,29.6,Yes,Saturday,9
2104,1005,Practice problems,Study,2025-06-05 18:04:00,20.2,Yes,Thursday,18
2105,1005,Sprint planning notes,Work,2025-02-11 10:38:00,32.3,Yes,Tuesday,10
2106,1036,Call family,Personal,2025-03-15 20:51:00,19.9,Yes,Saturday,20
2107,1027,Essay draft,Study,2025-05-21 16:23:00,58.0,No,Wednesday,16
2109,1036,Workout,Health,2025-03-12 22:55:00,28.1,Yes,Wednesday,22
2110,1033,Code review,Work,2025-03-28 22:34:00,5.5,Yes,Friday,22
2111,1029,Walk,Health,2025-06-28 08:22:00,11.0,Yes,Saturday,8
2112,1046,Journaling,Personal,2025-01-21 07:00:00,5.9,Yes,Tuesday,7
2113,1032,Post office,Errands,2025-01-22 07:14:00,44.9,Yes,Wednesday,7
2114,1047,Post office,Errands,2025-06-07 14:49:00,20.7,Yes,Saturday,14
2116,1027,Sprint planning notes,Work,2025-06-18 14:11:00,20.3,Yes,Wednesday,14
2117,1014,Grocery shopping,Chores,2025-06-29 11:15:00,25.4,Yes,Sunday,11
2118,1042,Walk,Health,2025-01-09 07:26:00,28.4,Yes,Thursday,7
2119,1021,Team sync prep,Work,2025-01-29 12:34:00,8.7,Yes,Wednesday,12
2120,1029,Budget spreadsheet,Work,2025-01-14 11:08:00,56.2,Yes,Tuesday,11
2121,1047,Sprint planning notes,Work,2025-07-06 21:06:00,72.6,No,Sunday,21
2122,1012,Meditation,Health,2025-01-27 20:03:00,38.0,Yes,Monday,20
2123,1021,Team sync prep,Work,2025-02-18 17:59:00,21.5,Yes,Tuesday,17
2124,1038,Budget spreadsheet,Work,2025-01-18 10:10:00,61.5,Yes,Saturday,10
2125,1042,Budget spreadsheet,Uncategorized,2025-02-10 15:22:00,28.2,Yes,Monday,15
2126,1011,Tidy desk,Chores,2025-02-10 09:27:00,68.3,Yes,Monday,9
2127,1033,Essay draft,Study,2025-03-21 11:32:00,23.2,No,Friday,11
2128,1044,Online course module,Study,2025-07-15 06:26:00,17.1,Yes,Tuesday,6
2129,1030,Flashcard review,Study,2025-01-12 13:59:00,31.1,Yes,Sunday,13
2130,1033,Read for fun,Personal,2025-05-22 22:32:00,24.5,Yes,Thursday,22
2131,1046,Journaling,Personal,2025-06-23 10:30:00,27.9,Yes,Monday,10
2132,1048,Essay draft,Study,2025-06-25 19:20:00,44.5,Yes,Wednesday,19
2133,1034,Essay draft,Study,2025-04-20 12:22:00,35.6,Yes,Sunday,12
2134,1014,Budget review,Personal,2025-06-26 20:29:00,46.0,Yes,Thursday,20
2135,1037,Car wash,Errands,2025-01-21 17:25:00,70.3,Yes,Tuesday,17
2136,1025,Client report,Work,2025-01-20 10:39:00,12.2,Yes,Monday,10
2137,1006,Email cleanup,Work,2025-06-19 13:21:00,14.8,Yes,Thursday,13
2138,1025,Read chapter,Study,2025-03-12 14:50:00,23.8,Yes,Wednesday,14
2139,1044,Call family,Personal,2025-04-24 10:50:00,29.3,Yes,Thursday,10
2140,1021,Client report,Work,2025-01-12 09:25:00,29.05,Yes,Sunday,9
2141,1012,Meal prep,Health,2025-01-23 15:24:00,78.4,Yes,Thursday,15
2142,1049,Flashcard review,Study,2025-05-30 20:14:00,29.8,Yes,Friday,20
2143,1019,Meal prep,Health,2025-02-24 08:04:00,19.8,Yes,Monday,8
2144,1037,Practice problems,Study,2025-07-23 16:58:00,36.9,Yes,Wednesday,16
2145,1008,Practice problems,Study,2025-01-11 18:31:00,77.7,Yes,Saturday,18
2146,1023,Meditation,Health,2025-03-06 22:44:00,18.1,Yes,Thursday,22
2147,1029,Client report,Work,2025-06-16 16:33:00,29.05,Yes,Monday,16
2148,1017,Read for fun,Personal,2025-03-02 16:30:00,17.0,Yes,Sunday,16
2149,1019,Online course module,Study,2025-05-09 15:16:00,19.0,Yes,Friday,15
2150,1039,Code review,Work,2025-01-27 16:25:00,29.05,No,Monday,16
2151,1034,Stretching,Health,2025-04-17 18:09:00,28.4,Yes,Thursday,18
2153,1007,Walk,Health,2025-06-10 17:14:00,31.2,Yes,Tuesday,17
2154,1028,Meditation,Health,2025-02-09 06:17:00,19.0,No,Sunday,6
2155,1018,Tidy desk,Chores,2025-04-11 11:01:00,12.8,Yes,Friday,11
2156,1036,Budget spreadsheet,Work,2025-05-06 17:35:00,23.6,Yes,Tuesday,17
2157,1020,Car wash,Errands,2025-05-21 07:25:00,12.3,Yes,Wednesday,7
2158,1038,Stretching,Health,2025-01-29 20:51:00,31.5,Yes,Wednesday,20
2159,1034,Car wash,Errands,2025-02-06 06:13:00,39.2,Yes,Thursday,6
2160,1017,Grocery shopping,Chores,2025-03-06 07:54:00,25.7,Yes,Thursday,7
2161,1013,Bank visit,Errands,2025-06-19 07:27:00,79.3,Yes,Thursday,7
2162,1021,Post office,Errands,2025-06-04 13:02:00,4.3,Yes,Wednesday,13
2163,1011,Car wash,Errands,2025-05-13 14:03:00,36.7,Yes,Tuesday,14
2164,1016,Call family,Personal,2025-02-17 10:29:00,29.0,Yes,Monday,10
2165,1046,Sprint planning notes,Work,2025-04-19 06:55:00,46.8,Yes,Saturday,6
2166,1046,Team sync prep,Work,2025-07-01 11:17:00,18.6,Yes,Tuesday,11
2167,1006,Team sync prep,Work,2025-06-10 12:49:00,11.4,Yes,Tuesday,12
2168,1034,Walk,Health,2025-01-09 11:21:00,35.7,Yes,Thursday,11
2169,1015,Stretching,Health,2025-02-16 17:02:00,45.0,Yes,Sunday,17
2170,1001,Team sync prep,Work,2025-05-05 13:41:00,29.6,Yes,Monday,13
2171,1045,Tidy desk,Chores,2025-04-28 13:10:00,14.1,Yes,Monday,13
2172,1022,Team sync prep,Work,2025-07-10 11:02:00,6.4,Yes,Thursday,11
2173,1029,Post office,Errands,2025-06-01 12:11:00,32.0,Yes,Sunday,12
2174,1028,Meal prep,Health,2025-01-11 21:32:00,57.5,Yes,Saturday,21
2175,1029,Bank visit,Errands,2025-02-14 18:36:00,13.2,Yes,Friday,18
2176,1021,Laundry,Chores,2025-03-07 20:34:00,40.4,Yes,Friday,20
2177,1044,Pharmacy pickup,Errands,2025-07-06 20:50:00,13.8,Yes,Sunday,20
2178,1038,Essay draft,Study,2025-05-17 13:28:00,24.4,Yes,Saturday,13
2179,1009,Code review,Work,2025-06-22 18:16:00,22.6,Yes,Sunday,18
2180,1041,Code review,Work,2025-04-24 06:12:00,32.8,Yes,Thursday,6
2181,1037,Call family,Personal,2025-01-28 21:38:00,14.6,No,Tuesday,21
2182,1025,Online course module,Study,2025-01-22 08:31:00,6.6,Yes,Wednesday,8
2183,1006,Pharmacy pickup,Errands,2025-05-14 12:39:00,40.7,Yes,Wednesday,12
2184,1001,Email cleanup,Work,2025-05-03 19:04:00,16.1,No,Saturday,19
2185,1022,Email cleanup,Work,2025-04-26 21:58:00,73.7,Yes,Saturday,21
2186,1000,Car wash,Errands,2025-02-06 16:45:00,85.5,No,Thursday,16
2187,1016,Read chapter,Study,2025-05-29 21:41:00,18.4,Yes,Thursday,21
2188,1030,Tidy desk,Chores,2025-04-14 15:23:00,30.0,Yes,Monday,15
2189,1028,Grocery shopping,Chores,2025-05-12 06:03:00,22.7,Yes,Monday,6
2190,1027,Team sync prep,Work,2025-06-18 14:54:00,21.3,Yes,Wednesday,14
2191,1049,Meal prep,Health,2025-01-17 20:02:00,60.2,Yes,Friday,20
2192,1029,Essay draft,Study,2025-01-13 13:18:00,73.7,Yes,Monday,13
2193,1039,Stretching,Health,2025-04-18 11:04:00,32.4,Yes,Friday,11
2194,1019,Stretching,Health,2025-06-12 21:29:00,29.0,Yes,Thursday,21
2195,1031,Laundry,Chores,2025-03-25 16:19:00,48.4,Yes,Tuesday,16
2196,1044,Walk,Health,2025-03-30 06:56:00,87.4,Yes,Sunday,6
2197,1049,Team sync prep,Work,2025-04-28 07:46:00,29.05,Yes,Monday,7
2198,1014,Code review,Work,2025-02-02 18:10:00,46.9,Yes,Sunday,18
2199,1019,Meal prep,Health,2025-02-09 14:59:00,41.0,Yes,Sunday,14
2200,1031,Journaling,Personal,2025-04-05 09:34:00,17.6,No,Saturday,9
2201,1044,Practice problems,Study,2025-06-29 22:46:00,19.2,Yes,Sunday,22
2202,1025,Code review,Work,2025-03-21 11:26:00,59.9,Yes,Friday,11
2203,1019,Call family,Personal,2025-01-15 20:28:00,27.7,Yes,Wednesday,20
2204,1041,Car wash,Errands,2025-01-13 10:59:00,48.6,Yes,Monday,10
2205,1036,Email cleanup,Work,2025-07-25 10:24:00,48.9,Yes,Friday,10
2206,1025,Team sync prep,Work,2025-07-10 18:54:00,21.0,No,Thursday,18
2207,1027,Laundry,Uncategorized,2025-07-02 20:07:00,38.9,Yes,Wednesday,20
2208,1003,Car wash,Errand,2025-01-07 20:31:00,23.9,Yes,Tuesday,20
2209,1019,Code review,Work,2025-06-04 18:11:00,26.3,Yes,Wednesday,18
2210,1046,Meditation,Health,2025-02-27 20:12:00,13.4,No,Thursday,20
2211,1003,Tidy desk,Chores,2025-05-07 11:25:00,40.9,Yes,Wednesday,11
2212,1017,Code review,Work,2025-05-09 13:42:00,18.4,No,Friday,13
2213,1008,Email cleanup,Work,2025-01-26 16:39:00,31.4,Yes,Sunday,16
2214,1025,Stretching,Health,2025-07-28 15:01:00,29.7,Yes,Monday,15
2215,1020,Budget review,Personal,2025-07-22 08:38:00,65.6,Yes,Tuesday,8
2216,1029,Online course module,Study,2025-07-23 22:22:00,40.1,Yes,Wednesday,22
2217,1028,Essay draft,Study,2025-05-05 17:03:00,48.4,Yes,Monday,17
2218,1036,Budget spreadsheet,Work,2025-01-31 21:15:00,18.3,Yes,Friday,21
2219,1042,Budget spreadsheet,Work,2025-01-14 17:59:00,24.6,Yes,Tuesday,17
2220,1044,Workout,Health,2025-07-15 20:08:00,28.4,Yes,Tuesday,20
2221,1037,Meal prep,Health,2025-03-15 21:38:00,86.0,Yes,Saturday,21
2222,1033,Code review,Work,2025-04-19 09:49:00,32.6,Yes,Saturday,9
2223,1021,Sprint planning notes,Work,2025-05-21 14:59:00,23.5,Yes,Wednesday,14
2224,1047,Meditation,Health,2025-02-10 08:35:00,88.1,Yes,Monday,8
2225,1010,Meal prep,Health,2025-06-21 21:29:00,16.2,Yes,Saturday,21
2226,1035,Journaling,Personal,2025-02-10 12:17:00,15.8,Yes,Monday,12
2227,1037,Meal prep,Health,2025-04-13 21:22:00,57.2,No,Sunday,21
2228,1035,Workout,Health,2025-07-27 21:46:00,30.9,Yes,Sunday,21
2229,1029,Pharmacy pickup,Errands,2025-06-07 06:39:00,31.6,Yes,Saturday,6
2230,1022,Vacuuming,Chores,2025-04-12 17:59:00,22.6,Yes,Saturday,17
2231,1002,Walk,Health,2025-02-19 06:31:00,9.3,Yes,Wednesday,6
2232,1007,Meditation,Health,2025-07-14 20:41:00,24.3,No,Monday,20
2233,1003,Code review,Work,2025-06-14 19:54:00,26.6,Yes,Saturday,19
2234,1008,Flashcard review,Study,2025-07-01 08:33:00,48.4,Yes,Tuesday,8
2235,1049,Meal prep,Health,2025-07-16 15:07:00,46.4,Yes,Wednesday,15
2236,1033,Client report,Work,2025-07-18 11:23:00,1.8,Yes,Friday,11
2237,1032,Meditation,Health,2025-03-22 09:18:00,17.4,Yes,Saturday,9
2238,1032,Grocery shopping,Chores,2025-07-21 11:22:00,27.8,Yes,Monday,11
2239,1040,Code review,Work,2025-04-21 16:59:00,11.5,Yes,Monday,16
2240,1006,Code review,Work,2025-02-09 08:44:00,41.7,Yes,Sunday,8
2241,1006,Post office,Uncategorized,2025-07-12 08:47:00,34.7,Yes,Saturday,8
2242,1007,Email cleanup,Work,2025-01-12 21:29:00,33.2,Yes,Sunday,21
2243,1020,Sprint planning notes,Work,2025-06-02 11:44:00,21.8,Yes,Monday,11
2244,1008,Essay draft,Study,2025-05-29 17:22:00,35.2,Yes,Thursday,17
2245,1009,Essay draft,Study,2025-04-20 18:28:00,66.3,Yes,Sunday,18
2246,1016,Sprint planning notes,Uncategorized,2025-03-24 13:03:00,11.3,Yes,Monday,13
2247,1048,Read for fun,Personal,2025-04-17 10:48:00,30.1,Yes,Thursday,10
2248,1044,Flashcard review,Study,2025-04-22 14:19:00,34.7,Yes,Tuesday,14
2249,1038,Budget review,Personal,2025-01-20 20:43:00,35.2,Yes,Monday,20
2250,1013,Sprint planning notes,Work,2025-04-30 07:56:00,7.0,Yes,Wednesday,7
2251,1035,Journaling,Personal,2025-04-17 10:35:00,39.8,Yes,Thursday,10
2252,1022,Tidy desk,Chores,2025-05-14 20:24:00,22.1,No,Wednesday,20
2253,1011,Walk,Health,2025-01-28 15:45:00,40.2,Yes,Tuesday,15
2254,1042,Read chapter,Study,2025-01-06 08:44:00,27.6,Yes,Monday,8
2255,1048,Client report,Work,2025-03-30 09:17:00,37.2,Yes,Sunday,9
2257,1013,Read chapter,Study,2025-05-28 14:18:00,24.1,No,Wednesday,14
2258,1034,Sprint planning notes,Work,2025-01-09 14:34:00,20.4,Yes,Thursday,14
2259,1023,Workout,Health,2025-02-12 07:14:00,71.3,Yes,Wednesday,7
2260,1040,Workout,Health,2025-05-06 17:49:00,29.7,Yes,Tuesday,17
2261,1049,Email cleanup,Work,2025-02-03 15:25:00,50.8,Yes,Monday,15
2262,1032,Client report,Work,2025-06-01 09:53:00,25.2,No,Sunday,9
2263,1033,Walk,Health,2025-06-11 11:26:00,28.4,Yes,Wednesday,11
2264,1033,Code review,Work,2025-03-29 16:36:00,35.5,Yes,Saturday,16
2265,1029,Sprint planning notes,Work,2025-02-23 20:59:00,9.3,Yes,Sunday,20
2266,1022,Call family,Personal,2025-02-10 22:58:00,42.7,No,Monday,22
2267,1041,Code review,Work,2025-01-21 11:21:00,34.4,Yes,Tuesday,11
2268,1041,Read for fun,Personal,2025-07-11 14:57:00,47.3,No,Friday,14
2269,1044,Online course module,Study,2025-07-11 21:29:00,85.9,Yes,Friday,21
2270,1013,Email cleanup,Work,2025-05-17 08:38:00,29.05,Yes,Saturday,8
2271,1015,Post office,Errands,2025-03-05 15:17:00,90.3,Yes,Wednesday,15
2272,1043,Meditation,Health,2025-03-23 19:43:00,9.1,Yes,Sunday,19
2273,1023,Workout,Health,2025-04-03 17:48:00,10.4,Yes,Thursday,17
2274,1025,Client report,Work,2025-01-01 15:38:00,62.6,Yes,Wednesday,15
2275,1039,Pharmacy pickup,Errands,2025-03-08 21:18:00,31.8,Yes,Saturday,21
2276,1022,Sprint planning notes,Work,2025-07-27 07:32:00,32.4,Yes,Sunday,7
2277,1043,Journaling,Personal,2025-03-17 15:23:00,23.2,Yes,Monday,15
2278,1034,Post office,Errands,2025-07-13 09:09:00,29.7,Yes,Sunday,9
2279,1024,Team sync prep,Work,2025-07-25 14:13:00,13.6,Yes,Friday,14
2280,1002,Code review,Work,2025-06-16 15:36:00,20.2,No,Monday,15
2281,1003,Meditation,Health,2025-01-10 10:03:00,47.4,Yes,Friday,10
2282,1047,Vacuuming,Chores,2025-06-23 17:44:00,31.1,Yes,Monday,17
2283,1023,Essay draft,Study,2025-04-26 21:29:00,40.1,Yes,Saturday,21
2284,1040,Read for fun,Personal,2025-01-27 17:07:00,7.2,Yes,Monday,17
2285,1018,Code review,Uncategorized,2025-02-17 12:44:00,9.4,Yes,Monday,12
2286,1004,Flashcard review,Study,2025-04-15 10:30:00,22.7,No,Tuesday,10
2287,1018,Pharmacy pickup,Errands,2025-07-20 16:09:00,65.4,Yes,Sunday,16
2288,1018,Budget spreadsheet,Work,2025-04-16 11:57:00,45.6,Yes,Wednesday,11
2289,1049,Stretching,Health,2025-01-22 13:28:00,3.3,Yes,Wednesday,13
2290,1032,Read chapter,Study,2025-06-16 10:32:00,65.7,Yes,Monday,10
2291,1027,Budget spreadsheet,Uncategorized,2025-04-14 06:00:00,58.1,Yes,Monday,6
2292,1009,Practice problems,Study,2025-03-16 12:36:00,29.6,Yes,Sunday,12
2293,1047,Budget spreadsheet,Work,2025-04-28 07:22:00,26.2,Yes,Monday,7
2294,1031,Practice problems,Study,2025-07-25 13:58:00,59.2,Yes,Friday,13
2295,1018,Walk,Health,2025-05-11 15:48:00,32.0,Yes,Sunday,15
2296,1001,Team sync prep,Work,2025-07-07 20:23:00,14.9,Yes,Monday,20
2297,1045,Sprint planning notes,Work,2025-02-18 15:14:00,8.1,Yes,Tuesday,15
2298,1030,Client report,Work,2025-03-23 09:47:00,15.7,Yes,Sunday,9
2299,1042,Client report,Uncategorized,2025-05-12 10:55:00,24.0,Yes,Monday,10
2300,1032,Budget spreadsheet,Work,2025-04-12 09:52:00,42.0,Yes,Saturday,9
2301,1015,Sprint planning notes,Work,2025-06-26 14:00:00,15.3,Yes,Thursday,14
2302,1013,Pharmacy pickup,Errand,2025-04-08 15:54:00,32.9,Yes,Tuesday,15
2303,1003,Post office,Errands,2025-07-15 10:10:00,1.0,No,Tuesday,10
2304,1004,Car wash,Errands,2025-06-24 21:08:00,21.7,Yes,Tuesday,21
2305,1020,Meal prep,Health,2025-04-16 10:52:00,46.0,Yes,Wednesday,10
2306,1047,Budget spreadsheet,Work,2025-06-02 12:15:00,29.05,Yes,Monday,12
2307,1008,Client report,Work,2025-05-12 16:08:00,16.4,Yes,Monday,16
2308,1044,Essay draft,Study,2025-04-17 15:08:00,14.7,No,Thursday,15
2309,1008,Email cleanup,Work,2025-05-23 18:44:00,19.3,Yes,Friday,18
2310,1005,Dishes,Chores,2025-03-16 12:53:00,17.2,Yes,Sunday,12
2311,1006,Email cleanup,Work,2025-01-24 21:05:00,14.3,Yes,Friday,21
2312,1044,Online course module,Study,2025-06-25 10:49:00,67.8,Yes,Wednesday,10
2313,1022,Post office,Errands,2025-05-20 11:40:00,20.3,Yes,Tuesday,11
2314,1016,Online course module,Study,2025-07-08 13:22:00,14.6,Yes,Tuesday,13
2315,1009,Pharmacy pickup,Errands,2025-06-24 17:17:00,69.5,Yes,Tuesday,17
2316,1048,Post office,Errands,2025-02-21 18:04:00,24.4,Yes,Friday,18
2317,1048,Pharmacy pickup,Errands,2025-01-21 09:22:00,26.3,Yes,Tuesday,9
2318,1027,Sprint planning notes,Uncategorized,2025-06-19 10:47:00,28.4,Yes,Thursday,10
2319,1007,Essay draft,Study,2025-03-28 06:14:00,12.4,Yes,Friday,6
2320,1007,Read for fun,Personal,2025-05-11 22:45:00,44.6,Yes,Sunday,22
2321,1027,Client report,Work,2025-04-16 08:11:00,18.5,Yes,Wednesday,8
2322,1001,Post office,Errands,2025-06-02 17:06:00,6.1,Yes,Monday,17
2323,1026,Meditation,Health,2025-03-28 15:48:00,36.5,Yes,Friday,15
2324,1006,Sprint planning notes,Work,2025-06-02 08:31:00,16.1,Yes,Monday,8
2325,1001,Essay draft,Study,2025-02-01 09:34:00,15.9,Yes,Saturday,9
2326,1042,Online course module,Study,2025-02-05 16:00:00,43.1,Yes,Wednesday,16
2327,1022,Grocery shopping,Chores,2025-05-01 18:54:00,8.4,Yes,Thursday,18
2328,1042,Client report,Work,2025-02-09 08:27:00,30.5,Yes,Sunday,8
2329,1024,Meditation,Health,2025-01-09 08:59:00,3.7,No,Thursday,8
2330,1049,Walk,Health,2025-01-07 11:46:00,2.8,Yes,Tuesday,11
2331,1039,Laundry,Chores,2025-05-26 13:25:00,5.7,Yes,Monday,13
2332,1007,Sprint planning notes,Work,2025-05-13 11:05:00,30.2,Yes,Tuesday,11
2333,1024,Dishes,Chores,2025-01-14 06:20:00,31.2,Yes,Tuesday,6
2334,1019,Car wash,Uncategorized,2025-04-10 18:47:00,49.7,No,Thursday,18
2335,1015,Practice problems,Study,2025-05-19 17:31:00,44.8,No,Monday,17
2336,1044,Journaling,Personal,2025-06-09 14:00:00,66.2,Yes,Monday,14
2337,1047,Car wash,Errands,2025-02-19 15:35:00,29.5,Yes,Wednesday,15
2338,1024,Workout,Health,2025-06-09 13:13:00,15.1,Yes,Monday,13
2339,1015,Read for fun,Personal,2025-06-27 14:37:00,28.5,Yes,Friday,14
2340,1043,Online course module,Study,2025-02-03 16:25:00,13.0,Yes,Monday,16
2341,1010,Flashcard review,Study,2025-01-13 15:09:00,7.8,Yes,Monday,15
2343,1046,Journaling,Personal,2025-07-02 14:10:00,81.5,Yes,Wednesday,14
2344,1009,Client report,Work,2025-06-25 22:31:00,35.4,No,Wednesday,22
2345,1014,Team sync prep,Work,2025-04-11 12:18:00,33.9,Yes,Friday,12
2346,1022,Post office,Errands,2025-04-27 15:55:00,4.9,Yes,Sunday,15
2347,1048,Laundry,Chores,2025-06-19 16:59:00,39.1,No,Thursday,16
2348,1017,Code review,Work,2025-03-03 19:18:00,13.0,Yes,Monday,19
2349,1025,Bank visit,Errands,2025-06-23 06:32:00,30.9,Yes,Monday,6
2350,1008,Online course module,Study,2025-02-11 21:00:00,23.7,Yes,Tuesday,21
2351,1020,Tidy desk,Chores,2025-01-15 12:54:00,48.1,Yes,Wednesday,12
2352,1000,Email cleanup,Work,2025-03-16 11:50:00,14.8,Yes,Sunday,11
2353,1030,Meditation,Health,2025-03-08 08:02:00,12.7,No,Saturday,8
2354,1008,Essay draft,Study,2025-06-03 16:52:00,29.6,Yes,Tuesday,16
2356,1048,Budget spreadsheet,Work,2025-03-13 08:05:00,29.8,Yes,Thursday,8
2357,1048,Post office,Errands,2025-03-13 10:41:00,54.5,Yes,Thursday,10
2358,1039,Code review,Work,2025-06-13 17:20:00,80.9,Yes,Friday,17
2359,1031,Client report,Work,2025-02-04 22:43:00,49.7,Yes,Tuesday,22
2360,1014,Bank visit,Errands,2025-02-13 06:26:00,35.8,Yes,Thursday,6
2361,1042,Workout,Health,2025-05-11 08:31:00,9.1,Yes,Sunday,8
2362,1017,Essay draft,Study,2025-02-01 20:36:00,19.4,No,Saturday,20
2363,1003,Vacuuming,Chores,2025-02-20 07:22:00,6.9,Yes,Thursday,7
2364,1030,Flashcard review,Study,2025-06-10 09:27:00,57.7,Yes,Tuesday,9
2365,1036,Workout,Uncategorized,2025-06-23 11:29:00,50.0,Yes,Monday,11
2366,1018,Stretching,Health,2025-03-22 17:25:00,38.0,Yes,Saturday,17
2367,1040,Budget spreadsheet,Work,2025-06-10 11:36:00,39.3,Yes,Tuesday,11
2368,1013,Budget spreadsheet,Work,2025-05-30 21:42:00,29.05,Yes,Friday,21
2369,1015,Walk,Health,2025-06-25 13:33:00,20.0,Yes,Wednesday,13
2370,1031,Grocery shopping,Chores,2025-04-01 15:41:00,55.9,Yes,Tuesday,15
2372,1019,Sprint planning notes,Work,2025-04-07 21:12:00,27.9,Yes,Monday,21
2373,1014,Car wash,Errands,2025-06-08 09:40:00,61.9,No,Sunday,9
2374,1032,Budget spreadsheet,Work,2025-04-15 14:12:00,96.2,Yes,Tuesday,14
2375,1002,Code review,Work,2025-02-25 11:07:00,29.05,Yes,Tuesday,11
2376,1039,Online course module,Study,2025-02-25 20:40:00,2.1,Yes,Tuesday,20
2377,1010,Laundry,Chores,2025-04-23 11:28:00,31.6,Yes,Wednesday,11
2378,1021,Flashcard review,Study,2025-04-21 22:35:00,44.7,No,Monday,22
2379,1023,Walk,Health,2025-03-18 19:54:00,59.8,Yes,Tuesday,19
2380,1028,Post office,Errands,2025-06-30 11:16:00,36.8,Yes,Monday,11
2381,1049,Tidy desk,Chores,2025-03-15 06:10:00,48.5,Yes,Saturday,6
2382,1032,Sprint planning notes,Work,2025-03-04 14:31:00,25.8,Yes,Tuesday,14
2383,1049,Dishes,Chores,2025-06-27 14:06:00,17.6,Yes,Friday,14
2384,1045,Email cleanup,Work,2025-06-03 07:18:00,22.7,Yes,Tuesday,7
2385,1041,Tidy desk,Chores,2025-01-31 15:02:00,64.2,Yes,Friday,15
2386,1028,Journaling,Personal,2025-05-07 10:20:00,89.6,Yes,Wednesday,10
2387,1019,Meditation,Health,2025-07-18 18:33:00,23.7,Yes,Friday,18
2388,1010,Read chapter,Study,2025-02-20 06:19:00,5.1,No,Thursday,6
2389,1026,Budget spreadsheet,Work,2025-03-27 21:58:00,25.6,No,Thursday,21
2390,1003,Code review,Work,2025-02-28 17:21:00,27.4,Yes,Friday,17
2391,1045,Email cleanup,Work,2025-04-05 20:45:00,22.0,Yes,Saturday,20
2392,1011,Team sync prep,Work,2025-03-14 14:01:00,16.4,Yes,Friday,14
2393,1019,Bank visit,Errands,2025-03-18 16:25:00,27.9,Yes,Tuesday,16
2394,1033,Post office,Errands,2025-07-15 18:21:00,28.9,Yes,Tuesday,18
2395,1003,Grocery shopping,Chores,2025-03-29 20:06:00,40.4,Yes,Saturday,20
2396,1046,Essay draft,Study,2025-05-11 10:12:00,11.6,Yes,Sunday,10
2397,1025,Flashcard review,Study,2025-06-29 11:17:00,50.0,Yes,Sunday,11
2398,1012,Workout,Health,2025-03-29 11:28:00,50.0,Yes,Saturday,11
2399,1011,Vacuuming,Uncategorized,2025-02-12 06:25:00,31.6,Yes,Wednesday,6
2400,1004,Workout,Health,2025-07-27 11:11:00,30.6,Yes,Sunday,11
2401,1039,Grocery shopping,Chores,2025-03-04 18:29:00,46.9,Yes,Tuesday,18
2403,1036,Team sync prep,Work,2025-04-22 15:57:00,57.5,Yes,Tuesday,15
2404,1031,Code review,Work,2025-03-26 21:46:00,42.3,Yes,Wednesday,21
2405,1012,Laundry,Chores,2025-07-24 12:32:00,26.0,Yes,Thursday,12
2406,1023,Bank visit,Uncategorized,2025-02-09 20:06:00,39.8,Yes,Sunday,20
2407,1040,Stretching,Health,2025-05-24 12:26:00,27.0,Yes,Saturday,12
2408,1006,Meal prep,Health,2025-07-14 20:46:00,39.1,Yes,Monday,20
2409,1016,Client report,Work,2025-04-06 16:31:00,73.4,Yes,Sunday,16
2410,1011,Sprint planning notes,Work,2025-07-03 15:54:00,48.1,Yes,Thursday,15
2411,1036,Vacuuming,Chores,2025-05-17 13:26:00,3.9,Yes,Saturday,13
2412,1025,Client report,Work,2025-05-05 12:46:00,41.9,Yes,Monday,12
2413,1012,Call family,Personal,2025-04-15 14:36:00,20.0,No,Tuesday,14
2414,1041,Email cleanup,Work,2025-05-11 21:17:00,43.1,Yes,Sunday,21
2415,1018,Client report,Work,2025-01-15 10:00:00,22.9,Yes,Wednesday,10
2416,1049,Essay draft,Study,2025-04-19 17:36:00,17.8,Yes,Saturday,17
2417,1018,Client report,Work,2025-07-23 21:54:00,17.5,Yes,Wednesday,21
2418,1016,Dishes,Chores,2025-04-28 09:25:00,22.6,Yes,Monday,9
2419,1037,Sprint planning notes,Work,2025-05-08 22:20:00,26.5,No,Thursday,22
2420,1006,Flashcard review,Study,2025-02-08 06:01:00,11.5,Yes,Saturday,6
2421,1012,Client report,Work,2025-06-30 13:18:00,13.5,Yes,Monday,13
2422,1028,Tidy desk,Chores,2025-06-18 09:56:00,29.8,Yes,Wednesday,9
2423,1044,Tidy desk,Chores,2025-04-06 16:26:00,43.9,Yes,Sunday,16
2424,1038,Practice problems,Study,2025-01-01 14:24:00,11.0,Yes,Wednesday,14
2425,1021,Read for fun,Personal,2025-03-03 15:23:00,34.0,No,Monday,15
2426,1016,Email cleanup,Work,2025-05-05 21:14:00,28.7,Yes,Monday,21
2427,1027,Sprint planning notes,Work,2025-01-08 17:04:00,89.4,Yes,Wednesday,17
2428,1038,Team sync prep,Work,2025-05-04 08:03:00,43.7,Yes,Sunday,8
2429,1045,Client report,Uncategorized,2025-01-01 13:57:00,38.0,Yes,Wednesday,13
2430,1002,Online course module,Study,2025-06-03 22:49:00,45.5,No,Tuesday,22
2431,1049,Team sync prep,Work,2025-07-28 07:53:00,6.4,Yes,Monday,7
2432,1037,Call family,Personal,2025-03-31 17:56:00,39.2,Yes,Monday,17
2433,1018,Budget review,Personal,2025-05-17 12:38:00,43.1,Yes,Saturday,12
2434,1025,Call family,Personal,2025-05-05 13:44:00,11.7,Yes,Monday,13
2435,1027,Sprint planning notes,Work,2025-06-19 06:12:00,56.0,Yes,Thursday,6
2436,1005,Meditation,Health,2025-01-27 19:35:00,8.4,No,Monday,19
2437,1024,Flashcard review,Study,2025-02-12 19:37:00,4.5,Yes,Wednesday,19
2438,1025,Client report,Work,2025-05-06 07:42:00,22.8,Yes,Tuesday,7
2440,1014,Read chapter,Study,2025-04-29 17:46:00,65.2,No,Tuesday,17
2441,1007,Essay draft,Study,2025-03-03 10:20:00,12.2,Yes,Monday,10
2442,1035,Online course module,Study,2025-02-03 07:00:00,55.7,Yes,Monday,7
2443,1037,Budget spreadsheet,Uncategorized,2025-07-12 13:42:00,36.5,Yes,Saturday,13
2444,1008,Vacuuming,Chores,2025-01-17 15:53:00,15.6,Yes,Friday,15
2445,1043,Laundry,Chores,2025-01-13 10:35:00,6.1,Yes,Monday,10
2446,1013,Essay draft,Study,2025-07-28 06:12:00,25.2,Yes,Monday,6
2447,1005,Meal prep,Health,2025-07-27 17:49:00,29.7,Yes,Sunday,17
2448,1041,Tidy desk,Chores,2025-07-03 15:32:00,62.3,Yes,Thursday,15
2449,1044,Read chapter,Study,2025-04-17 19:54:00,39.2,Yes,Thursday,19
2450,1028,Tidy desk,Chores,2025-02-03 15:42:00,16.7,Yes,Monday,15
2451,1007,Workout,Health,2025-03-21 17:11:00,9.2,Yes,Friday,17
2452,1032,Workout,Health,2025-07-16 09:01:00,29.1,Yes,Wednesday,9
2453,1039,Meal prep,Health,2025-06-22 19:13:00,14.8,No,Sunday,19
2454,1024,Practice problems,Study,2025-03-08 07:32:00,19.0,Yes,Saturday,7
2455,1009,Sprint planning notes,Work,2025-01-28 19:09:00,31.2,Yes,Tuesday,19
2456,1039,Car wash,Errands,2025-06-17 16:10:00,30.9,No,Tuesday,16
2457,1019,Bank visit,Errands,2025-03-05 17:47:00,32.8,Yes,Wednesday,17
2458,1047,Workout,Health,2025-01-26 08:23:00,8.8,Yes,Sunday,8
2459,1017,Stretching,Health,2025-06-26 15:06:00,32.3,Yes,Thursday,15
2460,1049,Read for fun,Personal,2025-01-15 13:49:00,23.8,Yes,Wednesday,13
2461,1022,Walk,Health,2025-04-11 09:40:00,69.1,Yes,Friday,9
2462,1019,Journaling,Personal,2025-07-16 18:05:00,40.8,Yes,Wednesday,18
2463,1022,Grocery shopping,Chores,2025-07-01 15:59:00,29.8,Yes,Tuesday,15
2464,1028,Practice problems,Study,2025-07-19 08:08:00,46.4,Yes,Saturday,8
2465,1001,Laundry,Chores,2025-05-04 14:17:00,29.8,Yes,Sunday,14
2466,1010,Essay draft,Study,2025-01-02 08:03:00,36.9,Yes,Thursday,8
2467,1026,Call family,Personal,2025-03-18 07:36:00,11.1,Yes,Tuesday,7
2468,1039,Meal prep,Health,2025-03-10 07:48:00,15.2,Yes,Monday,7
2469,1002,Vacuuming,Chores,2025-01-22 10:41:00,51.1,Yes,Wednesday,10
2470,1045,Workout,Health,2025-06-07 13:46:00,45.1,Yes,Saturday,13
2471,1040,Code review,Work,2025-03-28 22:28:00,35.6,Yes,Friday,22
2472,1029,Workout,Health,2025-07-04 22:28:00,49.7,No,Friday,22
2473,1001,Practice problems,Study,2025-05-15 12:24:00,14.5,Yes,Thursday,12
2474,1042,Read chapter,Study,2025-06-01 21:05:00,34.5,Yes,Sunday,21
2475,1033,Essay draft,Study,2025-04-30 18:56:00,10.1,No,Wednesday,18
2476,1028,Workout,Health,2025-06-29 20:10:00,21.2,Yes,Sunday,20
2477,1036,Budget spreadsheet,Work,2025-05-12 14:07:00,57.0,Yes,Monday,14
2478,1039,Dishes,Chores,2025-04-22 08:40:00,96.3,No,Tuesday,8
2479,1013,Walk,Uncategorized,2025-05-03 14:10:00,11.8,Yes,Saturday,14
2480,1013,Email cleanup,Work,2025-07-04 20:10:00,29.0,Yes,Friday,20
2481,1022,Workout,Uncategorized,2025-07-05 16:33:00,43.5,Yes,Saturday,16
2482,1003,Team sync prep,Work,2025-05-03 15:33:00,29.05,No,Saturday,15
2483,1036,Code review,Work,2025-06-03 14:58:00,9.6,Yes,Tuesday,14
2484,1035,Walk,Health,2025-07-26 17:06:00,82.2,Yes,Saturday,17
2485,1008,Code review,Work,2025-01-15 13:17:00,36.8,Yes,Wednesday,13
2486,1033,Email cleanup,Work,2025-04-04 06:15:00,27.6,Yes,Friday,6
2487,1022,Team sync prep,Work,2025-02-14 11:47:00,29.05,No,Friday,11
2488,1033,Read for fun,Personal,2025-01-02 16:21:00,21.1,Yes,Thursday,16
2489,1022,Read chapter,Study,2025-06-05 10:58:00,43.3,Yes,Thursday,10
2490,1003,Team sync prep,Work,2025-07-17 22:19:00,53.5,Yes,Thursday,22
2491,1023,Sprint planning notes,Work,2025-02-03 09:57:00,18.4,Yes,Monday,9
2493,1006,Car wash,Errands,2025-04-10 07:09:00,17.9,Yes,Thursday,7
2494,1005,Code review,Work,2025-03-11 10:32:00,26.3,Yes,Tuesday,10
2495,1037,Laundry,Chores,2025-01-21 13:53:00,3.8,Yes,Tuesday,13
2496,1030,Walk,Health,2025-04-01 19:12:00,29.5,Yes,Tuesday,19
2497,1013,Budget spreadsheet,Work,2025-06-28 10:50:00,60.1,Yes,Saturday,10
2498,1020,Practice problems,Study,2025-05-27 09:32:00,49.3,Yes,Tuesday,9
2499,1015,Essay draft,Study,2025-07-01 15:02:00,12.4,Yes,Tuesday,15
2500,1026,Essay draft,Study,2025-03-01 17:08:00,27.3,Yes,Saturday,17
2501,1016,Journaling,Personal,2025-01-07 14:37:00,29.0,Yes,Tuesday,14
2502,1032,Essay draft,Study,2025-04-17 10:33:00,17.8,Yes,Thursday,10
2503,1028,Email cleanup,Work,2025-03-26 22:20:00,18.7,Yes,Wednesday,22
2504,1018,Client report,Work,2025-01-16 17:28:00,49.0,Yes,Thursday,17
2505,1022,Online course module,Study,2025-01-28 11:51:00,27.8,Yes,Tuesday,11
2506,1015,Grocery shopping,Chores,2025-03-13 21:30:00,6.6,Yes,Thursday,21
2507,1035,Meditation,Health,2025-01-21 09:57:00,58.8,Yes,Tuesday,9
2508,1039,Car wash,Errands,2025-02-11 22:32:00,20.1,Yes,Tuesday,22
2509,1000,Read chapter,Study,2025-03-09 11:26:00,28.0,Yes,Sunday,11
2510,1046,Online course module,Study,2025-04-20 22:07:00,14.1,Yes,Sunday,22
2511,1009,Practice problems,Study,2025-07-23 10:38:00,22.5,Yes,Wednesday,10
2512,1005,Car wash,Errands,2025-07-24 16:44:00,72.7,Yes,Thursday,16
2513,1044,Online course module,Study,2025-03-26 08:49:00,42.7,Yes,Wednesday,8
2514,1014,Online course module,Study,2025-04-04 06:04:00,14.4,Yes,Friday,6
2515,1040,Stretching,Uncategorized,2025-02-28 19:47:00,51.1,Yes,Friday,19
2517,1048,Tidy desk,Chores,2025-06-23 20:10:00,73.0,Yes,Monday,20
2518,1032,Email cleanup,Work,2025-01-20 14:54:00,30.3,Yes,Monday,14
2519,1015,Online course module,Study,2025-05-18 17:56:00,29.6,Yes,Sunday,17
2520,1021,Email cleanup,Work,2025-04-06 10:30:00,59.1,Yes,Sunday,10
2521,1017,Grocery shopping,Chores,2025-02-15 09:45:00,30.6,Yes,Saturday,9
2522,1008,Budget spreadsheet,Work,2025-03-30 10:38:00,90.5,Yes,Sunday,10
2523,1047,Bank visit,Errands,2025-04-01 19:49:00,46.9,Yes,Tuesday,19
2524,1036,Team sync prep,Work,2025-06-15 10:40:00,25.1,Yes,Sunday,10
2525,1028,Code review,Work,2025-03-08 12:44:00,13.0,Yes,Saturday,12
2526,1022,Practice problems,Study,2025-04-30 22:02:00,53.3,Yes,Wednesday,22
2527,1046,Essay draft,Study,2025-04-13 11:45:00,21.1,Yes,Sunday,11
2528,1045,Sprint planning notes,Work,2025-01-16 18:04:00,5.7,No,Thursday,18
2529,1019,Post office,Errands,2025-07-22 11:18:00,4.8,Yes,Tuesday,11
2530,1023,Walk,Health,2025-06-22 20:44:00,22.0,Yes,Sunday,20
2531,1015,Email cleanup,Work,2025-02-05 06:22:00,28.9,No,Wednesday,6
2532,1003,Meditation,Health,2025-07-01 18:19:00,28.4,Yes,Tuesday,18
2533,1046,Practice problems,Study,2025-07-06 12:02:00,23.2,No,Sunday,12
2534,1043,Budget spreadsheet,Work,2025-05-14 07:59:00,19.4,No,Wednesday,7
2535,1043,Flashcard review,Study,2025-02-01 12:38:00,12.4,Yes,Saturday,12
2536,1007,Post office,Errands,2025-01-23 06:09:00,34.5,Yes,Thursday,6
2537,1015,Sprint planning notes,Work,2025-07-29 15:30:00,39.4,Yes,Tuesday,15
2538,1004,Bank visit,Errands,2025-04-25 07:06:00,29.8,Yes,Friday,7
2539,1032,Team sync prep,Work,2025-01-30 11:48:00,29.05,Yes,Thursday,11
2540,1048,Code review,Uncategorized,2025-02-02 18:06:00,30.799999999999997,Yes,Sunday,18
2541,1035,Team sync prep,Work,2025-04-19 13:47:00,47.6,Yes,Saturday,13
2542,1007,Walk,Health,2025-07-12 10:26:00,9.1,Yes,Saturday,10
2543,1000,Dishes,Chores,2025-01-23 10:41:00,69.1,Yes,Thursday,10
2544,1012,Client report,Work,2025-06-09 17:51:00,8.6,Yes,Monday,17
2545,1047,Essay draft,Study,2025-04-12 07:58:00,29.6,Yes,Saturday,7
2546,1024,Bank visit,Errands,2025-03-04 21:48:00,19.4,Yes,Tuesday,21
2547,1041,Grocery shopping,Chores,2025-05-19 09:35:00,16.7,Yes,Monday,9
2548,1019,Essay draft,Study,2025-07-29 19:10:00,16.2,Yes,Tuesday,19
2549,1046,Budget spreadsheet,Work,2025-05-10 13:14:00,71.6,Yes,Saturday,13
2550,1041,Walk,Health,2025-03-19 20:51:00,19.2,Yes,Wednesday,20
2551,1011,Flashcard review,Study,2025-06-13 18:00:00,39.8,Yes,Friday,18
2552,1007,Budget review,Personal,2025-02-15 14:24:00,52.8,Yes,Saturday,14
2553,1041,Online course module,Study,2025-06-29 20:49:00,26.8,Yes,Sunday,20
2554,1048,Flashcard review,Study,2025-02-10 19:09:00,66.5,Yes,Monday,19
2555,1049,Sprint planning notes,Work,2025-03-20 15:57:00,7.1,Yes,Thursday,15
2556,1010,Email cleanup,Work,2025-06-14 20:35:00,16.9,Yes,Saturday,20
2557,1023,Walk,Uncategorized,2025-04-01 19:02:00,44.3,Yes,Tuesday,19
2558,1009,Read chapter,Study,2025-03-28 16:17:00,38.0,Yes,Friday,16
2559,1022,Pharmacy pickup,Errands,2025-06-07 08:54:00,65.5,Yes,Saturday,8
2560,1034,Vacuuming,Chores,2025-04-04 22:52:00,15.5,Yes,Friday,22
2561,1030,Call family,Personal,2025-01-17 12:06:00,3.1,Yes,Friday,12
2562,1014,Online course module,Study,2025-05-18 08:54:00,2.3,Yes,Sunday,8
2563,1030,Email cleanup,Work,2025-02-20 14:19:00,8.4,Yes,Thursday,14
2564,1001,Budget spreadsheet,Work,2025-04-07 13:53:00,6.8,Yes,Monday,13
2565,1049,Dishes,Chores,2025-01-11 19:48:00,21.5,Yes,Saturday,19
2566,1027,Essay draft,Study,2025-05-28 09:42:00,44.9,Yes,Wednesday,9
2567,1042,Pharmacy pickup,Errands,2025-03-20 10:21:00,92.9,Yes,Thursday,10
2569,1017,Flashcard review,Study,2025-01-28 21:43:00,5.8,Yes,Tuesday,21
2570,1002,Essay draft,Study,2025-05-13 22:30:00,46.8,Yes,Tuesday,22
2571,1039,Tidy desk,Chores,2025-03-05 16:45:00,18.7,Yes,Wednesday,16
2572,1022,Laundry,Chores,2025-07-28 22:31:00,48.2,Yes,Monday,22
2573,1040,Online course module,Study,2025-07-05 15:35:00,10.6,Yes,Saturday,15
2574,1049,Car wash,Errands,2025-02-23 22:51:00,24.7,Yes,Sunday,22
2575,1016,Essay draft,Study,2025-05-03 10:57:00,26.8,Yes,Saturday,10
2576,1018,Flashcard review,Study,2025-06-28 07:51:00,22.0,Yes,Saturday,7
2577,1023,Budget review,Personal,2025-02-01 20:22:00,45.6,Yes,Saturday,20
2578,1044,Flashcard review,Study,2025-04-06 10:27:00,64.9,Yes,Sunday,10
2579,1015,Walk,Health,2025-06-07 16:39:00,50.6,Yes,Saturday,16
2580,1031,Grocery shopping,Chores,2025-03-24 11:12:00,41.6,Yes,Monday,11
2581,1012,Meditation,Health,2025-06-22 15:43:00,38.2,Yes,Sunday,15
2582,1024,Team sync prep,Uncategorized,2025-02-11 14:35:00,9.4,Yes,Tuesday,14
2583,1047,Stretching,Health,2025-03-21 08:39:00,2.5,Yes,Friday,8
2584,1041,Practice problems,Study,2025-04-19 20:05:00,32.8,Yes,Saturday,20
2585,1018,Pharmacy pickup,Errands,2025-07-23 12:38:00,32.9,Yes,Wednesday,12
2586,1032,Meditation,Health,2025-01-15 12:37:00,11.1,Yes,Wednesday,12
2588,1016,Flashcard review,Study,2025-01-22 18:09:00,74.0,Yes,Wednesday,18
2589,1041,Pharmacy pickup,Errands,2025-04-29 06:58:00,85.7,No,Tuesday,6
2590,1033,Read chapter,Study,2025-02-10 21:20:00,39.6,Yes,Monday,21
2591,1033,Grocery shopping,Chores,2025-04-04 11:41:00,3.5,Yes,Friday,11
2592,1003,Meal prep,Health,2025-04-10 07:03:00,60.3,Yes,Thursday,7
2593,1017,Team sync prep,Work,2025-06-26 12:17:00,19.5,Yes,Thursday,12
2594,1018,Team sync prep,Uncategorized,2025-02-19 09:30:00,48.3,Yes,Wednesday,9
2595,1014,Tidy desk,Chores,2025-05-03 19:08:00,30.1,No,Saturday,19
2596,1045,Team sync prep,Work,2025-06-08 19:36:00,70.3,Yes,Sunday,19
2597,1001,Dishes,Chores,2025-03-17 18:37:00,48.2,No,Monday,18
2598,1040,Budget spreadsheet,Work,2025-07-13 12:43:00,18.9,No,Sunday,12
2599,1012,Meal prep,Health,2025-04-19 21:15:00,8.8,Yes,Saturday,21
2600,1032,Workout,Health,2025-03-06 06:22:00,22.8,No,Thursday,6
2601,1029,Sprint planning notes,Work,2025-06-01 22:00:00,76.9,Yes,Sunday,22
2603,1004,Bank visit,Errands,2025-02-21 18:21:00,37.5,Yes,Friday,18
2604,1020,Email cleanup,Work,2025-01-21 22:57:00,54.6,Yes,Tuesday,22
2605,1036,Budget review,Personal,2025-05-12 17:30:00,29.0,Yes,Monday,17
2606,1001,Vacuuming,Chores,2025-04-25 19:52:00,93.9,Yes,Friday,19
2607,1033,Pharmacy pickup,Errands,2025-05-24 11:22:00,32.3,Yes,Saturday,11
2608,1013,Workout,Health,2025-05-31 06:03:00,22.7,Yes,Saturday,6
2609,1015,Call family,Personal,2025-02-12 18:20:00,14.1,No,Wednesday,18
2610,1019,Client report,Work,2025-06-02 17:27:00,8.8,Yes,Monday,17
2611,1047,Workout,Health,2025-06-22 08:26:00,23.7,Yes,Sunday,8
2612,1048,Meal prep,Health,2025-02-08 12:54:00,2.8,Yes,Saturday,12
2614,1037,Workout,Health,2025-02-18 08:57:00,27.0,No,Tuesday,8
2615,1027,Dishes,Chores,2025-02-12 19:02:00,11.5,Yes,Wednesday,19
2616,1035,Grocery shopping,Uncategorized,2025-05-27 14:12:00,62.1,Yes,Tuesday,14
2617,1025,Stretching,Health,2025-03-24 07:55:00,26.1,Yes,Monday,7
2618,1039,Laundry,Chores,2025-03-11 18:15:00,23.9,Yes,Tuesday,18
2619,1037,Grocery shopping,Chores,2025-03-09 18:53:00,36.9,Yes,Sunday,18
2620,1028,Email cleanup,Work,2025-06-07 13:04:00,13.8,Yes,Saturday,13
2621,1032,Sprint planning notes,Work,2025-06-11 21:09:00,24.8,Yes,Wednesday,21
2622,1017,Flashcard review,Study,2025-07-24 16:40:00,80.3,Yes,Thursday,16
2623,1025,Client report,Work,2025-07-02 20:34:00,56.6,Yes,Wednesday,20
2624,1004,Flashcard review,Study,2025-04-10 12:25:00,27.0,Yes,Thursday,12
2626,1043,Flashcard review,Study,2025-02-28 10:53:00,11.0,Yes,Friday,10
2627,1043,Laundry,Chores,2025-04-02 19:15:00,19.7,Yes,Wednesday,19
2628,1047,Essay draft,Study,2025-06-07 21:26:00,50.0,Yes,Saturday,21
2629,1012,Budget spreadsheet,Work,2025-07-21 16:52:00,38.3,Yes,Monday,16
2630,1018,Budget spreadsheet,Work,2025-02-17 14:34:00,27.7,Yes,Monday,14
2631,1019,Pharmacy pickup,Errands,2025-02-09 12:55:00,23.3,Yes,Sunday,12
2632,1043,Meal prep,Health,2025-06-25 15:23:00,44.6,Yes,Wednesday,15
2633,1031,Meditation,Health,2025-05-19 13:28:00,16.1,Yes,Monday,13
2635,1002,Essay draft,Study,2025-07-23 17:40:00,4.5,Yes,Wednesday,17
2637,1038,Sprint planning notes,Uncategorized,2025-04-20 17:22:00,14.0,Yes,Sunday,17
2638,1045,Online course module,Study,2025-05-23 06:04:00,29.6,Yes,Friday,6
2639,1022,Sprint planning notes,Work,2025-05-05 18:40:00,10.5,Yes,Monday,18
2640,1011,Stretching,Health,2025-05-16 18:54:00,66.7,No,Friday,18
2641,1019,Grocery shopping,Chores,2025-01-10 08:21:00,26.1,Yes,Friday,8
2642,1024,Essay draft,Study,2025-04-21 12:41:00,21.6,Yes,Monday,12
2643,1011,Laundry,Chores,2025-03-03 13:03:00,61.4,Yes,Monday,13
2644,1025,Email cleanup,Work,2025-01-23 19:16:00,60.3,Yes,Thursday,19
2645,1015,Tidy desk,Chores,2025-07-07 18:27:00,43.7,Yes,Monday,18
2646,1025,Journaling,Personal,2025-01-25 16:38:00,56.2,Yes,Saturday,16
2647,1011,Essay draft,Study,2025-06-05 13:50:00,87.1,Yes,Thursday,13
2648,1018,Practice problems,Study,2025-01-24 14:02:00,69.1,Yes,Friday,14
2649,1048,Sprint planning notes,Work,2025-02-10 07:41:00,26.9,Yes,Monday,7
2650,1030,Car wash,Errand,2025-04-11 10:13:00,8.7,Yes,Friday,10
2651,1014,Budget spreadsheet,Work,2025-01-30 21:23:00,4.1,No,Thursday,21
2652,1043,Code review,Work,2025-04-26 06:03:00,39.1,Yes,Saturday,6
2653,1035,Car wash,Errands,2025-03-13 22:04:00,15.5,Yes,Thursday,22
2654,1024,Practice problems,Study,2025-05-30 07:09:00,20.0,Yes,Friday,7
2655,1024,Meditation,Health,2025-06-29 07:27:00,28.4,Yes,Sunday,7
2656,1021,Meditation,Health,2025-02-11 07:27:00,4.6,Yes,Tuesday,7
2657,1027,Client report,Work,2025-03-28 22:57:00,31.5,Yes,Friday,22
2658,1035,Read chapter,Study,2025-02-23 10:17:00,29.6,Yes,Sunday,10
2659,1033,Journaling,Uncategorized,2025-06-12 09:58:00,30.799999999999997,Yes,Thursday,9
2660,1046,Meal prep,Health,2025-01-18 16:29:00,13.0,Yes,Saturday,16
2661,1030,Practice problems,Study,2025-01-05 18:52:00,23.8,Yes,Sunday,18
2662,1048,Team sync prep,Work,2025-01-31 14:09:00,40.3,No,Friday,14
2663,1019,Sprint planning notes,Work,2025-01-02 19:50:00,29.05,Yes,Thursday,19
2664,1011,Read for fun,Personal,2025-01-25 07:23:00,12.6,Yes,Saturday,7
2665,1015,Car wash,Errands,2025-04-20 21:19:00,36.4,No,Sunday,21
2666,1004,Stretching,Health,2025-05-22 19:05:00,38.3,Yes,Thursday,19
2667,1043,Team sync prep,Work,2025-04-09 13:34:00,9.6,Yes,Wednesday,13
2668,1001,Laundry,Chores,2025-06-18 18:00:00,27.4,No,Wednesday,18
2669,1032,Budget spreadsheet,Work,2025-05-20 07:24:00,28.3,Yes,Tuesday,7
2670,1023,Tidy desk,Uncategorized,2025-02-19 19:42:00,20.2,Yes,Wednesday,19
2671,1013,Online course module,Study,2025-06-01 12:18:00,32.5,Yes,Sunday,12
2673,1021,Tidy desk,Chores,2025-06-23 12:40:00,27.9,Yes,Monday,12
2674,1027,Sprint planning notes,Work,2025-04-19 18:39:00,29.05,Yes,Saturday,18
2675,1007,Email cleanup,Work,2025-01-02 20:06:00,8.7,Yes,Thursday,20
2676,1049,Bank visit,Errand,2025-06-19 08:04:00,19.9,Yes,Thursday,8
2677,1036,Practice problems,Study,2025-03-01 07:00:00,25.6,No,Saturday,7
2678,1019,Client report,Work,2025-06-25 06:06:00,70.2,Yes,Wednesday,6
2679,1017,Read chapter,Study,2025-03-24 06:22:00,4.9,Yes,Monday,6
2680,1047,Online course module,Study,2025-05-11 06:45:00,38.6,Yes,Sunday,6
2681,1002,Client report,Work,2025-05-15 13:56:00,24.9,Yes,Thursday,13
2682,1041,Essay draft,Study,2025-05-08 19:22:00,8.2,Yes,Thursday,19
2683,1036,Laundry,Chores,2025-01-01 08:54:00,34.5,Yes,Wednesday,8
2685,1014,Client report,Uncategorized,2025-07-06 09:28:00,50.2,Yes,Sunday,9
2686,1036,Vacuuming,Chores,2025-07-02 07:34:00,48.3,Yes,Wednesday,7
2687,1013,Client report,Work,2025-06-24 12:12:00,10.3,Yes,Tuesday,12
2688,1009,Pharmacy pickup,Errands,2025-03-24 22:10:00,30.9,Yes,Monday,22
2689,1020,Meal prep,Health,2025-02-26 08:24:00,19.5,Yes,Wednesday,8
2690,1041,Vacuuming,Chores,2025-07-21 14:36:00,4.9,Yes,Monday,14
2691,1037,Workout,Health,2025-02-02 21:57:00,76.8,Yes,Sunday,21
2692,1011,Journaling,Personal,2025-07-03 12:38:00,29.7,Yes,Thursday,12
2693,1020,Bank visit,Errands,2025-01-13 07:20:00,55.0,Yes,Monday,7
2694,1048,Meal prep,Health,2025-01-10 14:05:00,51.4,No,Friday,14
2695,1019,Team sync prep,Work,2025-05-04 08:12:00,4.5,Yes,Sunday,8
2696,1032,Stretching,Health,2025-03-29 14:35:00,61.4,Yes,Saturday,14
2697,1002,Essay draft,Study,2025-05-06 08:53:00,14.5,No,Tuesday,8
2698,1047,Laundry,Chores,2025-07-20 10:16:00,57.3,No,Sunday,10
2700,1016,Meal prep,Health,2025-05-09 17:37:00,28.4,No,Friday,17
2701,1020,Code review,Work,2025-05-11 12:02:00,40.7,Yes,Sunday,12
2702,1010,Team sync prep,Work,2025-02-06 08:36:00,29.8,Yes,Thursday,8
2703,1029,Code review,Work,2025-01-28 17:25:00,3.0,Yes,Tuesday,17
2704,1026,Email cleanup,Work,2025-07-14 06:32:00,39.7,Yes,Monday,6
2705,1002,Team sync prep,Work,2025-01-29 09:36:00,68.9,Yes,Wednesday,9
2707,1044,Email cleanup,Work,2025-02-11 17:29:00,39.4,Yes,Tuesday,17
2708,1003,Budget spreadsheet,Work,2025-04-06 10:56:00,12.9,Yes,Sunday,10
2709,1029,Post office,Errands,2025-07-15 19:07:00,22.4,Yes,Tuesday,19
2710,1023,Flashcard review,Study,2025-02-24 07:43:00,16.8,Yes,Monday,7
2711,1038,Online course module,Study,2025-07-29 10:14:00,19.6,Yes,Tuesday,10
2712,1029,Grocery shopping,Chores,2025-03-31 08:35:00,20.3,Yes,Monday,8
2713,1007,Tidy desk,Chores,2025-01-31 10:53:00,31.6,Yes,Friday,10
2714,1039,Team sync prep,Work,2025-03-29 12:49:00,28.2,Yes,Saturday,12
2715,1041,Team sync prep,Work,2025-05-11 19:16:00,29.05,No,Sunday,19
2716,1030,Practice problems,Study,2025-07-28 08:54:00,12.0,Yes,Monday,8
2717,1022,Flashcard review,Study,2025-03-10 06:20:00,27.0,Yes,Monday,6
2719,1005,Client report,Work,2025-06-09 06:41:00,15.4,Yes,Monday,6
2720,1005,Walk,Health,2025-05-01 21:39:00,6.1,Yes,Thursday,21
2721,1029,Sprint planning notes,Work,2025-06-10 19:39:00,20.2,Yes,Tuesday,19
2722,1045,Meal prep,Health,2025-01-14 22:51:00,52.6,Yes,Tuesday,22
2723,1041,Read for fun,Personal,2025-05-22 18:05:00,40.8,Yes,Thursday,18
2724,1041,Essay draft,Study,2025-03-21 18:06:00,27.6,Yes,Friday,18
2725,1011,Post office,Errands,2025-03-30 17:05:00,51.8,No,Sunday,17
2726,1033,Walk,Health,2025-06-14 18:49:00,30.7,Yes,Saturday,18
2727,1000,Online course module,Study,2025-06-13 10:21:00,29.6,Yes,Friday,10
2728,1034,Car wash,Errands,2025-02-02 11:02:00,23.0,Yes,Sunday,11
2729,1015,Laundry,Chores,2025-07-26 11:08:00,29.4,Yes,Saturday,11
2730,1017,Post office,Errands,2025-01-19 16:20:00,33.4,Yes,Sunday,16
2731,1045,Read chapter,Study,2025-01-15 06:59:00,11.8,Yes,Wednesday,6
2732,1036,Team sync prep,Work,2025-04-30 21:54:00,29.3,Yes,Wednesday,21
2733,1025,Client report,Work,2025-03-23 13:44:00,26.1,Yes,Sunday,13
2734,1006,Grocery shopping,Chores,2025-06-29 16:48:00,21.2,Yes,Sunday,16
2735,1045,Code review,Work,2025-02-07 06:53:00,40.7,Yes,Friday,6
2736,1028,Bank visit,Errands,2025-03-13 14:14:00,13.9,Yes,Thursday,14
2737,1005,Stretching,Health,2025-07-07 11:26:00,12.9,Yes,Monday,11
2738,1044,Read chapter,Study,2025-02-18 12:14:00,48.4,Yes,Tuesday,12
2739,1017,Read chapter,Study,2025-01-13 15:12:00,23.7,Yes,Monday,15
2740,1016,Sprint planning notes,Work,2025-01-08 10:52:00,40.4,Yes,Wednesday,10
2741,1036,Budget spreadsheet,Work,2025-04-19 18:43:00,71.2,Yes,Saturday,18
2742,1022,Laundry,Chores,2025-06-18 08:51:00,81.5,Yes,Wednesday,8
2743,1024,Essay draft,Study,2025-05-10 19:30:00,50.4,Yes,Saturday,19
2744,1004,Workout,Health,2025-01-22 10:39:00,44.2,Yes,Wednesday,10
2745,1040,Client report,Work,2025-07-14 22:52:00,68.3,Yes,Monday,22
2746,1035,Practice problems,Study,2025-04-03 09:45:00,23.7,Yes,Thursday,9
2747,1030,Essay draft,Study,2025-02-25 09:10:00,34.0,Yes,Tuesday,9
2748,1045,Dishes,Uncategorized,2025-03-24 11:58:00,10.7,Yes,Monday,11
2749,1000,Car wash,Errands,2025-07-25 06:04:00,31.1,Yes,Friday,6
2750,1002,Grocery shopping,Chores,2025-04-29 18:44:00,23.8,Yes,Tuesday,18
2751,1025,Email cleanup,Work,2025-07-10 08:34:00,27.8,Yes,Thursday,8
2752,1044,Budget spreadsheet,Work,2025-02-13 07:28:00,67.5,Yes,Thursday,7
2753,1004,Tidy desk,Chores,2025-03-11 15:59:00,29.8,Yes,Tuesday,15
2754,1039,Practice problems,Study,2025-04-05 11:21:00,66.6,Yes,Saturday,11
2755,1017,Team sync prep,Work,2025-05-13 12:53:00,31.6,Yes,Tuesday,12
2756,1004,Bank visit,Errands,2025-05-27 22:27:00,21.9,Yes,Tuesday,22
2757,1005,Read for fun,Personal,2025-03-11 09:57:00,88.2,Yes,Tuesday,9
2758,1020,Meditation,Health,2025-06-12 16:22:00,13.0,Yes,Thursday,16
2759,1036,Meditation,Health,2025-06-05 21:48:00,17.9,Yes,Thursday,21
2760,1042,Read chapter,Study,2025-02-24 19:35:00,13.8,Yes,Monday,19
2761,1017,Read chapter,Study,2025-06-06 10:03:00,43.5,Yes,Friday,10
2762,1002,Read for fun,Personal,2025-03-26 11:03:00,14.7,Yes,Wednesday,11
2763,1041,Meditation,Health,2025-07-23 12:28:00,8.1,Yes,Wednesday,12
2764,1024,Walk,Health,2025-04-05 12:30:00,20.8,Yes,Saturday,12
2765,1007,Client report,Work,2025-07-06 19:40:00,63.4,Yes,Sunday,19
2766,1034,Post office,Errands,2025-01-02 07:38:00,29.5,Yes,Thursday,7
2767,1044,Team sync prep,Work,2025-03-21 20:13:00,16.4,No,Friday,20
2769,1039,Flashcard review,Study,2025-04-21 22:52:00,39.7,Yes,Monday,22
2770,1015,Post office,Errands,2025-03-24 15:14:00,83.6,Yes,Monday,15
2771,1024,Read chapter,Study,2025-03-13 21:47:00,9.2,Yes,Thursday,21
2772,1021,Sprint planning notes,Work,2025-06-06 07:34:00,46.0,Yes,Friday,7
2773,1036,Bank visit,Errands,2025-05-23 06:33:00,70.4,Yes,Friday,6
2774,1013,Vacuuming,Chores,2025-05-20 21:00:00,37.0,Yes,Tuesday,21
2775,1005,Code review,Work,2025-05-31 12:27:00,53.2,Yes,Saturday,12
2776,1007,Online course module,Study,2025-06-06 08:14:00,13.8,No,Friday,8
2777,1019,Bank visit,Errands,2025-03-24 13:02:00,25.5,Yes,Monday,13
2778,1026,Essay draft,Study,2025-03-04 08:12:00,27.4,Yes,Tuesday,8
2779,1008,Essay draft,Study,2025-02-22 15:21:00,14.7,Yes,Saturday,15
2780,1005,Code review,Work,2025-04-03 14:00:00,19.8,Yes,Thursday,14
2781,1014,Code review,Work,2025-06-25 18:37:00,38.7,No,Wednesday,18
2782,1042,Email cleanup,Work,2025-05-02 10:08:00,19.7,No,Friday,10
2783,1030,Client report,Work,2025-01-17 12:17:00,17.1,Yes,Friday,12
2784,1016,Client report,Work,2025-04-21 10:31:00,65.3,Yes,Monday,10
2785,1009,Sprint planning notes,Work,2025-03-11 20:39:00,9.7,Yes,Tuesday,20
2786,1019,Bank visit,Errands,2025-03-03 08:30:00,30.9,Yes,Monday,8
2787,1042,Client report,Work,2025-01-30 12:47:00,36.6,Yes,Thursday,12
2788,1008,Budget review,Uncategorized,2025-04-03 10:19:00,36.4,No,Thursday,10
2789,1020,Read chapter,Study,2025-06-01 14:42:00,27.4,Yes,Sunday,14
2790,1034,Meal prep,Health,2025-03-12 13:31:00,11.4,Yes,Wednesday,13
2791,1006,Tidy desk,Chores,2025-06-21 20:43:00,48.8,Yes,Saturday,20
2792,1000,Journaling,Personal,2025-07-08 10:15:00,12.7,Yes,Tuesday,10
2793,1029,Laundry,Chores,2025-03-11 15:51:00,28.2,Yes,Tuesday,15
2794,1012,Online course module,Study,2025-07-05 11:52:00,13.7,Yes,Saturday,11
2795,1036,Read chapter,Study,2025-03-22 08:23:00,30.9,Yes,Saturday,8
2796,1047,Flashcard review,Study,2025-04-20 14:43:00,27.1,Yes,Sunday,14
2797,1007,Workout,Health,2025-04-25 08:15:00,16.9,Yes,Friday,8
2798,1048,Bank visit,Errands,2025-07-23 19:55:00,10.5,Yes,Wednesday,19
2799,1047,Meditation,Health,2025-05-27 16:40:00,15.2,Yes,Tuesday,16
2800,1020,Sprint planning notes,Work,2025-03-03 08:16:00,29.05,Yes,Monday,8
2801,1041,Journaling,Personal,2025-01-07 06:01:00,16.9,Yes,Tuesday,6
2802,1041,Essay draft,Uncategorized,2025-05-08 21:41:00,7.4,Yes,Thursday,21
2803,1047,Meal prep,Health,2025-06-02 19:54:00,16.5,Yes,Monday,19
2804,1019,Read chapter,Study,2025-04-02 10:49:00,13.1,Yes,Wednesday,10
2805,1026,Online course module,Study,2025-05-12 21:35:00,21.3,Yes,Monday,21
2806,1029,Budget review,Personal,2025-02-09 21:26:00,23.1,Yes,Sunday,21
2807,1011,Post office,Uncategorized,2025-06-08 14:54:00,39.8,Yes,Sunday,14
2808,1024,Online course module,Study,2025-01-22 07:15:00,11.7,Yes,Wednesday,7
2809,1030,Budget spreadsheet,Work,2025-02-15 11:41:00,33.3,No,Saturday,11
2810,1029,Walk,Health,2025-01-25 22:34:00,37.8,Yes,Saturday,22
2811,1018,Meditation,Health,2025-07-08 14:01:00,8.4,Yes,Tuesday,14
2812,1017,Meal prep,Health,2025-03-13 21:16:00,27.1,Yes,Thursday,21
2813,1047,Bank visit,Errands,2025-01-12 11:06:00,38.7,Yes,Sunday,11
2815,1043,Code review,Work,2025-04-02 17:23:00,35.9,Yes,Wednesday,17
2816,1035,Sprint planning notes,Work,2025-05-26 06:50:00,72.9,No,Monday,6
2817,1043,Client report,Work,2025-01-08 08:17:00,29.3,Yes,Wednesday,8
2818,1040,Meal prep,Health,2025-01-08 14:13:00,78.7,Yes,Wednesday,14
2819,1007,Budget spreadsheet,Work,2025-05-22 07:50:00,15.4,Yes,Thursday,7
2820,1041,Code review,Work,2025-07-01 22:59:00,34.7,Yes,Tuesday,22
2821,1015,Vacuuming,Chores,2025-01-16 06:50:00,7.0,Yes,Thursday,6
2823,1042,Laundry,Chores,2025-04-30 10:37:00,5.7,Yes,Wednesday,10
2825,1016,Laundry,Chores,2025-07-02 20:15:00,6.5,Yes,Wednesday,20
2826,1038,Read chapter,Study,2025-07-22 12:35:00,33.2,Yes,Tuesday,12
2827,1016,Flashcard review,Study,2025-01-23 08:33:00,14.3,Yes,Thursday,8
2828,1026,Tidy desk,Chores,2025-02-22 14:48:00,6.8,No,Saturday,14
2829,1002,Online course module,Study,2025-07-19 18:42:00,28.2,Yes,Saturday,18
2830,1015,Sprint planning notes,Work,2025-04-08 17:53:00,15.7,Yes,Tuesday,17
2831,1007,Vacuuming,Chores,2025-01-12 14:33:00,23.2,Yes,Sunday,14
2833,1004,Budget spreadsheet,Work,2025-07-19 16:22:00,10.3,Yes,Saturday,16
2834,1002,Client report,Work,2025-06-30 14:42:00,33.4,Yes,Monday,14
2835,1019,Email cleanup,Work,2025-06-28 20:19:00,13.3,Yes,Saturday,20
2836,1001,Pharmacy pickup,Errands,2025-01-19 13:25:00,77.7,Yes,Sunday,13
2837,1035,Car wash,Errands,2025-03-05 15:37:00,27.6,Yes,Wednesday,15
2838,1000,Vacuuming,Chores,2025-01-04 11:23:00,8.4,Yes,Saturday,11
2839,1030,Read chapter,Study,2025-04-19 10:52:00,24.4,Yes,Saturday,10
2840,1030,Bank visit,Errands,2025-04-17 15:40:00,30.9,Yes,Thursday,15
2841,1029,Code review,Work,2025-02-13 22:44:00,18.9,Yes,Thursday,22
2842,1026,Online course module,Study,2025-02-20 21:58:00,54.4,Yes,Thursday,21
2843,1001,Post office,Errands,2025-02-07 07:30:00,16.0,Yes,Friday,7
2844,1002,Pharmacy pickup,Errands,2025-04-19 22:54:00,30.9,Yes,Saturday,22
2845,1020,Essay draft,Study,2025-04-01 10:15:00,68.3,Yes,Tuesday,10
2846,1027,Laundry,Chores,2025-02-23 09:31:00,14.1,Yes,Sunday,9
2847,1031,Client report,Work,2025-01-11 06:29:00,16.8,Yes,Saturday,6
2848,1044,Budget spreadsheet,Work,2025-07-19 14:42:00,14.0,Yes,Saturday,14
2849,1008,Car wash,Errands,2025-03-11 14:08:00,25.0,No,Tuesday,14
2850,1034,Vacuuming,Chores,2025-02-07 10:50:00,6.8,Yes,Friday,10
2851,1038,Essay draft,Study,2025-01-26 12:04:00,29.6,Yes,Sunday,12
2852,1006,Stretching,Health,2025-01-20 22:58:00,7.3,No,Monday,22
2853,1023,Laundry,Chores,2025-05-05 11:21:00,34.0,No,Monday,11
2854,1047,Online course module,Study,2025-04-08 17:10:00,60.2,Yes,Tuesday,17
2855,1036,Stretching,Health,2025-03-25 20:38:00,41.8,Yes,Tuesday,20
2856,1005,Call family,Personal,2025-03-15 07:49:00,21.4,Yes,Saturday,7
2857,1027,Tidy desk,Chores,2025-04-22 19:56:00,3.5,Yes,Tuesday,19
2858,1016,Read chapter,Study,2025-07-19 17:43:00,5.7,Yes,Saturday,17
2859,1006,Budget spreadsheet,Work,2025-01-05 15:29:00,26.0,Yes,Sunday,15
2860,1009,Call family,Personal,2025-04-25 08:28:00,3.2,Yes,Friday,8
2861,1034,Dishes,Chores,2025-06-01 10:41:00,29.0,Yes,Sunday,10
2863,1003,Team sync prep,Work,2025-04-30 14:38:00,8.2,No,Wednesday,14
2864,1018,Read chapter,Study,2025-06-30 22:40:00,74.1,Yes,Monday,22
2865,1030,Post office,Uncategorized,2025-04-20 06:11:00,4.2,Yes,Sunday,6
2866,1026,Read chapter,Study,2025-02-04 21:39:00,29.7,Yes,Tuesday,21
2867,1023,Grocery shopping,Chores,2025-01-24 09:20:00,23.1,Yes,Friday,9
2868,1025,Vacuuming,Chores,2025-06-29 18:02:00,21.8,Yes,Sunday,18
2870,1013,Stretching,Health,2025-06-07 06:01:00,40.6,Yes,Saturday,6
2871,1034,Budget review,Personal,2025-01-28 22:11:00,34.2,Yes,Tuesday,22
2872,1012,Vacuuming,Chores,2025-06-21 10:26:00,65.3,Yes,Saturday,10
2873,1023,Walk,Health,2025-01-04 12:41:00,36.1,Yes,Saturday,12
2874,1017,Laundry,Chores,2025-06-27 09:51:00,30.9,Yes,Friday,9
2875,1015,Online course module,Study,2025-05-12 21:15:00,25.8,No,Monday,21
2876,1040,Stretching,Health,2025-07-07 22:20:00,42.8,Yes,Monday,22
2877,1002,Meal prep,Health,2025-02-22 19:29:00,42.1,Yes,Saturday,19
2878,1043,Dishes,Chores,2025-03-01 09:05:00,11.4,No,Saturday,9
2879,1003,Code review,Uncategorized,2025-05-19 06:05:00,6.7,Yes,Monday,6
2880,1048,Meditation,Health,2025-03-13 11:59:00,66.6,Yes,Thursday,11
2881,1007,Client report,Work,2025-01-01 16:06:00,28.0,Yes,Wednesday,16
2882,1004,Sprint planning notes,Work,2025-04-04 14:57:00,25.5,Yes,Friday,14
2883,1014,Pharmacy pickup,Errand,2025-01-25 12:14:00,11.6,Yes,Saturday,12
2884,1025,Online course module,Study,2025-06-02 20:46:00,29.3,Yes,Monday,20
2885,1030,Bank visit,Errands,2025-03-12 12:28:00,15.3,Yes,Wednesday,12
2886,1023,Code review,Work,2025-05-05 15:35:00,23.4,Yes,Monday,15
2887,1005,Journaling,Uncategorized,2025-03-29 21:39:00,35.0,Yes,Saturday,21
2888,1047,Tidy desk,Chores,2025-06-12 14:40:00,31.9,No,Thursday,14
2889,1031,Client report,Work,2025-05-06 16:08:00,2.2,Yes,Tuesday,16
2890,1015,Post office,Errands,2025-03-10 16:04:00,10.9,Yes,Monday,16
2891,1012,Laundry,Chores,2025-05-21 16:27:00,16.7,Yes,Wednesday,16
2892,1027,Read chapter,Study,2025-03-10 12:56:00,27.0,Yes,Monday,12
2893,1014,Meditation,Health,2025-01-27 19:01:00,21.3,Yes,Monday,19
2894,1027,Dishes,Chore,2025-01-27 22:59:00,28.8,Yes,Monday,22
2895,1000,Call family,Personal,2025-03-20 20:52:00,46.2,Yes,Thursday,20
2896,1025,Online course module,Study,2025-07-03 06:21:00,39.9,Yes,Thursday,6
2897,1047,Sprint planning notes,Uncategorized,2025-07-08 10:38:00,34.0,Yes,Tuesday,10
2898,1035,Vacuuming,Chores,2025-03-10 20:09:00,71.8,Yes,Monday,20
2899,1021,Pharmacy pickup,Errands,2025-02-21 13:51:00,53.5,Yes,Friday,13
2900,1002,Practice problems,Study,2025-02-21 08:05:00,11.6,Yes,Friday,8
2901,1035,Tidy desk,Chores,2025-06-07 12:10:00,43.8,Yes,Saturday,12
2902,1015,Essay draft,Study,2025-03-20 13:22:00,31.0,Yes,Thursday,13
2903,1019,Essay draft,Study,2025-01-09 21:49:00,26.7,Yes,Thursday,21
2904,1008,Bank visit,Uncategorized,2025-06-05 20:52:00,33.0,No,Thursday,20
2905,1007,Code review,Work,2025-05-14 22:05:00,28.4,Yes,Wednesday,22
2906,1006,Meditation,Health,2025-01-04 20:40:00,14.0,Yes,Saturday,20
2907,1011,Sprint planning notes,Work,2025-01-16 14:01:00,68.8,Yes,Thursday,14
2908,1006,Team sync prep,Work,2025-03-20 17:22:00,35.4,Yes,Thursday,17
2909,1047,Team sync prep,Work,2025-03-27 19:45:00,29.05,No,Thursday,19
2910,1047,Dishes,Chores,2025-04-29 14:57:00,37.0,Yes,Tuesday,14
2911,1001,Post office,Errands,2025-04-09 12:16:00,13.6,Yes,Wednesday,12
2912,1032,Team sync prep,Work,2025-06-28 13:32:00,51.7,Yes,Saturday,13
2913,1035,Online course module,Study,2025-02-06 17:37:00,70.7,Yes,Thursday,17
2914,1003,Journaling,Uncategorized,2025-02-08 11:14:00,10.7,Yes,Saturday,11
2915,1037,Practice problems,Study,2025-03-06 13:48:00,49.4,No,Thursday,13
2916,1033,Online course module,Study,2025-01-21 09:09:00,33.7,Yes,Tuesday,9
2917,1024,Call family,Uncategorized,2025-02-12 12:24:00,10.5,Yes,Wednesday,12
2918,1014,Bank visit,Errands,2025-04-27 15:02:00,10.1,Yes,Sunday,15
2919,1019,Budget spreadsheet,Work,2025-01-19 16:06:00,8.4,Yes,Sunday,16
2920,1018,Grocery shopping,Chores,2025-02-27 16:57:00,29.8,Yes,Thursday,16
2921,1025,Pharmacy pickup,Errands,2025-07-14 13:39:00,61.5,Yes,Monday,13
2922,1030,Budget review,Personal,2025-02-26 10:02:00,13.8,Yes,Wednesday,10
2923,1043,Dishes,Chores,2025-01-29 10:53:00,15.1,Yes,Wednesday,10
2924,1017,Read chapter,Study,2025-04-24 20:42:00,41.0,Yes,Thursday,20
2925,1010,Sprint planning notes,Work,2025-01-17 06:59:00,17.5,Yes,Friday,6
2926,1042,Laundry,Chores,2025-06-06 07:59:00,32.9,Yes,Friday,7
2927,1042,Pharmacy pickup,Errands,2025-02-10 16:28:00,5.7,Yes,Monday,16
2928,1007,Client report,Work,2025-04-15 20:41:00,59.2,Yes,Tuesday,20
2929,1015,Dishes,Chores,2025-01-16 10:04:00,85.3,Yes,Thursday,10
2930,1024,Team sync prep,Work,2025-04-22 20:57:00,33.0,Yes,Tuesday,20
2931,1032,Email cleanup,Work,2025-06-04 08:45:00,19.0,Yes,Wednesday,8
2932,1044,Sprint planning notes,Work,2025-01-04 07:39:00,19.9,Yes,Saturday,7
2933,1044,Read chapter,Study,2025-02-25 06:20:00,17.7,Yes,Tuesday,6
2934,1033,Journaling,Uncategorized,2025-03-29 14:04:00,15.8,Yes,Saturday,14
2935,1026,Journaling,Personal,2025-06-20 14:41:00,55.6,Yes,Friday,14
2936,1003,Bank visit,Errands,2025-01-13 21:39:00,59.2,Yes,Monday,21
2937,1000,Flashcard review,Study,2025-05-04 17:10:00,77.5,Yes,Sunday,17
2938,1048,Read chapter,Study,2025-02-12 09:20:00,43.0,Yes,Wednesday,9
2939,1005,Meditation,Health,2025-04-03 22:15:00,58.3,Yes,Thursday,22
2940,1047,Laundry,Chores,2025-05-17 09:36:00,65.7,Yes,Saturday,9
2941,1041,Code review,Work,2025-04-06 09:30:00,39.5,Yes,Sunday,9
2943,1031,Flashcard review,Study,2025-02-07 16:24:00,34.3,Yes,Friday,16
2944,1008,Practice problems,Study,2025-07-08 09:37:00,57.9,Yes,Tuesday,9
2945,1033,Vacuuming,Chores,2025-03-21 20:13:00,56.9,Yes,Friday,20
2946,1016,Team sync prep,Work,2025-01-05 15:07:00,14.7,Yes,Sunday,15
2947,1026,Pharmacy pickup,Errands,2025-07-01 07:17:00,18.4,Yes,Tuesday,7
2948,1001,Tidy desk,Chores,2025-03-26 17:04:00,3.9,Yes,Wednesday,17
2949,1048,Post office,Errands,2025-04-06 07:55:00,16.5,Yes,Sunday,7
2950,1006,Email cleanup,Work,2025-04-02 12:44:00,10.4,Yes,Wednesday,12
2951,1020,Meal prep,Health,2025-04-07 17:03:00,52.8,Yes,Monday,17
2952,1015,Vacuuming,Chores,2025-05-29 10:22:00,30.0,Yes,Thursday,10
2953,1048,Client report,Work,2025-05-01 20:27:00,29.05,Yes,Thursday,20
2954,1032,Flashcard review,Study,2025-02-19 10:08:00,31.5,Yes,Wednesday,10
2956,1021,Budget spreadsheet,Work,2025-07-27 08:27:00,37.3,Yes,Sunday,8
2957,1017,Essay draft,Study,2025-02-07 06:12:00,9.0,Yes,Friday,6
2958,1041,Practice problems,Study,2025-02-06 19:35:00,10.1,Yes,Thursday,19
2959,1021,Vacuuming,Chores,2025-02-02 10:42:00,15.6,Yes,Sunday,10
2960,1033,Email cleanup,Work,2025-04-29 13:11:00,90.5,Yes,Tuesday,13
2961,1006,Laundry,Chores,2025-01-10 14:30:00,24.1,Yes,Friday,14
2962,1045,Pharmacy pickup,Errands,2025-03-29 10:17:00,32.4,Yes,Saturday,10
2963,1033,Post office,Errands,2025-06-01 09:30:00,36.6,Yes,Sunday,9
2964,1037,Client report,Work,2025-04-26 08:47:00,15.8,Yes,Saturday,8
2965,1010,Team sync prep,Work,2025-02-01 12:55:00,27.1,Yes,Saturday,12
2966,1009,Tidy desk,Chores,2025-03-07 22:28:00,14.2,Yes,Friday,22
2967,1018,Client report,Work,2025-02-02 07:50:00,25.7,Yes,Sunday,7
2968,1005,Flashcard review,Study,2025-06-23 19:04:00,3.8,Yes,Monday,19
2969,1020,Sprint planning notes,Work,2025-02-23 20:41:00,67.0,Yes,Sunday,20
2970,1019,Laundry,Chores,2025-04-22 11:27:00,43.6,Yes,Tuesday,11
2972,1020,Code review,Work,2025-02-01 14:41:00,35.0,No,Saturday,14
2973,1036,Vacuuming,Chores,2025-05-18 22:01:00,13.7,Yes,Sunday,22
2974,1003,Practice problems,Study,2025-05-06 16:45:00,29.6,Yes,Tuesday,16
2975,1006,Read chapter,Study,2025-03-26 20:35:00,39.0,No,Wednesday,20
2976,1048,Sprint planning notes,Work,2025-06-11 16:12:00,29.05,Yes,Wednesday,16
2977,1046,Email cleanup,Work,2025-05-24 15:32:00,12.0,Yes,Saturday,15
2978,1015,Practice problems,Study,2025-01-22 12:58:00,18.9,Yes,Wednesday,12
2979,1044,Flashcard review,Study,2025-02-19 08:46:00,29.6,Yes,Wednesday,8
2980,1024,Vacuuming,Chores,2025-05-02 13:55:00,36.2,No,Friday,13
2981,1018,Client report,Work,2025-02-20 19:29:00,14.2,Yes,Thursday,19
2982,1026,Budget spreadsheet,Work,2025-07-13 07:02:00,38.6,Yes,Sunday,7
2983,1002,Meal prep,Health,2025-06-06 21:46:00,28.3,Yes,Friday,21
2984,1038,Meal prep,Health,2025-03-08 10:51:00,28.0,Yes,Saturday,10
2985,1030,Meditation,Health,2025-06-29 19:36:00,42.4,Yes,Sunday,19
2986,1036,Walk,Health,2025-06-09 14:36:00,18.3,Yes,Monday,14
2987,1040,Meal prep,Health,2025-06-24 08:18:00,9.0,Yes,Tuesday,8
2988,1046,Client report,Work,2025-04-09 19:03:00,3.9,Yes,Wednesday,19
2989,1009,Stretching,Health,2025-06-01 17:32:00,25.5,Yes,Sunday,17
2990,1024,Client report,Work,2025-01-08 10:30:00,8.0,Yes,Wednesday,10
2991,1015,Post office,Errands,2025-03-15 22:19:00,43.7,Yes,Saturday,22
2992,1045,Code review,Work,2025-03-29 10:37:00,33.5,Yes,Saturday,10
2993,1049,Bank visit,Errands,2025-01-08 13:48:00,36.0,Yes,Wednesday,13
2994,1003,Essay draft,Study,2025-04-13 18:08:00,29.6,Yes,Sunday,18
2995,1020,Essay draft,Study,2025-01-13 19:45:00,37.1,Yes,Monday,19
2996,1049,Email cleanup,Work,2025-03-09 08:59:00,53.2,No,Sunday,8
2997,1005,Online course module,Study,2025-04-04 06:51:00,68.8,Yes,Friday,6
2998,1035,Pharmacy pickup,Errands,2025-06-28 13:25:00,39.8,Yes,Saturday,13
2999,1036,Team sync prep,Work,2025-02-17 10:06:00,47.7,Yes,Monday,10
3000,1000,Grocery shopping,Chores,2025-03-19 14:59:00,29.8,Yes,Wednesday,14
3001,1025,Call family,Personal,2025-07-03 10:50:00,21.6,Yes,Thursday,10
3002,1032,Meditation,Health,2025-05-10 20:03:00,19.0,Yes,Saturday,20
3003,1021,Read chapter,Study,2025-07-02 15:14:00,10.1,Yes,Wednesday,15
3004,1014,Read for fun,Personal,2025-01-05 11:14:00,8.8,Yes,Sunday,11
3005,1009,Read for fun,Personal,2025-03-26 06:45:00,29.0,Yes,Wednesday,6
3006,1044,Vacuuming,Chores,2025-06-15 11:38:00,46.7,Yes,Sunday,11
3007,1042,Budget spreadsheet,Work,2025-02-09 09:46:00,66.1,Yes,Sunday,9
3008,1042,Essay draft,Study,2025-04-11 09:00:00,7.4,No,Friday,9
3009,1037,Journaling,Uncategorized,2025-07-08 13:40:00,79.4,Yes,Tuesday,13
3010,1011,Meal prep,Health,2025-07-21 13:45:00,24.8,Yes,Monday,13
3011,1032,Walk,Health,2025-01-22 13:27:00,28.4,Yes,Wednesday,13
3012,1041,Email cleanup,Work,2025-06-24 18:34:00,56.0,Yes,Tuesday,18
3013,1041,Client report,Work,2025-02-02 22:20:00,28.9,Yes,Sunday,22
3014,1028,Client report,Work,2025-01-23 07:19:00,44.0,Yes,Thursday,7
3015,1040,Car wash,Errands,2025-04-07 11:31:00,13.9,Yes,Monday,11
3017,1033,Code review,Work,2025-03-30 15:07:00,31.7,Yes,Sunday,15
3018,1012,Laundry,Chore,2025-05-18 09:19:00,19.3,Yes,Sunday,9
3019,1039,Dishes,Chores,2025-06-28 07:53:00,11.9,Yes,Saturday,7
3020,1037,Journaling,Personal,2025-01-02 13:21:00,12.9,No,Thursday,13
3021,1017,Read chapter,Study,2025-04-07 22:59:00,39.2,Yes,Monday,22
3022,1045,Bank visit,Errands,2025-03-05 11:42:00,33.3,Yes,Wednesday,11
3023,1044,Email cleanup,Work,2025-01-21 18:23:00,5.2,Yes,Tuesday,18
3024,1034,Journaling,Personal,2025-06-12 14:11:00,29.9,Yes,Thursday,14
3025,1016,Flashcard review,Study,2025-03-08 11:21:00,20.6,No,Saturday,11
3026,1002,Team sync prep,Work,2025-06-26 18:25:00,29.05,Yes,Thursday,18
3027,1038,Dishes,Chores,2025-02-17 11:22:00,20.5,Yes,Monday,11
3028,1012,Client report,Work,2025-04-11 14:55:00,25.4,Yes,Friday,14
3029,1046,Stretching,Health,2025-03-27 09:07:00,6.6,Yes,Thursday,9
3030,1005,Read for fun,Personal,2025-02-06 10:06:00,53.3,Yes,Thursday,10
3032,1015,Essay draft,Study,2025-01-25 15:48:00,75.3,Yes,Saturday,15
3033,1022,Laundry,Chores,2025-07-06 18:29:00,54.5,Yes,Sunday,18
3034,1016,Laundry,Chores,2025-03-15 10:25:00,47.8,Yes,Saturday,10
3035,1008,Budget spreadsheet,Work,2025-04-04 11:17:00,32.9,Yes,Friday,11
3036,1032,Code review,Work,2025-01-13 17:21:00,56.1,Yes,Monday,17
3037,1038,Team sync prep,Work,2025-06-12 12:54:00,26.2,No,Thursday,12
3038,1027,Sprint planning notes,Work,2025-01-30 17:32:00,28.6,Yes,Thursday,17
3039,1045,Practice problems,Study,2025-02-24 14:45:00,23.3,No,Monday,14
3040,1026,Vacuuming,Chores,2025-07-09 07:38:00,28.5,Yes,Wednesday,7
3041,1038,Practice problems,Study,2025-07-18 16:03:00,23.4,Yes,Friday,16
3042,1036,Budget review,Personal,2025-05-06 15:37:00,40.4,Yes,Tuesday,15
3043,1033,Grocery shopping,Chore,2025-04-08 09:19:00,2.4,Yes,Tuesday,9
3044,1013,Bank visit,Errands,2025-02-25 09:57:00,32.0,Yes,Tuesday,9
3045,1049,Code review,Work,2025-01-16 09:02:00,57.4,Yes,Thursday,9
3046,1031,Post office,Errands,2025-07-16 22:53:00,10.8,Yes,Wednesday,22
3047,1026,Journaling,Personal,2025-07-17 17:09:00,39.6,Yes,Thursday,17
3048,1044,Vacuuming,Uncategorized,2025-06-09 13:46:00,16.3,Yes,Monday,13
3049,1033,Budget review,Personal,2025-01-27 16:24:00,29.0,Yes,Monday,16
3050,1035,Walk,Health,2025-04-29 15:17:00,8.5,Yes,Tuesday,15
3051,1010,Read chapter,Study,2025-04-16 21:07:00,22.7,No,Wednesday,21
3052,1042,Email cleanup,Work,2025-04-05 19:21:00,67.7,Yes,Saturday,19
3054,1008,Budget review,Personal,2025-05-08 12:29:00,22.3,Yes,Thursday,12
3055,1046,Tidy desk,Chores,2025-02-01 16:21:00,25.8,Yes,Saturday,16
3056,1044,Budget spreadsheet,Work,2025-07-14 17:30:00,13.3,Yes,Monday,17
3057,1037,Pharmacy pickup,Errands,2025-05-13 10:29:00,70.6,Yes,Tuesday,10
3058,1027,Laundry,Chores,2025-02-05 15:42:00,43.7,Yes,Wednesday,15
3060,1020,Grocery shopping,Chores,2025-06-28 08:42:00,44.4,Yes,Saturday,8
3061,1009,Bank visit,Errands,2025-02-08 22:50:00,67.9,Yes,Saturday,22
3062,1027,Essay draft,Study,2025-04-14 10:30:00,26.8,Yes,Monday,10
3063,1046,Grocery shopping,Chores,2025-04-22 20:20:00,36.5,Yes,Tuesday,20
3064,1026,Laundry,Chores,2025-03-05 13:47:00,46.5,Yes,Wednesday,13
3065,1041,Client report,Work,2025-04-23 20:37:00,35.8,Yes,Wednesday,20
3066,1025,Sprint planning notes,Work,2025-06-08 14:27:00,24.0,Yes,Sunday,14
3067,1037,Walk,Health,2025-02-10 12:39:00,19.8,Yes,Monday,12
3068,1036,Practice problems,Study,2025-07-09 22:17:00,30.3,Yes,Wednesday,22
3069,1020,Walk,Health,2025-02-12 07:53:00,13.7,No,Wednesday,7
3070,1014,Laundry,Chores,2025-05-07 22:27:00,21.1,Yes,Wednesday,22
3071,1039,Post office,Errands,2025-05-11 18:31:00,6.2,Yes,Sunday,18
3072,1040,Tidy desk,Chores,2025-07-28 13:27:00,32.0,Yes,Monday,13
3073,1026,Budget review,Personal,2025-05-13 18:54:00,30.8,Yes,Tuesday,18
3074,1012,Dishes,Chores,2025-01-03 16:42:00,20.2,Yes,Friday,16
3075,1007,Call family,Personal,2025-04-08 13:17:00,35.6,Yes,Tuesday,13
3076,1012,Budget spreadsheet,Work,2025-01-20 17:12:00,33.0,Yes,Monday,17
3077,1049,Flashcard review,Study,2025-02-26 18:58:00,29.6,Yes,Wednesday,18
3078,1045,Meal prep,Health,2025-01-20 14:52:00,64.3,Yes,Monday,14
3079,1015,Code review,Work,2025-01-19 10:31:00,6.4,Yes,Sunday,10
3080,1036,Budget spreadsheet,Work,2025-04-09 20:12:00,35.5,Yes,Wednesday,20
3081,1028,Vacuuming,Chores,2025-03-21 18:53:00,13.7,Yes,Friday,18
3082,1016,Tidy desk,Chores,2025-07-05 17:27:00,81.1,No,Saturday,17
3083,1034,Budget spreadsheet,Work,2025-07-14 08:28:00,22.4,Yes,Monday,8
3084,1018,Dishes,Chores,2025-02-09 06:07:00,37.5,No,Sunday,6
3085,1020,Read chapter,Study,2025-02-26 13:19:00,6.6,Yes,Wednesday,13
3086,1018,Sprint planning notes,Work,2025-06-26 19:27:00,26.9,No,Thursday,19
3087,1015,Car wash,Errands,2025-07-18 19:08:00,26.9,Yes,Friday,19
3088,1030,Meal prep,Health,2025-03-24 12:54:00,50.7,Yes,Monday,12
3089,1026,Grocery shopping,Chore,2025-04-23 06:13:00,57.5,Yes,Wednesday,6
3090,1003,Dishes,Chores,2025-06-18 07:18:00,42.0,Yes,Wednesday,7
3091,1037,Budget spreadsheet,Work,2025-06-10 11:28:00,50.5,Yes,Tuesday,11
3093,1012,Vacuuming,Chores,2025-04-02 10:46:00,52.1,Yes,Wednesday,10
3094,1038,Walk,Health,2025-07-27 13:34:00,36.8,Yes,Sunday,13
3095,1012,Workout,Health,2025-01-18 19:45:00,13.1,Yes,Saturday,19
3096,1036,Read chapter,Study,2025-01-18 07:16:00,87.5,Yes,Saturday,7
3097,1014,Flashcard review,Study,2025-07-19 10:52:00,33.5,Yes,Saturday,10
3098,1045,Laundry,Chores,2025-01-26 21:21:00,13.3,Yes,Sunday,21
3099,1045,Car wash,Uncategorized,2025-03-16 18:52:00,50.1,Yes,Sunday,18
3100,1049,Flashcard review,Study,2025-05-27 10:48:00,26.9,Yes,Tuesday,10
3101,1041,Stretching,Health,2025-03-02 20:30:00,22.6,Yes,Sunday,20
3102,1035,Pharmacy pickup,Errands,2025-01-13 15:22:00,24.7,Yes,Monday,15
3103,1040,Laundry,Chores,2025-06-18 13:54:00,27.4,Yes,Wednesday,13
3104,1017,Meal prep,Health,2025-05-26 16:41:00,28.4,Yes,Monday,16
3105,1000,Pharmacy pickup,Uncategorized,2025-02-03 08:49:00,13.1,Yes,Monday,8
3106,1047,Team sync prep,Work,2025-02-26 15:53:00,24.0,Yes,Wednesday,15
3107,1008,Email cleanup,Work,2025-07-23 16:14:00,32.4,Yes,Wednesday,16
3108,1004,Email cleanup,Work,2025-04-27 09:35:00,45.3,Yes,Sunday,9
3109,1038,Tidy desk,Chores,2025-04-02 17:02:00,21.7,Yes,Wednesday,17
3110,1027,Budget spreadsheet,Work,2025-01-10 09:56:00,22.4,Yes,Friday,9
3111,1020,Team sync prep,Work,2025-03-10 08:44:00,31.5,Yes,Monday,8
3112,1005,Budget spreadsheet,Work,2025-02-16 12:13:00,39.9,Yes,Sunday,12
3113,1005,Meal prep,Health,2025-01-02 22:23:00,4.1,Yes,Thursday,22
3114,1024,Meditation,Health,2025-01-21 16:15:00,7.6,Yes,Tuesday,16
3115,1037,Dishes,Chores,2025-03-30 06:41:00,36.5,Yes,Sunday,6
3116,1035,Team sync prep,Work,2025-07-06 13:22:00,53.8,Yes,Sunday,13
3117,1024,Online course module,Study,2025-03-07 08:21:00,28.8,Yes,Friday,8
3118,1027,Journaling,Personal,2025-05-04 21:34:00,19.5,Yes,Sunday,21
3119,1020,Client report,Work,2025-05-13 16:54:00,5.7,Yes,Tuesday,16
3120,1008,Team sync prep,Work,2025-07-13 18:52:00,49.8,Yes,Sunday,18
3121,1015,Code review,Work,2025-04-02 18:18:00,28.4,Yes,Wednesday,18
3122,1035,Client report,Work,2025-03-10 15:59:00,44.8,Yes,Monday,15
3123,1012,Stretching,Health,2025-05-16 12:12:00,21.9,Yes,Friday,12
3124,1023,Call family,Personal,2025-03-11 21:04:00,47.9,Yes,Tuesday,21
3125,1008,Meditation,Health,2025-05-17 15:21:00,57.3,Yes,Saturday,15
3126,1025,Car wash,Errands,2025-02-05 18:04:00,39.0,Yes,Wednesday,18
3127,1014,Stretching,Health,2025-04-05 20:27:00,20.5,Yes,Saturday,20
3128,1045,Dishes,Chores,2025-04-22 22:16:00,14.2,Yes,Tuesday,22
3129,1048,Tidy desk,Chores,2025-02-25 11:44:00,96.5,Yes,Tuesday,11
3130,1015,Laundry,Uncategorized,2025-06-19 20:18:00,36.6,Yes,Thursday,20
3131,1049,Workout,Health,2025-06-07 11:34:00,32.9,Yes,Saturday,11
3132,1007,Bank visit,Errands,2025-03-11 19:52:00,11.6,Yes,Tuesday,19
3133,1021,Grocery shopping,Chores,2025-05-12 11:57:00,41.4,Yes,Monday,11
3134,1043,Email cleanup,Work,2025-06-22 15:23:00,62.2,Yes,Sunday,15
3135,1015,Budget spreadsheet,Work,2025-07-15 12:13:00,19.0,Yes,Tuesday,12
3136,1042,Car wash,Errands,2025-04-11 19:26:00,51.7,Yes,Friday,19
3137,1008,Dishes,Chores,2025-07-09 06:32:00,29.8,Yes,Wednesday,6
3138,1007,Call family,Personal,2025-01-10 21:41:00,6.3,Yes,Friday,21
3139,1038,Email cleanup,Work,2025-04-13 18:13:00,75.9,Yes,Sunday,18
3140,1012,Laundry,Chores,2025-03-01 06:43:00,20.8,Yes,Saturday,6
3141,1003,Code review,Work,2025-01-30 16:22:00,35.5,No,Thursday,16
3142,1023,Email cleanup,Work,2025-01-02 09:42:00,67.6,Yes,Thursday,9
3143,1039,Walk,Health,2025-05-14 14:20:00,33.2,No,Wednesday,14
3144,1010,Meal prep,Health,2025-06-10 15:04:00,7.5,Yes,Tuesday,15
3145,1029,Essay draft,Study,2025-03-05 12:23:00,22.2,Yes,Wednesday,12
3146,1036,Dishes,Chores,2025-05-08 10:30:00,57.0,Yes,Thursday,10
3149,1009,Flashcard review,Study,2025-01-25 10:32:00,18.4,Yes,Saturday,10
3150,1017,Grocery shopping,Chores,2025-05-31 20:32:00,29.8,Yes,Saturday,20
3151,1009,Budget spreadsheet,Work,2025-06-24 11:19:00,3.9,Yes,Tuesday,11
3152,1029,Practice problems,Study,2025-06-08 09:59:00,18.6,Yes,Sunday,9
3153,1029,Budget spreadsheet,Work,2025-06-25 22:36:00,10.4,Yes,Wednesday,22
3154,1027,Grocery shopping,Chores,2025-06-23 18:15:00,18.8,Yes,Monday,18
3155,1022,Journaling,Personal,2025-02-17 10:18:00,18.3,Yes,Monday,10
3157,1016,Team sync prep,Work,2025-06-23 22:29:00,55.9,Yes,Monday,22
3158,1021,Workout,Health,2025-05-10 19:57:00,45.7,Yes,Saturday,19
3159,1026,Bank visit,Errands,2025-04-22 22:20:00,58.5,Yes,Tuesday,22
3160,1002,Email cleanup,Uncategorized,2025-06-18 08:30:00,30.799999999999997,Yes,Wednesday,8
3161,1005,Journaling,Personal,2025-03-11 15:15:00,50.8,Yes,Tuesday,15
3162,1047,Sprint planning notes,Work,2025-03-11 20:40:00,20.5,No,Tuesday,20
3163,1048,Budget review,Personal,2025-02-06 12:56:00,38.4,Yes,Thursday,12
3164,1008,Code review,Work,2025-05-23 12:59:00,42.7,Yes,Friday,12
3166,1024,Grocery shopping,Chores,2025-01-21 10:10:00,55.1,Yes,Tuesday,10
3167,1021,Bank visit,Errands,2025-07-28 16:37:00,16.2,Yes,Monday,16
3168,1008,Grocery shopping,Chores,2025-03-19 14:05:00,43.0,Yes,Wednesday,14
3169,1037,Bank visit,Errands,2025-01-01 11:06:00,56.8,Yes,Wednesday,11
3170,1035,Post office,Errands,2025-02-09 19:36:00,17.3,Yes,Sunday,19
3171,1038,Team sync prep,Work,2025-07-19 14:22:00,42.3,No,Saturday,14
3172,1011,Email cleanup,Work,2025-04-22 22:00:00,9.1,Yes,Tuesday,22
3173,1011,Read chapter,Study,2025-05-01 22:01:00,11.2,No,Thursday,22
3174,1033,Pharmacy pickup,Errands,2025-06-25 17:37:00,23.6,Yes,Wednesday,17
3175,1044,Tidy desk,Chores,2025-03-20 18:44:00,53.0,Yes,Thursday,18
3176,1020,Client report,Work,2025-07-20 17:40:00,29.05,Yes,Sunday,17
3177,1015,Vacuuming,Chores,2025-06-16 14:53:00,31.2,Yes,Monday,14
3178,1042,Workout,Health,2025-06-13 19:53:00,40.4,Yes,Friday,19
3179,1014,Car wash,Errands,2025-04-04 09:22:00,73.3,No,Friday,9
3180,1020,Practice problems,Study,2025-03-30 17:00:00,7.1,Yes,Sunday,17
3181,1044,Car wash,Errands,2025-05-18 17:58:00,18.0,Yes,Sunday,17
3182,1004,Journaling,Personal,2025-04-25 11:46:00,43.6,No,Friday,11
3183,1013,Sprint planning notes,Work,2025-07-09 16:20:00,22.4,Yes,Wednesday,16
3184,1012,Car wash,Errands,2025-01-07 17:03:00,59.2,No,Tuesday,17
3185,1022,Vacuuming,Chores,2025-04-20 07:36:00,10.7,Yes,Sunday,7
3186,1044,Email cleanup,Uncategorized,2025-06-10 09:00:00,46.1,Yes,Tuesday,9
3187,1017,Sprint planning notes,Work,2025-04-20 08:44:00,27.5,No,Sunday,8
3188,1002,Dishes,Chores,2025-05-24 08:16:00,22.6,Yes,Saturday,8
3189,1002,Meal prep,Health,2025-04-10 13:09:00,46.6,Yes,Thursday,13
3190,1048,Essay draft,Study,2025-01-11 16:16:00,12.3,Yes,Saturday,16
3191,1040,Car wash,Errands,2025-03-24 19:13:00,38.5,Yes,Monday,19
3192,1033,Budget review,Personal,2025-05-07 16:01:00,22.2,Yes,Wednesday,16
3193,1036,Tidy desk,Chores,2025-04-04 13:20:00,29.8,Yes,Friday,13
3194,1000,Essay draft,Study,2025-06-18 08:37:00,23.1,Yes,Wednesday,8
3195,1031,Read chapter,Study,2025-01-18 18:38:00,11.5,No,Saturday,18
3196,1006,Journaling,Personal,2025-07-15 13:53:00,83.9,Yes,Tuesday,13
3197,1040,Email cleanup,Work,2025-03-17 14:34:00,15.9,No,Monday,14
3198,1005,Essay draft,Study,2025-03-01 20:54:00,17.7,Yes,Saturday,20
3199,1006,Code review,Work,2025-07-18 20:09:00,16.3,Yes,Friday,20
3200,1036,Budget spreadsheet,Work,2025-05-26 17:37:00,34.2,Yes,Monday,17
3202,1015,Budget review,Personal,2025-06-07 22:47:00,37.8,Yes,Saturday,22
3203,1016,Post office,Errands,2025-04-02 17:58:00,27.9,Yes,Wednesday,17
3204,1012,Call family,Personal,2025-04-07 13:43:00,17.1,Yes,Monday,13
3205,1034,Code review,Work,2025-02-05 11:58:00,32.1,Yes,Wednesday,11
3206,1007,Budget review,Personal,2025-06-28 07:20:00,27.3,Yes,Saturday,7
3207,1014,Vacuuming,Chores,2025-05-24 14:15:00,33.0,Yes,Saturday,14
3208,1026,Budget spreadsheet,Work,2025-01-27 21:20:00,68.6,Yes,Monday,21
3209,1016,Budget spreadsheet,Work,2025-04-27 22:33:00,21.6,No,Sunday,22
3211,1001,Read for fun,Uncategorized,2025-02-26 10:33:00,55.8,No,Wednesday,10
3212,1005,Client report,Work,2025-06-24 20:58:00,65.3,Yes,Tuesday,20
3213,1023,Read chapter,Study,2025-07-28 08:31:00,4.9,Yes,Monday,8
3214,1001,Post office,Errands,2025-04-08 10:16:00,9.5,Yes,Tuesday,10
3216,1049,Code review,Work,2025-07-20 19:12:00,10.6,Yes,Sunday,19
3217,1026,Sprint planning notes,Work,2025-02-04 17:25:00,42.5,Yes,Tuesday,17
3218,1042,Bank visit,Errands,2025-07-01 06:23:00,28.6,Yes,Tuesday,6
3219,1036,Meditation,Health,2025-07-03 13:27:00,12.1,Yes,Thursday,13
3221,1039,Call family,Personal,2025-06-30 13:32:00,46.2,Yes,Monday,13
3222,1049,Workout,Health,2025-05-31 20:21:00,23.8,Yes,Saturday,20
3223,1004,Online course module,Study,2025-02-11 16:05:00,28.1,Yes,Tuesday,16
3224,1046,Online course module,Uncategorized,2025-03-15 06:53:00,42.8,Yes,Saturday,6
3225,1035,Meditation,Health,2025-01-24 14:30:00,17.5,Yes,Friday,14
3226,1034,Email cleanup,Work,2025-06-27 20:20:00,32.1,Yes,Friday,20
3227,1014,Flashcard review,Study,2025-04-18 09:11:00,45.0,Yes,Friday,9
3228,1044,Practice problems,Study,2025-07-15 16:53:00,20.6,Yes,Tuesday,16
3229,1004,Sprint planning notes,Work,2025-05-31 17:00:00,13.9,Yes,Saturday,17
3230,1023,Meditation,Health,2025-04-23 21:56:00,17.6,Yes,Wednesday,21
3231,1007,Tidy desk,Chores,2025-07-21 16:47:00,32.2,Yes,Monday,16
3232,1032,Car wash,Errands,2025-03-04 07:56:00,29.0,Yes,Tuesday,7
3233,1047,Read for fun,Personal,2025-06-14 14:16:00,7.2,Yes,Saturday,14
3234,1029,Call family,Personal,2025-02-02 09:34:00,16.3,Yes,Sunday,9
3235,1044,Laundry,Chores,2025-02-03 06:00:00,22.8,Yes,Monday,6
3236,1043,Grocery shopping,Chores,2025-01-16 16:08:00,58.2,Yes,Thursday,16
3237,1017,Read chapter,Study,2025-04-18 14:38:00,38.5,Yes,Friday,14
3238,1004,Bank visit,Errands,2025-03-13 19:46:00,26.8,Yes,Thursday,19
3239,1002,Practice problems,Study,2025-06-28 10:33:00,37.6,Yes,Saturday,10
3240,1000,Practice problems,Study,2025-04-24 10:13:00,29.6,Yes,Thursday,10
3241,1032,Sprint planning notes,Work,2025-07-28 07:14:00,22.2,Yes,Monday,7
3242,1019,Post office,Errands,2025-04-12 14:30:00,31.4,Yes,Saturday,14
3243,1021,Team sync prep,Work,2025-03-04 07:27:00,14.5,Yes,Tuesday,7
3244,1048,Client report,Work,2025-03-17 22:39:00,19.9,Yes,Monday,22
3245,1025,Practice problems,Study,2025-01-06 16:17:00,24.3,Yes,Monday,16
3246,1030,Read for fun,Personal,2025-04-18 17:22:00,13.6,Yes,Friday,17
3247,1033,Vacuuming,Chore,2025-04-12 13:32:00,32.2,Yes,Saturday,13
3248,1003,Call family,Personal,2025-03-22 17:20:00,18.5,Yes,Saturday,17
3249,1038,Journaling,Personal,2025-06-04 08:21:00,33.7,Yes,Wednesday,8
3250,1018,Sprint planning notes,Work,2025-01-26 06:15:00,49.8,Yes,Sunday,6
3251,1035,Sprint planning notes,Work,2025-06-19 14:10:00,4.3,Yes,Thursday,14
3252,1019,Meditation,Health,2025-01-21 09:16:00,41.9,Yes,Tuesday,9
3253,1024,Team sync prep,Uncategorized,2025-04-22 11:07:00,65.0,Yes,Tuesday,11
3254,1044,Client report,Work,2025-04-02 17:00:00,57.5,No,Wednesday,17
3255,1016,Budget spreadsheet,Work,2025-06-20 09:14:00,31.8,No,Friday,9
3256,1036,Workout,Health,2025-07-09 14:00:00,41.4,Yes,Wednesday,14
3257,1034,Team sync prep,Work,2025-02-07 09:28:00,29.4,Yes,Friday,9
3258,1049,Tidy desk,Chores,2025-06-18 17:09:00,43.6,Yes,Wednesday,17
3259,1007,Budget spreadsheet,Work,2025-07-09 17:01:00,14.8,Yes,Wednesday,17
3260,1007,Sprint planning notes,Work,2025-03-27 14:17:00,67.5,Yes,Thursday,14
3261,1040,Code review,Work,2025-04-15 17:07:00,25.5,Yes,Tuesday,17
3262,1005,Tidy desk,Chores,2025-06-23 06:09:00,30.1,Yes,Monday,6
3263,1038,Flashcard review,Study,2025-05-18 16:39:00,16.9,Yes,Sunday,16
3264,1030,Budget spreadsheet,Work,2025-01-29 15:23:00,19.2,Yes,Wednesday,15
3265,1022,Meal prep,Health,2025-02-20 10:48:00,19.9,Yes,Thursday,10
3266,1003,Sprint planning notes,Work,2025-06-30 10:52:00,1.2,Yes,Monday,10
3267,1033,Code review,Work,2025-04-05 17:06:00,29.05,Yes,Saturday,17
3268,1044,Budget spreadsheet,Work,2025-04-07 16:24:00,13.9,Yes,Monday,16
3269,1039,Email cleanup,Work,2025-07-22 13:21:00,29.05,Yes,Tuesday,13
3270,1020,Dishes,Chores,2025-07-28 11:08:00,49.5,No,Monday,11
3271,1035,Vacuuming,Chores,2025-06-16 16:14:00,34.2,Yes,Monday,16
3272,1017,Code review,Work,2025-01-05 18:02:00,11.1,Yes,Sunday,18
3273,1007,Journaling,Personal,2025-03-08 18:17:00,51.7,Yes,Saturday,18
3274,1021,Budget review,Personal,2025-07-07 17:59:00,10.1,Yes,Monday,17
3275,1036,Flashcard review,Study,2025-02-06 22:34:00,45.7,Yes,Thursday,22
3276,1044,Laundry,Uncategorized,2025-04-06 08:52:00,50.2,Yes,Sunday,8
3278,1032,Code review,Work,2025-04-15 07:34:00,7.1,Yes,Tuesday,7
3279,1035,Online course module,Study,2025-04-02 09:38:00,36.8,Yes,Wednesday,9
3280,1002,Flashcard review,Uncategorized,2025-07-20 06:07:00,21.8,Yes,Sunday,6
3281,1009,Email cleanup,Work,2025-03-30 12:27:00,53.9,Yes,Sunday,12
3282,1005,Pharmacy pickup,Errands,2025-06-22 10:22:00,25.2,Yes,Sunday,10
3283,1010,Dishes,Chore,2025-07-25 06:34:00,76.2,Yes,Friday,6
3284,1006,Grocery shopping,Chores,2025-04-27 07:11:00,29.8,Yes,Sunday,7
3285,1043,Code review,Work,2025-04-29 21:05:00,19.9,No,Tuesday,21
3286,1043,Budget spreadsheet,Work,2025-06-08 09:29:00,30.1,Yes,Sunday,9
3287,1045,Client report,Work,2025-06-17 19:00:00,61.6,No,Tuesday,19
3288,1045,Essay draft,Study,2025-05-21 11:19:00,36.8,Yes,Wednesday,11
3289,1041,Code review,Work,2025-03-11 10:32:00,26.7,No,Tuesday,10
3290,1000,Sprint planning notes,Work,2025-01-22 12:34:00,17.8,Yes,Wednesday,12
3291,1023,Essay draft,Study,2025-01-05 08:32:00,35.1,Yes,Sunday,8
3292,1049,Practice problems,Study,2025-03-18 09:55:00,11.9,Yes,Tuesday,9
3293,1004,Read chapter,Study,2025-02-02 17:37:00,20.1,Yes,Sunday,17
3294,1033,Online course module,Study,2025-04-14 09:40:00,30.5,No,Monday,9
3295,1026,Pharmacy pickup,Errands,2025-01-21 19:21:00,21.1,Yes,Tuesday,19
3297,1043,Tidy desk,Chores,2025-04-22 07:56:00,17.3,No,Tuesday,7
3298,1035,Laundry,Chores,2025-04-25 06:11:00,52.5,Yes,Friday,6
3299,1046,Read chapter,Study,2025-04-22 14:47:00,29.6,Yes,Tuesday,14
3300,1039,Grocery shopping,Chores,2025-02-17 18:02:00,35.7,Yes,Monday,18
3301,1025,Dishes,Chores,2025-06-17 07:35:00,21.5,Yes,Tuesday,7
3302,1033,Pharmacy pickup,Errands,2025-02-08 07:37:00,25.4,Yes,Saturday,7
3303,1001,Client report,Work,2025-02-04 08:44:00,16.2,Yes,Tuesday,8
3304,1029,Sprint planning notes,Work,2025-07-13 06:54:00,29.8,Yes,Sunday,6
3305,1001,Pharmacy pickup,Uncategorized,2025-06-12 15:40:00,58.8,Yes,Thursday,15
3306,1033,Meal prep,Health,2025-03-12 10:23:00,19.4,No,Wednesday,10
3307,1034,Budget spreadsheet,Work,2025-03-15 18:44:00,20.1,Yes,Saturday,18
3308,1017,Team sync prep,Work,2025-03-06 14:43:00,36.7,No,Thursday,14
3309,1043,Code review,Work,2025-01-04 18:30:00,30.1,Yes,Saturday,18
3310,1015,Walk,Health,2025-05-29 07:50:00,33.3,Yes,Thursday,7
3311,1016,Practice problems,Study,2025-02-05 11:56:00,27.2,No,Wednesday,11
3312,1043,Call family,Personal,2025-03-05 11:05:00,41.6,Yes,Wednesday,11
3313,1015,Laundry,Chores,2025-05-03 18:06:00,76.0,Yes,Saturday,18
3314,1039,Meal prep,Uncategorized,2025-03-18 16:44:00,64.6,No,Tuesday,16
3315,1040,Budget spreadsheet,Work,2025-03-17 13:50:00,52.2,Yes,Monday,13
3316,1031,Meal prep,Health,2025-06-03 11:19:00,4.1,No,Tuesday,11
3317,1047,Meditation,Health,2025-03-28 14:07:00,14.7,Yes,Friday,14
3318,1039,Essay draft,Study,2025-03-09 18:50:00,37.4,Yes,Sunday,18
3319,1033,Email cleanup,Work,2025-03-14 21:11:00,29.05,Yes,Friday,21
3320,1010,Practice problems,Study,2025-04-15 09:22:00,30.1,Yes,Tuesday,9
3321,1009,Budget review,Personal,2025-05-24 09:04:00,51.6,Yes,Saturday,9
3322,1030,Budget review,Personal,2025-02-07 17:26:00,26.5,Yes,Friday,17
3323,1004,Flashcard review,Study,2025-04-25 15:17:00,93.2,No,Friday,15
3324,1021,Stretching,Health,2025-05-01 19:25:00,34.7,Yes,Thursday,19
3325,1041,Pharmacy pickup,Errands,2025-07-06 21:24:00,55.0,Yes,Sunday,21
3327,1024,Vacuuming,Chores,2025-07-15 21:51:00,23.0,Yes,Tuesday,21
3328,1041,Laundry,Chores,2025-07-14 14:52:00,20.2,Yes,Monday,14
3329,1041,Email cleanup,Work,2025-06-17 21:59:00,29.05,Yes,Tuesday,21
3330,1015,Dishes,Chores,2025-07-23 11:13:00,43.4,No,Wednesday,11
3331,1034,Workout,Uncategorized,2025-06-18 09:57:00,16.5,Yes,Wednesday,9
3332,1016,Sprint planning notes,Work,2025-02-18 21:43:00,31.9,Yes,Tuesday,21
3333,1007,Code review,Work,2025-01-08 21:11:00,47.8,Yes,Wednesday,21
3334,1017,Team sync prep,Work,2025-01-07 08:28:00,27.8,Yes,Tuesday,8
3335,1023,Laundry,Chores,2025-05-17 19:53:00,73.4,Yes,Saturday,19
3336,1044,Pharmacy pickup,Errands,2025-05-23 19:04:00,65.6,No,Friday,19
3337,1039,Budget spreadsheet,Work,2025-02-17 09:33:00,50.2,Yes,Monday,9
3338,1011,Walk,Health,2025-06-22 18:02:00,35.6,Yes,Sunday,18
3339,1043,Post office,Errands,2025-04-03 15:03:00,41.9,Yes,Thursday,15
3340,1043,Walk,Health,2025-02-12 11:01:00,15.3,Yes,Wednesday,11
3341,1019,Code review,Work,2025-05-13 08:54:00,20.6,No,Tuesday,8
3342,1035,Sprint planning notes,Work,2025-02-27 06:05:00,25.5,Yes,Thursday,6
3343,1042,Budget spreadsheet,Work,2025-01-13 16:20:00,10.6,No,Monday,16
3344,1040,Email cleanup,Work,2025-03-09 16:51:00,89.7,Yes,Sunday,16
3346,1047,Email cleanup,Work,2025-06-04 13:07:00,52.3,Yes,Wednesday,13
3347,1049,Team sync prep,Work,2025-01-09 20:37:00,12.1,Yes,Thursday,20
3348,1024,Sprint planning notes,Work,2025-03-14 13:15:00,21.9,Yes,Friday,13
3349,1018,Team sync prep,Work,2025-07-01 17:57:00,14.1,Yes,Tuesday,17
3350,1024,Sprint planning notes,Work,2025-03-30 18:18:00,14.2,Yes,Sunday,18
3351,1012,Flashcard review,Study,2025-07-27 14:54:00,29.6,No,Sunday,14
3352,1019,Email cleanup,Work,2025-04-14 12:13:00,45.9,No,Monday,12
3353,1026,Flashcard review,Study,2025-05-27 11:21:00,29.6,Yes,Tuesday,11
3354,1035,Flashcard review,Study,2025-05-14 18:28:00,66.0,Yes,Wednesday,18
3355,1026,Code review,Work,2025-03-06 19:43:00,26.1,No,Thursday,19
3356,1016,Call family,Personal,2025-02-20 20:20:00,34.9,Yes,Thursday,20
3357,1033,Call family,Personal,2025-04-10 14:17:00,39.5,Yes,Thursday,14
3358,1048,Car wash,Errand,2025-04-24 17:21:00,29.6,Yes,Thursday,17
3359,1007,Walk,Health,2025-02-23 19:37:00,34.7,Yes,Sunday,19
3360,1014,Meal prep,Health,2025-01-31 11:07:00,20.9,Yes,Friday,11
3361,1013,Pharmacy pickup,Errands,2025-06-08 20:10:00,28.6,Yes,Sunday,20
3362,1026,Essay draft,Study,2025-05-01 08:41:00,29.4,Yes,Thursday,8
3363,1011,Workout,Health,2025-02-12 06:15:00,24.9,Yes,Wednesday,6
3364,1012,Practice problems,Study,2025-03-02 11:22:00,23.5,Yes,Sunday,11
3365,1017,Practice problems,Study,2025-01-07 08:25:00,15.4,Yes,Tuesday,8
3366,1003,Flashcard review,Study,2025-02-15 15:51:00,23.0,No,Saturday,15
3367,1029,Budget review,Personal,2025-06-06 08:37:00,3.9,Yes,Friday,8
3368,1021,Online course module,Study,2025-06-10 19:41:00,25.3,Yes,Tuesday,19
3369,1003,Meditation,Health,2025-05-06 18:21:00,20.1,Yes,Tuesday,18
3370,1033,Read for fun,Personal,2025-07-10 20:45:00,49.5,Yes,Thursday,20
3371,1030,Online course module,Study,2025-06-16 19:00:00,33.9,Yes,Monday,19
3372,1007,Pharmacy pickup,Errands,2025-03-12 10:15:00,30.9,Yes,Wednesday,10
3373,1038,Read for fun,Personal,2025-01-07 14:45:00,14.5,Yes,Tuesday,14
3374,1000,Online course module,Study,2025-05-03 16:00:00,14.4,Yes,Saturday,16
3375,1015,Read chapter,Study,2025-01-02 17:34:00,29.6,Yes,Thursday,17
3376,1030,Stretching,Health,2025-04-03 10:40:00,28.2,Yes,Thursday,10
3377,1011,Journaling,Personal,2025-04-18 12:10:00,29.0,Yes,Friday,12
3378,1039,Email cleanup,Work,2025-04-28 10:45:00,54.6,Yes,Monday,10
3379,1025,Meal prep,Health,2025-06-05 11:10:00,8.6,Yes,Thursday,11
3380,1036,Team sync prep,Work,2025-05-01 16:52:00,33.6,Yes,Thursday,16
3381,1042,Essay draft,Study,2025-03-15 15:52:00,11.5,Yes,Saturday,15
3382,1004,Code review,Work,2025-01-13 09:46:00,28.7,Yes,Monday,9
3383,1028,Journaling,Personal,2025-02-25 10:16:00,14.9,Yes,Tuesday,10
3384,1048,Budget review,Personal,2025-02-14 15:25:00,25.1,Yes,Friday,15
3385,1002,Journaling,Personal,2025-05-08 19:18:00,29.0,Yes,Thursday,19
3386,1049,Bank visit,Errands,2025-04-16 22:43:00,10.4,Yes,Wednesday,22
3387,1029,Budget spreadsheet,Work,2025-01-12 16:09:00,31.2,Yes,Sunday,16
3388,1025,Pharmacy pickup,Errand,2025-01-16 07:39:00,30.6,Yes,Thursday,7
3389,1015,Flashcard review,Study,2025-03-17 14:58:00,38.6,Yes,Monday,14
3390,1013,Tidy desk,Uncategorized,2025-03-19 13:39:00,47.8,Yes,Wednesday,13
3391,1004,Meditation,Health,2025-02-14 10:32:00,18.6,Yes,Friday,10
3392,1014,Vacuuming,Chores,2025-07-04 17:39:00,27.5,Yes,Friday,17
3393,1017,Online course module,Study,2025-06-25 16:27:00,64.3,Yes,Wednesday,16
3394,1005,Tidy desk,Chores,2025-06-08 13:02:00,22.7,Yes,Sunday,13
3395,1027,Read for fun,Personal,2025-03-29 16:01:00,16.7,Yes,Saturday,16
3396,1027,Stretching,Health,2025-03-12 22:33:00,28.7,Yes,Wednesday,22
3397,1048,Code review,Work,2025-07-13 10:15:00,40.6,Yes,Sunday,10
3398,1046,Sprint planning notes,Work,2025-04-26 10:17:00,38.9,No,Saturday,10
3399,1038,Online course module,Study,2025-07-27 08:07:00,62.4,Yes,Sunday,8
3400,1038,Budget review,Personal,2025-04-11 07:03:00,3.2,Yes,Friday,7
3401,1029,Call family,Personal,2025-03-15 08:36:00,24.9,Yes,Saturday,8
3402,1013,Essay draft,Study,2025-02-17 11:25:00,39.6,Yes,Monday,11
3403,1004,Vacuuming,Chores,2025-07-25 14:39:00,28.2,Yes,Friday,14
3404,1027,Email cleanup,Work,2025-01-11 10:58:00,28.1,Yes,Saturday,10
3405,1012,Email cleanup,Work,2025-05-07 20:31:00,5.6,Yes,Wednesday,20
3406,1037,Practice problems,Study,2025-06-06 15:42:00,8.6,Yes,Friday,15
3407,1019,Stretching,Health,2025-01-19 09:21:00,28.4,Yes,Sunday,9
3408,1005,Practice problems,Study,2025-04-27 06:19:00,30.2,Yes,Sunday,6
3409,1031,Meditation,Health,2025-06-26 16:32:00,16.8,Yes,Thursday,16
3411,1026,Workout,Health,2025-05-13 18:20:00,15.0,Yes,Tuesday,18
3412,1019,Email cleanup,Work,2025-01-10 13:57:00,38.8,Yes,Friday,13
3413,1033,Laundry,Chores,2025-02-20 11:37:00,33.2,No,Thursday,11
3414,1035,Practice problems,Study,2025-01-29 22:59:00,35.0,Yes,Wednesday,22
3415,1022,Meal prep,Health,2025-03-16 18:20:00,15.8,No,Sunday,18
3416,1014,Budget review,Personal,2025-07-06 15:22:00,55.4,No,Sunday,15
3417,1016,Team sync prep,Work,2025-07-06 16:36:00,15.3,Yes,Sunday,16
3418,1016,Client report,Work,2025-07-22 11:05:00,30.7,Yes,Tuesday,11
3419,1014,Meal prep,Uncategorized,2025-01-17 06:20:00,25.5,Yes,Friday,6
3420,1038,Dishes,Chores,2025-06-12 08:11:00,13.7,No,Thursday,8
3421,1031,Workout,Health,2025-07-01 15:23:00,27.0,Yes,Tuesday,15
3422,1025,Meditation,Health,2025-05-05 11:49:00,9.3,Yes,Monday,11
3423,1049,Car wash,Errands,2025-02-03 12:07:00,43.1,Yes,Monday,12
3424,1041,Online course module,Study,2025-07-09 09:01:00,29.6,Yes,Wednesday,9
3425,1009,Stretching,Health,2025-07-26 22:50:00,28.4,Yes,Saturday,22
3426,1040,Practice problems,Study,2025-04-05 21:58:00,36.0,Yes,Saturday,21
3427,1040,Meal prep,Health,2025-05-23 19:34:00,39.0,Yes,Friday,19
3428,1030,Team sync prep,Work,2025-03-20 10:01:00,72.3,Yes,Thursday,10
3429,1030,Walk,Health,2025-04-29 08:08:00,29.1,Yes,Tuesday,8
3430,1011,Vacuuming,Chores,2025-01-31 09:06:00,22.4,Yes,Friday,9
3431,1032,Client report,Work,2025-05-09 22:19:00,8.9,Yes,Friday,22
3432,1038,Practice problems,Study,2025-07-25 07:54:00,21.9,Yes,Friday,7
3433,1037,Stretching,Health,2025-06-18 16:22:00,56.7,Yes,Wednesday,16
3434,1000,Read chapter,Study,2025-05-23 06:04:00,23.0,Yes,Friday,6
3435,1035,Tidy desk,Chores,2025-01-04 17:31:00,59.7,Yes,Saturday,17
3436,1044,Online course module,Study,2025-03-04 10:37:00,29.6,Yes,Tuesday,10
3437,1013,Client report,Work,2025-06-04 18:45:00,54.6,Yes,Wednesday,18
3438,1041,Essay draft,Study,2025-04-11 21:34:00,50.6,Yes,Friday,21
3439,1029,Email cleanup,Work,2025-06-10 22:20:00,15.5,Yes,Tuesday,22
3440,1009,Team sync prep,Work,2025-07-21 14:25:00,74.1,Yes,Monday,14
3441,1019,Client report,Work,2025-02-26 17:05:00,19.9,Yes,Wednesday,17
3442,1042,Flashcard review,Study,2025-06-11 19:34:00,54.7,Yes,Wednesday,19
3443,1039,Read chapter,Study,2025-01-24 18:57:00,36.9,Yes,Friday,18
3444,1040,Dishes,Chores,2025-03-29 11:21:00,73.9,Yes,Saturday,11
3445,1031,Budget spreadsheet,Work,2025-04-04 22:54:00,43.8,Yes,Friday,22
3446,1024,Team sync prep,Work,2025-06-25 16:26:00,4.1,Yes,Wednesday,16
3447,1023,Read chapter,Study,2025-03-05 14:35:00,26.0,Yes,Wednesday,14
3448,1026,Call family,Personal,2025-06-20 08:12:00,15.6,Yes,Friday,8
3449,1028,Read for fun,Personal,2025-04-22 06:34:00,50.0,Yes,Tuesday,6
3450,1044,Car wash,Errands,2025-04-26 19:19:00,16.6,Yes,Saturday,19
3451,1014,Email cleanup,Work,2025-05-19 09:25:00,43.5,Yes,Monday,9
3452,1018,Walk,Health,2025-04-14 10:28:00,9.4,Yes,Monday,10
3453,1048,Read for fun,Personal,2025-06-25 14:17:00,81.4,No,Wednesday,14
3454,1045,Laundry,Chores,2025-04-07 08:31:00,15.8,Yes,Monday,8
3455,1044,Post office,Errands,2025-05-08 07:26:00,45.0,Yes,Thursday,7
3456,1042,Laundry,Chores,2025-03-15 12:44:00,27.9,Yes,Saturday,12
3457,1017,Stretching,Health,2025-01-10 12:24:00,11.2,Yes,Friday,12
3458,1015,Client report,Work,2025-06-07 13:05:00,27.2,Yes,Saturday,13
3459,1032,Email cleanup,Work,2025-06-20 08:54:00,8.9,Yes,Friday,8
3460,1023,Stretching,Health,2025-06-01 11:46:00,15.3,Yes,Sunday,11
3461,1015,Walk,Health,2025-02-15 18:11:00,46.9,Yes,Saturday,18
3462,1009,Client report,Work,2025-03-08 14:07:00,2.7,Yes,Saturday,14
3463,1040,Read chapter,Study,2025-07-20 07:09:00,24.1,Yes,Sunday,7
3464,1038,Journaling,Personal,2025-01-11 14:44:00,60.6,Yes,Saturday,14
3465,1015,Sprint planning notes,Work,2025-01-22 13:00:00,9.0,Yes,Wednesday,13
3466,1048,Practice problems,Study,2025-06-15 19:43:00,46.8,Yes,Sunday,19
3467,1043,Stretching,Health,2025-06-30 21:50:00,54.2,Yes,Monday,21
3468,1037,Email cleanup,Work,2025-04-18 09:58:00,49.2,Yes,Friday,9
3469,1047,Walk,Health,2025-02-16 07:43:00,56.9,Yes,Sunday,7
3470,1007,Budget spreadsheet,Work,2025-01-22 17:01:00,29.6,Yes,Wednesday,17
3471,1020,Email cleanup,Work,2025-06-17 13:36:00,89.0,Yes,Tuesday,13
3472,1014,Walk,Health,2025-05-11 06:38:00,35.8,Yes,Sunday,6
3473,1016,Bank visit,Errands,2025-06-11 16:05:00,20.8,Yes,Wednesday,16
3474,1010,Sprint planning notes,Work,2025-07-23 22:44:00,16.9,Yes,Wednesday,22
3475,1007,Email cleanup,Work,2025-01-14 13:50:00,29.05,Yes,Tuesday,13
3476,1010,Team sync prep,Work,2025-04-02 06:52:00,9.1,Yes,Wednesday,6
3477,1025,Essay draft,Study,2025-02-28 06:19:00,30.5,No,Friday,6
3478,1023,Practice problems,Study,2025-05-15 15:47:00,4.1,Yes,Thursday,15
3479,1004,Budget review,Personal,2025-01-09 08:02:00,46.0,No,Thursday,8
3480,1023,Pharmacy pickup,Errands,2025-02-08 08:39:00,33.6,Yes,Saturday,8
3481,1026,Journaling,Personal,2025-04-05 12:29:00,19.9,Yes,Saturday,12
3482,1014,Budget review,Personal,2025-06-24 10:39:00,14.3,Yes,Tuesday,10
3483,1001,Code review,Uncategorized,2025-04-04 20:27:00,21.2,Yes,Friday,20
3484,1037,Budget spreadsheet,Work,2025-02-22 19:23:00,89.5,No,Saturday,19
3485,1027,Dishes,Chores,2025-03-14 07:09:00,18.9,Yes,Friday,7
3486,1030,Walk,Health,2025-06-13 11:38:00,66.4,Yes,Friday,11
3487,1023,Read chapter,Study,2025-04-06 09:49:00,14.1,Yes,Sunday,9
3488,1007,Team sync prep,Work,2025-04-17 07:33:00,14.2,No,Thursday,7
3489,1035,Code review,Work,2025-05-29 13:30:00,74.8,Yes,Thursday,13
3490,1007,Essay draft,Study,2025-05-19 17:37:00,63.5,Yes,Monday,17
3491,1039,Client report,Work,2025-01-11 07:56:00,60.0,Yes,Saturday,7
3492,1023,Stretching,Health,2025-02-27 21:34:00,38.7,Yes,Thursday,21
3493,1006,Stretching,Health,2025-03-26 10:58:00,13.4,Yes,Wednesday,10
3494,1003,Sprint planning notes,Work,2025-01-21 16:03:00,17.1,Yes,Tuesday,16
3495,1012,Team sync prep,Work,2025-02-17 21:47:00,31.5,Yes,Monday,21
3496,1027,Budget spreadsheet,Work,2025-07-11 21:50:00,15.9,Yes,Friday,21
3497,1042,Workout,Health,2025-01-23 10:20:00,17.5,Yes,Thursday,10
3498,1018,Meditation,Health,2025-03-12 20:50:00,9.4,Yes,Wednesday,20
3499,1014,Team sync prep,Work,2025-01-29 16:18:00,6.9,Yes,Wednesday,16
3500,1005,Budget review,Personal,2025-01-24 08:53:00,84.6,No,Friday,8
3501,1006,Post office,Errands,2025-02-07 17:52:00,17.0,Yes,Friday,17
3502,1031,Meditation,Health,2025-04-23 06:31:00,29.6,Yes,Wednesday,6
3503,1039,Read chapter,Study,2025-07-25 08:19:00,44.4,Yes,Friday,8
3504,1030,Grocery shopping,Chores,2025-06-18 20:17:00,29.5,Yes,Wednesday,20
3505,1009,Practice problems,Study,2025-01-22 20:50:00,36.6,No,Wednesday,20
3506,1003,Practice problems,Study,2025-05-24 22:03:00,80.5,Yes,Saturday,22
3507,1017,Sprint planning notes,Work,2025-07-19 10:14:00,2.9,Yes,Saturday,10
3508,1049,Code review,Work,2025-02-25 08:39:00,16.9,Yes,Tuesday,8
3509,1041,Stretching,Health,2025-06-26 16:42:00,33.6,Yes,Thursday,16
3510,1012,Car wash,Errands,2025-04-02 14:57:00,68.1,No,Wednesday,14
3511,1000,Dishes,Chores,2025-02-28 18:47:00,10.5,Yes,Friday,18
3512,1010,Meditation,Health,2025-01-21 17:34:00,68.7,Yes,Tuesday,17
3513,1005,Sprint planning notes,Work,2025-03-29 19:13:00,14.3,Yes,Saturday,19
3514,1001,Meal prep,Health,2025-01-08 16:32:00,38.3,Yes,Wednesday,16
3515,1042,Email cleanup,Work,2025-02-05 09:24:00,43.5,Yes,Wednesday,9
3516,1010,Stretching,Health,2025-01-29 07:09:00,23.6,Yes,Wednesday,7
3517,1010,Budget review,Personal,2025-02-25 15:31:00,31.2,No,Tuesday,15
3518,1046,Walk,Health,2025-02-01 09:56:00,16.9,Yes,Saturday,9
3519,1009,Read for fun,Personal,2025-07-29 06:35:00,2.9,Yes,Tuesday,6
3520,1031,Team sync prep,Work,2025-02-08 20:12:00,28.5,Yes,Saturday,20
3521,1001,Read chapter,Study,2025-04-16 07:58:00,40.0,Yes,Wednesday,7
3522,1004,Online course module,Study,2025-07-13 15:20:00,20.5,Yes,Sunday,15
3523,1009,Code review,Work,2025-05-06 21:35:00,31.8,No,Tuesday,21
3524,1016,Online course module,Study,2025-07-19 07:43:00,13.5,No,Saturday,7
3525,1020,Car wash,Errands,2025-02-19 07:08:00,25.7,Yes,Wednesday,7
3526,1011,Dishes,Chores,2025-06-07 10:52:00,24.1,No,Saturday,10
3527,1034,Stretching,Health,2025-05-17 09:10:00,36.0,Yes,Saturday,9
3528,1026,Pharmacy pickup,Errands,2025-03-03 14:35:00,30.9,No,Monday,14
3529,1005,Client report,Work,2025-04-11 10:44:00,52.1,Yes,Friday,10
3530,1010,Call family,Personal,2025-07-06 13:30:00,53.4,Yes,Sunday,13
3531,1008,Flashcard review,Study,2025-02-26 15:44:00,53.3,Yes,Wednesday,15
3532,1023,Team sync prep,Work,2025-07-02 21:50:00,36.1,Yes,Wednesday,21
3533,1008,Budget spreadsheet,Work,2025-07-17 19:16:00,29.5,Yes,Thursday,19
3534,1018,Journaling,Personal,2025-01-29 09:25:00,37.5,Yes,Wednesday,9
3535,1013,Budget spreadsheet,Work,2025-02-07 12:44:00,19.9,Yes,Friday,12
3536,1048,Practice problems,Study,2025-03-26 07:02:00,2.7,Yes,Wednesday,7
3537,1036,Pharmacy pickup,Errands,2025-04-23 22:44:00,42.3,Yes,Wednesday,22
3538,1042,Tidy desk,Chores,2025-04-16 17:45:00,19.0,Yes,Wednesday,17
3539,1033,Call family,Personal,2025-07-03 13:26:00,45.1,Yes,Thursday,13
3540,1042,Vacuuming,Chores,2025-01-23 10:20:00,29.8,Yes,Thursday,10
3541,1020,Sprint planning notes,Work,2025-06-03 17:37:00,51.0,No,Tuesday,17
3542,1020,Journaling,Personal,2025-02-23 15:08:00,29.0,Yes,Sunday,15
3543,1010,Grocery shopping,Chores,2025-06-06 20:22:00,50.0,Yes,Friday,20
3545,1041,Meal prep,Health,2025-02-19 22:50:00,5.6,Yes,Wednesday,22
3546,1045,Flashcard review,Study,2025-01-05 21:22:00,46.7,Yes,Sunday,21
3547,1047,Team sync prep,Work,2025-01-02 12:35:00,46.0,Yes,Thursday,12
3548,1039,Budget review,Personal,2025-05-27 06:01:00,17.4,Yes,Tuesday,6
3549,1022,Meal prep,Health,2025-04-26 13:44:00,40.7,Yes,Saturday,13
3550,1024,Sprint planning notes,Work,2025-04-05 08:46:00,15.4,Yes,Saturday,8
3551,1046,Flashcard review,Study,2025-05-07 13:57:00,49.7,Yes,Wednesday,13
3552,1010,Budget review,Personal,2025-06-21 08:29:00,50.3,Yes,Saturday,8
3553,1047,Budget spreadsheet,Work,2025-02-24 19:44:00,28.7,Yes,Monday,19
3554,1047,Grocery shopping,Chores,2025-01-08 21:15:00,10.5,Yes,Wednesday,21
3555,1014,Vacuuming,Chores,2025-06-24 07:01:00,54.6,Yes,Tuesday,7
3556,1026,Meditation,Health,2025-03-05 15:22:00,12.4,Yes,Wednesday,15
3557,1003,Walk,Health,2025-07-16 10:36:00,13.5,Yes,Wednesday,10
3558,1042,Online course module,Study,2025-07-22 17:04:00,34.8,Yes,Tuesday,17
3559,1017,Budget spreadsheet,Work,2025-06-06 09:18:00,32.2,Yes,Friday,9
3560,1021,Essay draft,Study,2025-04-27 08:36:00,16.4,Yes,Sunday,8
3561,1046,Flashcard review,Study,2025-03-28 10:58:00,21.4,Yes,Friday,10
3562,1008,Laundry,Chores,2025-06-17 07:34:00,8.2,Yes,Tuesday,7
3563,1031,Email cleanup,Work,2025-01-02 14:04:00,55.3,Yes,Thursday,14
3564,1002,Stretching,Health,2025-03-20 13:07:00,17.8,Yes,Thursday,13
3565,1019,Dishes,Chores,2025-04-13 09:46:00,26.2,Yes,Sunday,9
3566,1017,Stretching,Health,2025-03-19 07:22:00,28.4,Yes,Wednesday,7
3567,1001,Team sync prep,Work,2025-04-04 20:08:00,1.6,Yes,Friday,20
3568,1001,Meditation,Health,2025-07-09 07:11:00,29.0,No,Wednesday,7
3569,1006,Dishes,Chores,2025-02-07 19:12:00,67.9,Yes,Friday,19
3570,1020,Budget review,Personal,2025-01-04 07:24:00,77.1,Yes,Saturday,7
3571,1023,Team sync prep,Work,2025-06-28 13:30:00,33.0,Yes,Saturday,13
3572,1026,Flashcard review,Study,2025-06-21 08:47:00,63.4,No,Saturday,8
3573,1012,Practice problems,Study,2025-07-12 22:41:00,49.9,No,Saturday,22
3574,1015,Essay draft,Study,2025-03-24 08:54:00,11.0,Yes,Monday,8
3575,1020,Workout,Health,2025-02-23 20:40:00,21.4,Yes,Sunday,20
3576,1030,Stretching,Health,2025-02-13 06:08:00,27.8,Yes,Thursday,6
3577,1043,Code review,Work,2025-07-12 16:44:00,31.5,Yes,Saturday,16
3578,1021,Stretching,Health,2025-02-11 10:06:00,29.4,No,Tuesday,10
3579,1023,Call family,Personal,2025-05-25 13:52:00,53.6,Yes,Sunday,13
3580,1032,Budget spreadsheet,Work,2025-06-19 18:47:00,24.1,Yes,Thursday,18
3581,1022,Post office,Errands,2025-07-21 08:12:00,25.0,Yes,Monday,8
3582,1049,Practice problems,Study,2025-02-16 09:28:00,39.4,Yes,Sunday,9
3583,1022,Email cleanup,Work,2025-04-04 10:58:00,51.0,Yes,Friday,10
3584,1001,Code review,Work,2025-07-21 10:32:00,68.6,Yes,Monday,10
3585,1012,Practice problems,Study,2025-01-14 16:53:00,33.7,Yes,Tuesday,16
3586,1028,Essay draft,Study,2025-03-27 19:38:00,52.4,Yes,Thursday,19
3587,1003,Journaling,Personal,2025-06-07 11:19:00,6.2,No,Saturday,11
3588,1022,Bank visit,Errands,2025-01-09 06:39:00,6.1,Yes,Thursday,6
3589,1049,Grocery shopping,Chores,2025-04-02 10:40:00,39.4,Yes,Wednesday,10
3590,1003,Essay draft,Study,2025-04-24 15:37:00,36.1,Yes,Thursday,15
3591,1006,Grocery shopping,Chores,2025-05-01 21:21:00,29.8,Yes,Thursday,21
3592,1008,Budget spreadsheet,Work,2025-03-30 15:06:00,44.2,No,Sunday,15
3593,1013,Essay draft,Study,2025-04-10 10:15:00,9.8,Yes,Thursday,10
3594,1008,Practice problems,Study,2025-01-26 20:11:00,21.0,Yes,Sunday,20
3595,1041,Dishes,Chores,2025-02-08 09:24:00,13.1,Yes,Saturday,9
3596,1038,Meditation,Health,2025-07-10 12:10:00,26.7,Yes,Thursday,12
3597,1027,Dishes,Chore,2025-04-16 10:02:00,28.8,Yes,Wednesday,10
3598,1049,Grocery shopping,Chores,2025-03-31 06:19:00,29.8,Yes,Monday,6
3599,1008,Workout,Health,2025-01-03 07:35:00,36.3,Yes,Friday,7
3600,1012,Client report,Work,2025-04-23 22:11:00,10.5,Yes,Wednesday,22
3601,1007,Call family,Personal,2025-07-12 06:04:00,29.6,Yes,Saturday,6
3602,1019,Code review,Uncategorized,2025-06-28 22:12:00,3.3,Yes,Saturday,22
3603,1028,Pharmacy pickup,Errands,2025-07-26 20:14:00,26.4,No,Saturday,20
3604,1000,Online course module,Study,2025-05-10 10:20:00,58.1,Yes,Saturday,10
3605,1004,Flashcard review,Study,2025-04-10 14:27:00,67.0,Yes,Thursday,14
3606,1031,Laundry,Chores,2025-03-19 14:16:00,90.7,Yes,Wednesday,14
3607,1001,Dishes,Chores,2025-07-27 18:22:00,38.1,Yes,Sunday,18
3608,1027,Grocery shopping,Chores,2025-01-22 11:31:00,86.6,Yes,Wednesday,11
3609,1024,Tidy desk,Chore,2025-02-18 06:21:00,28.8,Yes,Tuesday,6
3610,1032,Meal prep,Health,2025-03-21 09:48:00,79.1,Yes,Friday,9
3611,1002,Journaling,Personal,2025-03-24 18:05:00,11.5,Yes,Monday,18
3612,1049,Read chapter,Study,2025-07-24 06:30:00,6.8,Yes,Thursday,6
3613,1000,Team sync prep,Work,2025-06-13 07:25:00,29.05,Yes,Friday,7
3614,1040,Team sync prep,Work,2025-04-23 17:01:00,69.2,Yes,Wednesday,17
3615,1011,Client report,Work,2025-01-08 22:21:00,50.9,Yes,Wednesday,22
3616,1017,Walk,Health,2025-06-10 06:18:00,7.6,Yes,Tuesday,6
3617,1022,Code review,Work,2025-01-13 18:24:00,23.4,Yes,Monday,18
3618,1026,Read chapter,Study,2025-06-01 16:24:00,26.9,No,Sunday,16
3619,1027,Tidy desk,Chores,2025-01-29 08:22:00,25.2,Yes,Wednesday,8
3620,1035,Flashcard review,Study,2025-05-03 22:34:00,14.5,Yes,Saturday,22
3621,1034,Workout,Health,2025-07-23 19:49:00,8.3,Yes,Wednesday,19
3622,1026,Client report,Work,2025-07-26 10:56:00,31.1,Yes,Saturday,10
3623,1005,Team sync prep,Work,2025-03-15 18:09:00,15.2,Yes,Saturday,18
3624,1047,Code review,Work,2025-04-10 20:56:00,35.5,Yes,Thursday,20
3625,1019,Stretching,Health,2025-04-20 18:05:00,23.8,Yes,Sunday,18
3626,1015,Grocery shopping,Chores,2025-01-23 17:16:00,50.7,No,Thursday,17
3627,1047,Car wash,Errands,2025-03-12 07:14:00,67.0,Yes,Wednesday,7
3628,1018,Budget spreadsheet,Work,2025-04-27 20:47:00,14.4,Yes,Sunday,20
3629,1021,Stretching,Health,2025-04-22 09:27:00,39.9,Yes,Tuesday,9
3630,1035,Tidy desk,Chores,2025-05-24 07:01:00,5.8,Yes,Saturday,7
3631,1039,Client report,Work,2025-05-23 12:22:00,33.6,Yes,Friday,12
3632,1024,Vacuuming,Chores,2025-04-28 22:04:00,65.7,Yes,Monday,22
3633,1041,Dishes,Chores,2025-03-22 19:15:00,19.4,Yes,Saturday,19
3634,1005,Vacuuming,Chores,2025-01-28 20:23:00,61.7,Yes,Tuesday,20
3635,1039,Budget review,Personal,2025-07-10 07:41:00,11.1,Yes,Thursday,7
3637,1028,Team sync prep,Work,2025-01-12 18:36:00,15.9,Yes,Sunday,18
3638,1014,Walk,Health,2025-06-16 09:01:00,17.0,Yes,Monday,9
3639,1047,Walk,Health,2025-07-19 14:29:00,50.5,Yes,Saturday,14
3640,1034,Stretching,Health,2025-01-23 10:54:00,36.3,Yes,Thursday,10
3641,1037,Code review,Work,2025-04-10 08:51:00,20.0,Yes,Thursday,8
3642,1000,Read for fun,Personal,2025-05-16 09:33:00,30.7,Yes,Friday,9
3643,1047,Code review,Work,2025-04-06 16:14:00,77.3,Yes,Sunday,16
3644,1002,Vacuuming,Chores,2025-06-07 22:11:00,11.6,Yes,Saturday,22
3645,1035,Practice problems,Study,2025-06-09 19:18:00,32.9,Yes,Monday,19
3646,1014,Sprint planning notes,Work,2025-01-16 21:51:00,21.4,Yes,Thursday,21
3647,1019,Read for fun,Personal,2025-01-23 16:52:00,45.8,Yes,Thursday,16
3648,1003,Grocery shopping,Chores,2025-04-23 12:24:00,23.6,Yes,Wednesday,12
3649,1016,Meal prep,Health,2025-01-27 19:50:00,14.9,Yes,Monday,19
3650,1033,Team sync prep,Work,2025-01-25 10:36:00,13.8,Yes,Saturday,10
3651,1034,Practice problems,Study,2025-04-09 19:35:00,29.6,No,Wednesday,19
3652,1011,Tidy desk,Chores,2025-01-29 10:19:00,33.0,Yes,Wednesday,10
3653,1019,Grocery shopping,Chores,2025-07-23 14:58:00,50.5,Yes,Wednesday,14
3654,1038,Tidy desk,Chores,2025-02-20 07:55:00,23.9,Yes,Thursday,7
3655,1025,Grocery shopping,Chores,2025-03-27 14:39:00,19.0,Yes,Thursday,14
3656,1030,Read for fun,Personal,2025-01-25 21:33:00,6.8,Yes,Saturday,21
3658,1028,Vacuuming,Chores,2025-04-07 11:53:00,41.1,Yes,Monday,11
3659,1013,Journaling,Personal,2025-01-26 13:08:00,21.4,No,Sunday,13
3660,1042,Sprint planning notes,Work,2025-03-09 14:37:00,29.4,No,Sunday,14
3661,1043,Pharmacy pickup,Errands,2025-05-25 21:36:00,14.0,Yes,Sunday,21
3662,1037,Code review,Work,2025-05-01 13:18:00,17.6,Yes,Thursday,13
3663,1045,Email cleanup,Work,2025-02-07 15:29:00,66.1,Yes,Friday,15
3664,1011,Online course module,Study,2025-07-05 14:40:00,1.8,Yes,Saturday,14
3665,1032,Team sync prep,Work,2025-04-26 06:34:00,31.6,Yes,Saturday,6
3666,1008,Client report,Work,2025-04-26 15:44:00,12.0,Yes,Saturday,15
3667,1001,Meal prep,Health,2025-02-16 19:50:00,9.4,Yes,Sunday,19
3668,1007,Stretching,Health,2025-04-07 20:59:00,55.7,Yes,Monday,20
3669,1038,Flashcard review,Study,2025-05-10 19:18:00,20.1,Yes,Saturday,19
3670,1013,Client report,Work,2025-03-23 14:28:00,29.05,Yes,Sunday,14
3671,1023,Email cleanup,Work,2025-03-08 22:36:00,28.9,Yes,Saturday,22
3672,1024,Vacuuming,Chores,2025-03-19 14:31:00,16.7,Yes,Wednesday,14
3673,1040,Grocery shopping,Chore,2025-05-28 19:01:00,85.6,Yes,Wednesday,19
3674,1045,Online course module,Study,2025-06-18 14:46:00,45.3,Yes,Wednesday,14
3675,1040,Meal prep,Health,2025-06-04 08:18:00,47.7,Yes,Wednesday,8
3676,1011,Code review,Work,2025-02-18 16:04:00,6.9,No,Tuesday,16
3677,1006,Read for fun,Personal,2025-04-21 15:00:00,38.0,Yes,Monday,15
3678,1024,Pharmacy pickup,Errands,2025-03-25 21:34:00,14.9,Yes,Tuesday,21
3679,1016,Client report,Work,2025-02-26 12:47:00,43.9,No,Wednesday,12
3680,1035,Workout,Health,2025-03-02 10:15:00,23.8,Yes,Sunday,10
3681,1005,Journaling,Personal,2025-02-09 11:40:00,30.6,Yes,Sunday,11
3682,1040,Meditation,Health,2025-02-26 13:58:00,8.4,Yes,Wednesday,13
3683,1017,Bank visit,Errands,2025-01-14 15:52:00,49.6,Yes,Tuesday,15
3684,1014,Read chapter,Study,2025-02-21 21:59:00,4.1,Yes,Friday,21
3685,1034,Code review,Work,2025-04-30 14:18:00,17.5,Yes,Wednesday,14
3686,1047,Flashcard review,Study,2025-04-14 06:37:00,1.6,Yes,Monday,6
3687,1004,Tidy desk,Chores,2025-03-27 15:17:00,29.8,Yes,Thursday,15
3688,1034,Workout,Health,2025-05-09 10:53:00,16.6,No,Friday,10
3689,1015,Flashcard review,Study,2025-07-16 17:00:00,22.9,No,Wednesday,17
3690,1049,Call family,Personal,2025-02-05 08:09:00,21.6,Yes,Wednesday,8
3691,1047,Meal prep,Health,2025-05-08 15:10:00,10.1,No,Thursday,15
3692,1023,Post office,Errands,2025-01-08 07:57:00,30.9,Yes,Wednesday,7
3693,1011,Car wash,Errand,2025-06-07 15:45:00,25.7,Yes,Saturday,15
3694,1040,Call family,Personal,2025-05-06 09:12:00,58.5,Yes,Tuesday,9
3695,1048,Call family,Personal,2025-02-15 19:32:00,33.0,Yes,Saturday,19
3696,1033,Journaling,Personal,2025-01-15 14:04:00,21.9,Yes,Wednesday,14
3697,1040,Essay draft,Study,2025-02-04 10:31:00,54.6,Yes,Tuesday,10
3698,1024,Flashcard review,Study,2025-04-29 06:49:00,16.7,Yes,Tuesday,6
3699,1019,Budget review,Personal,2025-01-11 11:55:00,21.2,Yes,Saturday,11
3700,1017,Read chapter,Study,2025-04-08 13:07:00,22.1,Yes,Tuesday,13
3701,1042,Code review,Work,2025-01-10 06:47:00,42.5,No,Friday,6
3702,1002,Bank visit,Errands,2025-03-21 07:32:00,67.1,No,Friday,7
3703,1007,Vacuuming,Chores,2025-02-06 10:23:00,23.2,No,Thursday,10
3704,1025,Practice problems,Study,2025-05-23 11:48:00,87.9,Yes,Friday,11
3705,1027,Journaling,Personal,2025-06-05 14:12:00,7.3,Yes,Thursday,14
3706,1019,Budget spreadsheet,Work,2025-04-28 17:32:00,29.05,Yes,Monday,17
3707,1037,Bank visit,Errands,2025-04-16 13:58:00,36.6,Yes,Wednesday,13
3709,1029,Sprint planning notes,Work,2025-05-15 07:51:00,25.9,Yes,Thursday,7
3710,1035,Meditation,Health,2025-03-04 21:34:00,7.9,Yes,Tuesday,21
3711,1035,Team sync prep,Work,2025-04-13 08:23:00,29.05,Yes,Sunday,8
3712,1009,Budget review,Personal,2025-05-24 21:26:00,17.1,No,Saturday,21
3713,1010,Sprint planning notes,Work,2025-01-12 06:44:00,60.9,Yes,Sunday,6
3714,1040,Laundry,Chores,2025-04-14 07:02:00,24.5,Yes,Monday,7
3715,1009,Online course module,Study,2025-07-27 13:01:00,29.6,Yes,Sunday,13
3716,1027,Online course module,Study,2025-04-02 19:19:00,36.8,No,Wednesday,19
3717,1022,Read for fun,Personal,2025-07-14 12:31:00,22.1,Yes,Monday,12
3718,1028,Meal prep,Health,2025-07-19 11:53:00,34.4,Yes,Saturday,11
3719,1027,Meal prep,Health,2025-04-27 16:22:00,36.4,Yes,Sunday,16
3720,1044,Bank visit,Errands,2025-03-14 16:23:00,96.0,Yes,Friday,16
3721,1011,Bank visit,Uncategorized,2025-04-07 15:26:00,22.2,Yes,Monday,15
3722,1028,Tidy desk,Chores,2025-04-14 20:32:00,40.9,No,Monday,20
3723,1039,Call family,Personal,2025-04-02 09:32:00,48.4,Yes,Wednesday,9
3724,1012,Grocery shopping,Chores,2025-06-21 18:39:00,55.1,Yes,Saturday,18
3725,1006,Sprint planning notes,Work,2025-06-19 09:20:00,22.4,Yes,Thursday,9
3726,1005,Client report,Work,2025-04-26 11:32:00,77.4,Yes,Saturday,11
3727,1043,Grocery shopping,Chores,2025-02-09 08:00:00,63.6,Yes,Sunday,8
3728,1049,Flashcard review,Study,2025-03-24 16:57:00,41.1,Yes,Monday,16
3729,1014,Bank visit,Errands,2025-05-13 07:42:00,8.9,Yes,Tuesday,7
3731,1017,Stretching,Health,2025-03-09 15:39:00,24.4,Yes,Sunday,15
3732,1027,Call family,Personal,2025-05-15 08:44:00,42.0,No,Thursday,8
3733,1041,Pharmacy pickup,Errands,2025-03-27 19:59:00,30.9,Yes,Thursday,19
3734,1030,Team sync prep,Uncategorized,2025-02-02 11:42:00,34.7,Yes,Sunday,11
3735,1042,Email cleanup,Work,2025-03-19 09:34:00,7.3,Yes,Wednesday,9
3736,1049,Walk,Health,2025-05-13 17:24:00,28.4,Yes,Tuesday,17
3737,1018,Sprint planning notes,Work,2025-05-17 15:32:00,30.9,No,Saturday,15
3738,1049,Code review,Work,2025-04-22 22:13:00,2.3,Yes,Tuesday,22
3739,1028,Tidy desk,Chores,2025-01-27 16:19:00,11.8,Yes,Monday,16
3740,1035,Read chapter,Study,2025-01-28 15:04:00,46.6,Yes,Tuesday,15
3742,1015,Post office,Errands,2025-02-04 20:28:00,9.0,Yes,Tuesday,20
3743,1023,Client report,Uncategorized,2025-07-13 13:32:00,17.9,No,Sunday,13
3744,1011,Read chapter,Study,2025-03-31 08:14:00,29.6,Yes,Monday,8
3745,1023,Read for fun,Personal,2025-01-11 15:23:00,7.4,Yes,Saturday,15
3746,1027,Meal prep,Health,2025-05-07 14:46:00,4.5,Yes,Wednesday,14
3747,1029,Vacuuming,Chores,2025-06-03 14:00:00,57.5,Yes,Tuesday,14
3748,1035,Online course module,Study,2025-03-14 12:03:00,55.3,Yes,Friday,12
3749,1003,Read for fun,Personal,2025-05-02 16:07:00,29.0,Yes,Friday,16
3750,1029,Practice problems,Study,2025-05-22 07:43:00,69.6,Yes,Thursday,7
3751,1021,Grocery shopping,Chores,2025-07-08 10:52:00,5.6,No,Tuesday,10
3752,1027,Code review,Work,2025-01-19 10:34:00,56.7,Yes,Sunday,10
3753,1020,Flashcard review,Study,2025-01-03 19:20:00,2.9,Yes,Friday,19
3754,1021,Walk,Health,2025-07-10 20:05:00,22.7,Yes,Thursday,20
3755,1017,Read chapter,Study,2025-05-22 19:09:00,31.9,No,Thursday,19
3756,1018,Budget review,Uncategorized,2025-03-25 19:11:00,12.3,Yes,Tuesday,19
3757,1038,Car wash,Errands,2025-07-07 16:55:00,19.1,Yes,Monday,16
3758,1041,Car wash,Errands,2025-04-08 16:15:00,38.0,Yes,Tuesday,16
3759,1015,Sprint planning notes,Work,2025-05-17 10:31:00,41.1,Yes,Saturday,10
3760,1023,Practice problems,Study,2025-07-18 12:26:00,11.6,Yes,Friday,12
3761,1022,Budget spreadsheet,Work,2025-06-22 08:52:00,37.8,Yes,Sunday,8
3762,1039,Car wash,Errands,2025-07-26 08:34:00,37.2,Yes,Saturday,8
3763,1048,Budget review,Personal,2025-03-18 21:47:00,31.0,Yes,Tuesday,21
3764,1039,Team sync prep,Work,2025-05-01 14:41:00,12.4,Yes,Thursday,14
3765,1033,Flashcard review,Study,2025-04-20 22:05:00,45.8,Yes,Sunday,22
3766,1023,Team sync prep,Work,2025-04-15 06:27:00,15.7,Yes,Tuesday,6
3767,1044,Team sync prep,Work,2025-02-17 09:15:00,23.7,No,Monday,9
3768,1041,Code review,Work,2025-05-13 21:51:00,60.9,Yes,Tuesday,21
3769,1024,Car wash,Errands,2025-06-30 16:28:00,30.9,No,Monday,16
3770,1011,Laundry,Chore,2025-02-06 14:27:00,11.1,Yes,Thursday,14
3771,1035,Essay draft,Study,2025-01-09 10:15:00,5.5,Yes,Thursday,10
3772,1005,Client report,Uncategorized,2025-07-10 18:54:00,8.1,No,Thursday,18
3773,1020,Car wash,Errands,2025-01-15 10:26:00,14.1,Yes,Wednesday,10
3774,1013,Meditation,Health,2025-04-23 08:35:00,36.6,Yes,Wednesday,8
3775,1021,Sprint planning notes,Work,2025-07-03 11:58:00,29.05,Yes,Thursday,11
3776,1004,Team sync prep,Work,2025-07-28 11:00:00,23.9,Yes,Monday,11
3777,1040,Meditation,Health,2025-02-23 08:00:00,40.6,Yes,Sunday,8
3778,1045,Car wash,Errands,2025-06-14 06:59:00,37.2,Yes,Saturday,6
3779,1045,Essay draft,Study,2025-02-05 07:03:00,44.5,Yes,Wednesday,7
3780,1047,Essay draft,Study,2025-03-02 10:05:00,21.8,Yes,Sunday,10
3781,1001,Online course module,Study,2025-07-21 22:01:00,29.6,Yes,Monday,22
3782,1045,Read for fun,Personal,2025-06-07 08:24:00,43.4,Yes,Saturday,8
3783,1043,Walk,Health,2025-04-21 06:58:00,48.5,Yes,Monday,6
3784,1030,Read for fun,Personal,2025-04-21 19:24:00,36.4,Yes,Monday,19
3785,1027,Grocery shopping,Chores,2025-07-25 06:58:00,33.9,No,Friday,6
3786,1027,Tidy desk,Chores,2025-03-04 10:29:00,20.6,Yes,Tuesday,10
3787,1001,Budget spreadsheet,Work,2025-04-14 20:24:00,21.5,Yes,Monday,20
3788,1043,Tidy desk,Chores,2025-07-03 19:10:00,20.1,Yes,Thursday,19
3789,1030,Code review,Work,2025-04-28 14:49:00,54.5,No,Monday,14
3790,1036,Car wash,Errands,2025-04-25 08:01:00,17.3,No,Friday,8
3791,1026,Car wash,Errands,2025-03-06 07:04:00,37.9,Yes,Thursday,7
3792,1040,Email cleanup,Work,2025-05-16 06:21:00,41.6,Yes,Friday,6
3793,1019,Vacuuming,Chores,2025-02-23 06:39:00,29.8,Yes,Sunday,6
3794,1004,Grocery shopping,Chores,2025-05-15 20:33:00,34.2,Yes,Thursday,20
3795,1006,Stretching,Health,2025-06-20 19:23:00,14.2,Yes,Friday,19
3796,1042,Email cleanup,Work,2025-05-19 15:57:00,12.9,Yes,Monday,15
3797,1039,Flashcard review,Study,2025-02-07 11:44:00,66.1,Yes,Friday,11
3798,1046,Tidy desk,Chores,2025-02-21 08:34:00,75.1,No,Friday,8
3799,1021,Bank visit,Errands,2025-05-27 20:52:00,40.0,Yes,Tuesday,20
3800,1024,Read chapter,Study,2025-07-07 06:12:00,62.3,Yes,Monday,6
3801,1003,Client report,Work,2025-07-12 18:15:00,14.6,Yes,Saturday,18
3802,1011,Pharmacy pickup,Errands,2025-03-07 11:33:00,41.0,No,Friday,11
3803,1033,Email cleanup,Work,2025-01-16 09:22:00,28.9,Yes,Thursday,9
3804,1007,Dishes,Chores,2025-04-09 13:37:00,15.8,Yes,Wednesday,13
3805,1022,Flashcard review,Study,2025-03-31 18:33:00,4.7,Yes,Monday,18
3806,1042,Online course module,Study,2025-05-06 10:34:00,15.0,Yes,Tuesday,10
3807,1008,Meal prep,Health,2025-01-31 17:32:00,54.3,Yes,Friday,17
3808,1026,Client report,Work,2025-04-25 15:37:00,32.1,No,Friday,15
3809,1016,Walk,Health,2025-01-10 22:38:00,28.7,Yes,Friday,22
3810,1044,Essay draft,Study,2025-07-26 06:58:00,60.7,Yes,Saturday,6
3811,1002,Walk,Health,2025-03-09 06:00:00,4.3,Yes,Sunday,6
3812,1042,Meditation,Health,2025-02-04 17:05:00,26.1,Yes,Tuesday,17
3813,1001,Sprint planning notes,Work,2025-03-06 20:35:00,13.3,Yes,Thursday,20
3814,1004,Client report,Work,2025-05-28 11:39:00,27.2,Yes,Wednesday,11
3815,1028,Budget spreadsheet,Work,2025-07-16 13:27:00,25.0,No,Wednesday,13
3816,1040,Team sync prep,Work,2025-06-22 15:17:00,53.8,Yes,Sunday,15
3817,1010,Code review,Work,2025-06-29 13:35:00,33.0,No,Sunday,13
3818,1039,Team sync prep,Work,2025-01-27 15:30:00,21.7,No,Monday,15
3819,1020,Essay draft,Study,2025-05-18 06:04:00,79.2,Yes,Sunday,6
3820,1015,Car wash,Errands,2025-03-29 08:15:00,90.3,Yes,Saturday,8
3821,1038,Flashcard review,Study,2025-01-10 06:53:00,69.2,Yes,Friday,6
3822,1040,Flashcard review,Study,2025-05-22 17:15:00,56.1,Yes,Thursday,17
3823,1029,Flashcard review,Study,2025-05-08 12:59:00,53.3,Yes,Thursday,12
3824,1043,Workout,Health,2025-01-02 14:13:00,37.2,Yes,Thursday,14
3825,1010,Vacuuming,Chores,2025-03-24 21:31:00,32.7,Yes,Monday,21
3826,1030,Journaling,Personal,2025-03-30 06:52:00,36.7,Yes,Sunday,6
3827,1026,Read chapter,Study,2025-04-12 14:14:00,68.7,Yes,Saturday,14
3828,1028,Client report,Work,2025-05-04 11:52:00,8.8,No,Sunday,11
3829,1001,Dishes,Uncategorized,2025-02-21 06:17:00,28.9,Yes,Friday,6
3830,1038,Budget spreadsheet,Work,2025-01-23 15:27:00,24.1,Yes,Thursday,15
3831,1048,Code review,Work,2025-05-06 14:32:00,29.8,Yes,Tuesday,14
3832,1042,Sprint planning notes,Work,2025-07-12 11:01:00,29.05,Yes,Saturday,11
3833,1021,Grocery shopping,Chores,2025-04-22 10:01:00,20.5,Yes,Tuesday,10
3834,1048,Email cleanup,Work,2025-01-19 22:50:00,6.7,No,Sunday,22
3835,1003,Budget review,Personal,2025-06-27 07:07:00,31.3,Yes,Friday,7
3836,1020,Practice problems,Study,2025-04-09 18:58:00,59.6,Yes,Wednesday,18
3837,1013,Grocery shopping,Chores,2025-06-06 10:57:00,35.6,Yes,Friday,10
3838,1001,Car wash,Errands,2025-03-26 08:47:00,17.0,Yes,Wednesday,8
3839,1004,Budget review,Personal,2025-07-06 19:23:00,51.3,Yes,Sunday,19
3840,1039,Walk,Health,2025-04-16 10:11:00,28.4,Yes,Wednesday,10
3841,1004,Post office,Errands,2025-01-02 14:36:00,86.6,Yes,Thursday,14
3842,1017,Budget spreadsheet,Work,2025-01-11 22:23:00,17.0,Yes,Saturday,22
3843,1030,Email cleanup,Work,2025-04-10 13:25:00,18.9,Yes,Thursday,13
3844,1036,Post office,Errands,2025-01-20 06:46:00,77.6,No,Monday,6
3845,1015,Team sync prep,Work,2025-05-02 13:05:00,26.2,Yes,Friday,13
3846,1037,Budget review,Personal,2025-04-10 21:43:00,39.7,No,Thursday,21
3847,1049,Journaling,Personal,2025-06-23 12:19:00,12.5,Yes,Monday,12
3848,1027,Tidy desk,Chores,2025-02-21 22:21:00,12.5,Yes,Friday,22
3849,1007,Call family,Personal,2025-06-07 15:49:00,5.4,No,Saturday,15
3850,1002,Flashcard review,Study,2025-07-10 15:10:00,29.6,No,Thursday,15
3851,1013,Flashcard review,Study,2025-04-29 19:46:00,22.3,Yes,Tuesday,19
3852,1033,Tidy desk,Chores,2025-01-07 19:09:00,2.2,Yes,Tuesday,19
3853,1017,Laundry,Chores,2025-07-25 22:07:00,41.9,Yes,Friday,22
3854,1026,Dishes,Chores,2025-04-25 12:44:00,70.2,Yes,Friday,12
3855,1007,Client report,Work,2025-04-20 16:33:00,50.4,Yes,Sunday,16
3856,1045,Online course module,Study,2025-01-13 20:07:00,45.0,Yes,Monday,20
3857,1005,Client report,Work,2025-06-04 09:08:00,24.4,Yes,Wednesday,9
3858,1021,Stretching,Health,2025-03-06 16:53:00,38.1,Yes,Thursday,16
3859,1015,Meditation,Health,2025-07-23 19:40:00,16.4,Yes,Wednesday,19
3860,1031,Budget spreadsheet,Work,2025-07-28 07:49:00,19.3,Yes,Monday,7
3861,1028,Read chapter,Study,2025-02-24 12:12:00,84.8,Yes,Monday,12
3862,1000,Email cleanup,Work,2025-06-21 13:23:00,25.9,Yes,Saturday,13
3863,1001,Essay draft,Study,2025-05-30 21:16:00,22.4,Yes,Friday,21
3864,1005,Client report,Work,2025-01-09 10:01:00,7.8,Yes,Thursday,10
3865,1016,Meditation,Health,2025-07-09 06:08:00,16.4,No,Wednesday,6
3866,1028,Workout,Health,2025-02-14 17:51:00,23.6,Yes,Friday,17
3867,1003,Sprint planning notes,Work,2025-01-15 18:32:00,4.8,Yes,Wednesday,18
3868,1005,Dishes,Chores,2025-04-27 10:08:00,5.8,Yes,Sunday,10
3869,1034,Code review,Work,2025-07-18 17:58:00,15.4,Yes,Friday,17
3870,1028,Email cleanup,Work,2025-03-01 07:54:00,36.4,Yes,Saturday,7
3871,1000,Journaling,Personal,2025-06-09 20:57:00,78.7,Yes,Monday,20
3872,1039,Team sync prep,Work,2025-05-25 08:18:00,7.1,Yes,Sunday,8
3873,1035,Post office,Errands,2025-02-02 20:27:00,18.9,Yes,Sunday,20
3874,1005,Post office,Errands,2025-04-25 08:26:00,6.1,Yes,Friday,8
3875,1015,Grocery shopping,Chores,2025-06-30 11:18:00,26.4,Yes,Monday,11
3876,1025,Essay draft,Study,2025-01-03 19:03:00,38.4,No,Friday,19
3879,1006,Practice problems,Study,2025-01-11 21:30:00,35.9,Yes,Saturday,21
3880,1041,Vacuuming,Chores,2025-05-18 07:07:00,38.5,No,Sunday,7
3881,1002,Call family,Personal,2025-05-07 19:24:00,15.5,Yes,Wednesday,19
3882,1041,Meal prep,Health,2025-03-05 11:43:00,60.2,Yes,Wednesday,11
3883,1025,Flashcard review,Uncategorized,2025-04-01 13:43:00,60.5,Yes,Tuesday,13
3884,1043,Online course module,Study,2025-02-27 15:25:00,40.2,Yes,Thursday,15
3885,1032,Code review,Work,2025-03-20 07:35:00,29.4,Yes,Thursday,7
3886,1011,Email cleanup,Work,2025-02-07 14:16:00,83.0,Yes,Friday,14
3887,1036,Meditation,Health,2025-03-12 09:23:00,88.7,Yes,Wednesday,9
3888,1031,Stretching,Uncategorized,2025-02-24 22:16:00,36.7,Yes,Monday,22
3889,1028,Workout,Health,2025-02-07 10:39:00,58.2,Yes,Friday,10
3891,1002,Car wash,Errands,2025-07-23 20:16:00,40.1,Yes,Wednesday,20
3892,1009,Post office,Errand,2025-03-02 15:58:00,35.9,Yes,Sunday,15
3893,1034,Read chapter,Study,2025-03-13 10:24:00,29.6,Yes,Thursday,10
3894,1033,Laundry,Chores,2025-03-11 16:40:00,13.5,Yes,Tuesday,16
3895,1034,Laundry,Chores,2025-01-18 21:26:00,28.6,Yes,Saturday,21
3896,1044,Tidy desk,Chores,2025-01-24 12:58:00,30.9,Yes,Friday,12
3897,1027,Call family,Personal,2025-04-14 08:27:00,34.6,Yes,Monday,8
3898,1006,Team sync prep,Work,2025-05-31 21:07:00,65.1,Yes,Saturday,21
3899,1026,Call family,Uncategorized,2025-04-12 17:22:00,70.8,Yes,Saturday,17
3900,1026,Laundry,Chores,2025-03-29 08:37:00,14.8,Yes,Saturday,8
3901,1013,Dishes,Uncategorized,2025-01-23 06:19:00,39.2,Yes,Thursday,6
3902,1037,Client report,Work,2025-02-09 07:53:00,11.2,Yes,Sunday,7
3903,1049,Budget spreadsheet,Work,2025-04-16 16:17:00,33.3,Yes,Wednesday,16
3905,1048,Essay draft,Study,2025-03-06 19:20:00,17.0,Yes,Thursday,19
3906,1008,Essay draft,Study,2025-04-04 18:53:00,10.7,Yes,Friday,18
3907,1023,Budget review,Personal,2025-01-05 15:04:00,29.0,Yes,Sunday,15
3908,1030,Tidy desk,Chores,2025-06-30 14:53:00,9.7,Yes,Monday,14
3909,1034,Walk,Health,2025-07-27 09:18:00,29.2,Yes,Sunday,9
3910,1049,Laundry,Chores,2025-01-04 07:21:00,21.2,Yes,Saturday,7
3911,1015,Dishes,Chores,2025-05-23 16:57:00,88.7,Yes,Friday,16
3912,1046,Car wash,Errands,2025-05-20 22:41:00,5.3,Yes,Tuesday,22
3913,1007,Laundry,Chores,2025-03-12 06:08:00,70.9,Yes,Wednesday,6
3914,1048,Practice problems,Study,2025-02-18 09:31:00,17.9,Yes,Tuesday,9
3915,1019,Online course module,Study,2025-03-04 10:34:00,19.8,Yes,Tuesday,10
3916,1025,Client report,Uncategorized,2025-03-06 11:40:00,68.1,Yes,Thursday,11
3917,1031,Client report,Work,2025-04-24 17:58:00,14.3,Yes,Thursday,17
3918,1004,Practice problems,Study,2025-03-26 19:49:00,9.0,Yes,Wednesday,19
3919,1002,Stretching,Health,2025-03-28 20:06:00,65.7,Yes,Friday,20
3920,1002,Stretching,Health,2025-02-25 17:26:00,16.1,No,Tuesday,17
3921,1038,Code review,Work,2025-06-03 14:41:00,89.8,No,Tuesday,14
3922,1042,Team sync prep,Work,2025-05-13 19:48:00,90.0,Yes,Tuesday,19
3923,1009,Sprint planning notes,Work,2025-02-15 17:03:00,29.7,Yes,Saturday,17
3924,1008,Post office,Errands,2025-01-25 17:02:00,30.0,Yes,Saturday,17
3925,1043,Team sync prep,Work,2025-03-15 17:01:00,13.0,Yes,Saturday,17
3926,1048,Dishes,Chore,2025-05-24 14:44:00,15.2,Yes,Saturday,14
3927,1025,Grocery shopping,Chores,2025-01-27 09:20:00,77.8,Yes,Monday,9
3928,1001,Flashcard review,Study,2025-01-21 08:39:00,9.0,Yes,Tuesday,8
3929,1024,Laundry,Chores,2025-07-14 11:57:00,37.3,Yes,Monday,11
3930,1039,Laundry,Chores,2025-01-27 07:38:00,38.4,Yes,Monday,7
3931,1043,Client report,Work,2025-02-07 21:54:00,28.4,Yes,Friday,21
3932,1017,Practice problems,Study,2025-04-20 06:27:00,39.2,Yes,Sunday,6
3933,1030,Essay draft,Uncategorized,2025-05-10 22:36:00,29.5,Yes,Saturday,22
3935,1013,Budget spreadsheet,Work,2025-05-13 11:05:00,17.3,Yes,Tuesday,11
3936,1031,Sprint planning notes,Work,2025-01-28 12:47:00,6.1,Yes,Tuesday,12
3937,1034,Practice problems,Study,2025-05-16 09:09:00,59.7,Yes,Friday,9
3938,1033,Code review,Work,2025-02-09 11:25:00,29.05,Yes,Sunday,11
3939,1032,Meditation,Health,2025-06-17 21:51:00,4.3,Yes,Tuesday,21
3940,1020,Client report,Work,2025-04-09 19:25:00,32.0,Yes,Wednesday,19
3941,1019,Sprint planning notes,Work,2025-06-29 08:30:00,30.2,Yes,Sunday,8
3942,1002,Flashcard review,Study,2025-06-29 08:53:00,26.3,Yes,Sunday,8
3943,1015,Bank visit,Errands,2025-04-24 17:24:00,20.4,Yes,Thursday,17
3944,1029,Online course module,Study,2025-04-06 12:06:00,6.4,No,Sunday,12
3945,1011,Laundry,Chores,2025-03-03 19:25:00,17.1,Yes,Monday,19
3946,1032,Email cleanup,Work,2025-03-19 16:33:00,12.5,Yes,Wednesday,16
3947,1038,Tidy desk,Chore,2025-06-21 17:05:00,29.0,Yes,Saturday,17
3948,1003,Code review,Work,2025-02-06 20:52:00,56.6,Yes,Thursday,20
3949,1032,Client report,Work,2025-04-30 13:02:00,2.6,Yes,Wednesday,13
3950,1040,Essay draft,Study,2025-03-21 15:49:00,18.6,Yes,Friday,15
3951,1048,Budget spreadsheet,Work,2025-04-04 20:30:00,8.4,Yes,Friday,20
3952,1045,Car wash,Errands,2025-01-03 22:48:00,25.9,Yes,Friday,22
3953,1025,Bank visit,Errand,2025-02-10 18:52:00,51.0,Yes,Monday,18
3954,1035,Stretching,Health,2025-05-25 20:26:00,36.2,Yes,Sunday,20
3955,1009,Meal prep,Health,2025-06-13 16:17:00,78.7,Yes,Friday,16
3956,1011,Car wash,Errands,2025-04-08 16:52:00,12.8,Yes,Tuesday,16
3957,1030,Tidy desk,Chores,2025-06-10 09:08:00,18.1,Yes,Tuesday,9
3958,1021,Read chapter,Study,2025-02-13 06:15:00,34.3,Yes,Thursday,6
3959,1012,Vacuuming,Chores,2025-01-27 18:24:00,17.6,Yes,Monday,18
3960,1016,Tidy desk,Chores,2025-03-07 22:12:00,53.2,Yes,Friday,22
3961,1033,Online course module,Study,2025-01-30 16:46:00,52.3,Yes,Thursday,16
3962,1007,Budget review,Personal,2025-02-09 11:14:00,27.1,No,Sunday,11
3963,1021,Essay draft,Study,2025-01-07 22:49:00,9.7,Yes,Tuesday,22
3964,1035,Essay draft,Study,2025-01-10 07:00:00,18.1,Yes,Friday,7
3965,1006,Email cleanup,Work,2025-01-01 15:31:00,21.6,Yes,Wednesday,15
3966,1049,Post office,Errands,2025-05-06 15:51:00,22.7,Yes,Tuesday,15
3967,1036,Pharmacy pickup,Errands,2025-02-07 18:55:00,14.6,Yes,Friday,18
3968,1029,Laundry,Uncategorized,2025-06-04 09:32:00,59.3,No,Wednesday,9
3969,1022,Email cleanup,Uncategorized,2025-01-19 15:30:00,30.2,Yes,Sunday,15
3970,1028,Code review,Work,2025-07-27 15:29:00,32.6,No,Sunday,15
3971,1036,Practice problems,Study,2025-01-26 19:07:00,29.6,Yes,Sunday,19
3972,1015,Vacuuming,Chores,2025-05-12 18:25:00,4.3,Yes,Monday,18
3973,1019,Laundry,Chores,2025-02-17 09:32:00,45.7,Yes,Monday,9
3974,1033,Workout,Health,2025-03-18 06:55:00,18.8,Yes,Tuesday,6
3975,1007,Workout,Health,2025-06-11 15:09:00,31.5,Yes,Wednesday,15
3976,1009,Grocery shopping,Chores,2025-07-13 14:47:00,60.0,Yes,Sunday,14
3977,1044,Client report,Work,2025-04-09 15:06:00,27.1,Yes,Wednesday,15
3978,1034,Read chapter,Study,2025-07-13 06:21:00,23.6,Yes,Sunday,6
3979,1040,Laundry,Chores,2025-07-16 12:14:00,18.2,Yes,Wednesday,12
3980,1035,Grocery shopping,Chores,2025-07-16 14:57:00,30.7,Yes,Wednesday,14
3981,1014,Laundry,Chores,2025-04-20 20:46:00,40.8,Yes,Sunday,20
3982,1016,Call family,Personal,2025-03-29 11:16:00,22.3,Yes,Saturday,11
3983,1027,Essay draft,Study,2025-05-15 13:23:00,40.6,No,Thursday,13
3984,1028,Client report,Work,2025-03-14 16:57:00,1.8,Yes,Friday,16
3985,1037,Practice problems,Study,2025-04-06 20:07:00,19.3,Yes,Sunday,20
3986,1024,Client report,Work,2025-07-27 13:10:00,62.4,No,Sunday,13
3987,1022,Team sync prep,Work,2025-02-02 09:21:00,36.3,Yes,Sunday,9
3988,1021,Grocery shopping,Chores,2025-01-13 09:00:00,19.3,Yes,Monday,9
3989,1030,Pharmacy pickup,Errands,2025-05-06 09:53:00,33.3,Yes,Tuesday,9
3990,1048,Team sync prep,Work,2025-06-17 14:30:00,25.8,Yes,Tuesday,14
3991,1002,Client report,Work,2025-06-25 19:48:00,24.0,Yes,Wednesday,19
3992,1030,Code review,Work,2025-01-09 15:20:00,29.05,Yes,Thursday,15
3993,1006,Tidy desk,Chores,2025-02-03 18:42:00,39.6,Yes,Monday,18
3994,1039,Walk,Uncategorized,2025-07-27 07:06:00,49.5,Yes,Sunday,7
3995,1024,Meal prep,Health,2025-06-22 09:02:00,44.5,Yes,Sunday,9
3996,1011,Dishes,Chores,2025-07-16 09:18:00,29.8,Yes,Wednesday,9
3997,1049,Team sync prep,Work,2025-03-31 18:27:00,7.0,Yes,Monday,18
3998,1046,Car wash,Errands,2025-04-14 10:58:00,29.9,Yes,Monday,10
3999,1037,Read chapter,Study,2025-06-06 10:04:00,47.4,Yes,Friday,10
4000,1022,Team sync prep,Work,2025-01-10 21:31:00,67.2,Yes,Friday,21
4001,1027,Meal prep,Health,2025-05-12 12:58:00,57.1,Yes,Monday,12
4002,1038,Online course module,Study,2025-04-25 09:17:00,26.8,Yes,Friday,9
4003,1039,Essay draft,Study,2025-05-07 15:33:00,21.4,No,Wednesday,15
4004,1036,Budget spreadsheet,Work,2025-05-04 16:40:00,25.8,Yes,Sunday,16
4005,1003,Online course module,Study,2025-03-05 16:00:00,47.8,Yes,Wednesday,16
4006,1032,Vacuuming,Chore,2025-07-17 07:08:00,33.5,Yes,Thursday,7
4007,1045,Sprint planning notes,Work,2025-03-27 10:26:00,19.8,Yes,Thursday,10
4008,1011,Online course module,Study,2025-02-10 11:35:00,29.6,Yes,Monday,11
4009,1009,Call family,Personal,2025-06-10 15:11:00,89.2,Yes,Tuesday,15
4012,1013,Post office,Errand,2025-02-16 17:31:00,25.2,Yes,Sunday,17
4013,1032,Email cleanup,Work,2025-07-09 13:41:00,37.0,Yes,Wednesday,13
4014,1044,Tidy desk,Chores,2025-06-11 18:50:00,6.8,Yes,Wednesday,18
4016,1041,Laundry,Chores,2025-06-26 10:26:00,32.3,Yes,Thursday,10
4017,1048,Practice problems,Study,2025-02-26 14:33:00,34.8,Yes,Wednesday,14
4018,1034,Pharmacy pickup,Errands,2025-06-22 19:53:00,30.9,No,Sunday,19
4019,1000,Read for fun,Personal,2025-06-10 14:02:00,29.0,Yes,Tuesday,14
4020,1007,Dishes,Uncategorized,2025-06-09 19:29:00,25.5,Yes,Monday,19
4021,1025,Budget spreadsheet,Work,2025-03-29 16:11:00,25.7,Yes,Saturday,16
4022,1029,Workout,Health,2025-06-08 08:48:00,25.9,Yes,Sunday,8
4023,1014,Budget spreadsheet,Work,2025-04-09 22:58:00,41.1,Yes,Wednesday,22
4024,1033,Read chapter,Study,2025-04-17 11:20:00,12.4,Yes,Thursday,11
4025,1005,Online course module,Uncategorized,2025-04-06 06:34:00,33.2,Yes,Sunday,6
4026,1026,Budget spreadsheet,Work,2025-01-15 06:57:00,13.9,Yes,Wednesday,6
4027,1030,Post office,Errands,2025-02-22 10:20:00,39.8,Yes,Saturday,10
4028,1016,Vacuuming,Chores,2025-06-02 07:17:00,13.1,Yes,Monday,7
4029,1008,Flashcard review,Study,2025-05-27 06:37:00,47.5,No,Tuesday,6
4030,1038,Stretching,Health,2025-04-30 14:18:00,12.5,Yes,Wednesday,14
4031,1048,Flashcard review,Study,2025-07-21 13:56:00,61.0,Yes,Monday,13
4032,1013,Stretching,Health,2025-02-22 13:36:00,28.4,Yes,Saturday,13
4034,1020,Grocery shopping,Chores,2025-07-18 21:49:00,67.5,Yes,Friday,21
4035,1021,Pharmacy pickup,Errands,2025-07-14 20:35:00,13.5,Yes,Monday,20
4036,1005,Meal prep,Health,2025-02-11 13:39:00,28.4,Yes,Tuesday,13
4037,1017,Practice problems,Uncategorized,2025-05-23 08:25:00,13.5,Yes,Friday,8
4038,1043,Sprint planning notes,Work,2025-03-06 13:15:00,41.9,Yes,Thursday,13
4039,1042,Team sync prep,Work,2025-05-21 14:08:00,74.3,Yes,Wednesday,14
4040,1044,Car wash,Errands,2025-02-20 08:06:00,23.7,Yes,Thursday,8
4041,1018,Call family,Personal,2025-03-09 10:01:00,19.9,Yes,Sunday,10
4042,1014,Meditation,Health,2025-05-05 18:51:00,4.4,Yes,Monday,18
4043,1025,Code review,Work,2025-05-18 07:37:00,29.05,Yes,Sunday,7
4044,1043,Meal prep,Health,2025-07-26 20:00:00,39.2,Yes,Saturday,20
4045,1020,Walk,Health,2025-05-11 20:09:00,42.0,Yes,Sunday,20
4046,1034,Essay draft,Study,2025-01-10 12:09:00,40.3,Yes,Friday,12
4047,1002,Tidy desk,Chores,2025-04-13 11:17:00,39.7,Yes,Sunday,11
4048,1022,Post office,Errands,2025-06-01 10:21:00,55.8,Yes,Sunday,10
4049,1041,Sprint planning notes,Work,2025-05-14 18:54:00,85.8,Yes,Wednesday,18
4050,1019,Grocery shopping,Chores,2025-01-03 17:15:00,19.1,Yes,Friday,17
4051,1047,Bank visit,Errands,2025-07-18 14:13:00,30.9,No,Friday,14
4052,1030,Code review,Work,2025-03-13 22:26:00,2.8,Yes,Thursday,22
4053,1033,Dishes,Chores,2025-01-07 14:46:00,54.0,No,Tuesday,14
4054,1027,Call family,Personal,2025-03-25 15:20:00,10.9,Yes,Tuesday,15
4055,1027,Email cleanup,Work,2025-05-02 21:19:00,15.0,Yes,Friday,21
4056,1024,Dishes,Chores,2025-04-09 13:53:00,8.5,Yes,Wednesday,13
4057,1047,Budget review,Personal,2025-03-17 10:50:00,15.3,Yes,Monday,10
4058,1036,Online course module,Study,2025-04-21 06:55:00,16.2,Yes,Monday,6
4060,1018,Essay draft,Study,2025-02-03 09:34:00,75.3,Yes,Monday,9
4061,1021,Essay draft,Study,2025-05-29 07:59:00,39.7,Yes,Thursday,7
4062,1040,Call family,Personal,2025-01-24 19:45:00,29.0,Yes,Friday,19
4063,1021,Code review,Work,2025-02-12 08:15:00,63.7,Yes,Wednesday,8
4064,1024,Stretching,Health,2025-05-29 08:25:00,31.5,Yes,Thursday,8
4065,1027,Vacuuming,Chores,2025-06-04 08:29:00,29.8,Yes,Wednesday,8
4066,1047,Bank visit,Errands,2025-05-10 09:46:00,78.8,Yes,Saturday,9
4067,1023,Client report,Work,2025-06-14 18:20:00,23.3,Yes,Saturday,18
4068,1048,Budget spreadsheet,Work,2025-03-28 07:57:00,29.05,Yes,Friday,7
4069,1041,Client report,Uncategorized,2025-01-31 09:33:00,58.4,Yes,Friday,9
4070,1040,Practice problems,Study,2025-05-19 10:27:00,42.5,Yes,Monday,10
4071,1019,Tidy desk,Chores,2025-05-24 13:43:00,3.7,Yes,Saturday,13
4072,1034,Practice problems,Uncategorized,2025-01-26 11:37:00,15.8,Yes,Sunday,11
4073,1005,Sprint planning notes,Work,2025-04-09 22:31:00,29.05,Yes,Wednesday,22
4074,1041,Walk,Health,2025-01-04 22:38:00,27.0,Yes,Saturday,22
4075,1017,Client report,Work,2025-02-18 20:38:00,8.5,Yes,Tuesday,20
4076,1034,Dishes,Chores,2025-01-05 18:44:00,24.1,Yes,Sunday,18
4077,1022,Client report,Work,2025-01-11 16:40:00,82.6,Yes,Saturday,16
4078,1011,Bank visit,Uncategorized,2025-07-14 13:35:00,40.6,Yes,Monday,13
4079,1046,Meal prep,Health,2025-07-15 20:25:00,24.8,Yes,Tuesday,20
4080,1014,Online course module,Study,2025-05-02 17:07:00,8.5,Yes,Friday,17
4081,1010,Sprint planning notes,Work,2025-07-21 11:47:00,70.1,Yes,Monday,11
4082,1030,Sprint planning notes,Work,2025-02-12 22:41:00,3.4,Yes,Wednesday,22
4083,1044,Essay draft,Study,2025-01-27 21:23:00,29.6,Yes,Monday,21
4084,1023,Team sync prep,Work,2025-04-10 07:30:00,31.4,Yes,Thursday,7
4085,1012,Online course module,Study,2025-03-04 08:06:00,28.6,Yes,Tuesday,8
4086,1020,Essay draft,Study,2025-03-02 19:34:00,39.8,No,Sunday,19
4087,1027,Meditation,Health,2025-05-11 09:13:00,32.2,No,Sunday,9
4088,1004,Sprint planning notes,Work,2025-05-28 22:59:00,29.05,Yes,Wednesday,22
4089,1029,Stretching,Health,2025-06-04 15:11:00,16.6,Yes,Wednesday,15
4091,1040,Meal prep,Health,2025-04-25 07:28:00,38.6,Yes,Friday,7
4092,1004,Grocery shopping,Chores,2025-05-08 06:51:00,16.5,Yes,Thursday,6
4093,1028,Online course module,Study,2025-01-27 11:07:00,72.5,No,Monday,11
4094,1037,Team sync prep,Work,2025-02-17 16:38:00,17.7,Yes,Monday,16
4095,1048,Essay draft,Study,2025-01-07 16:12:00,8.9,Yes,Tuesday,16
4096,1002,Tidy desk,Chores,2025-05-09 09:21:00,13.7,Yes,Friday,9
4097,1026,Practice problems,Study,2025-01-26 16:49:00,9.5,Yes,Sunday,16
4098,1004,Practice problems,Study,2025-04-03 18:46:00,33.3,Yes,Thursday,18
4099,1021,Essay draft,Study,2025-06-15 14:37:00,67.5,Yes,Sunday,14
4100,1018,Team sync prep,Work,2025-06-12 18:55:00,14.0,Yes,Thursday,18
4101,1044,Email cleanup,Work,2025-06-30 07:46:00,40.0,Yes,Monday,7
4103,1026,Essay draft,Study,2025-01-26 11:33:00,24.9,Yes,Sunday,11
4104,1048,Grocery shopping,Chores,2025-02-01 17:25:00,30.9,Yes,Saturday,17
4105,1039,Code review,Work,2025-07-06 13:19:00,45.2,Yes,Sunday,13
4106,1041,Code review,Work,2025-06-04 21:19:00,10.3,Yes,Wednesday,21
4108,1014,Post office,Errands,2025-01-25 21:45:00,29.8,Yes,Saturday,21
4109,1032,Email cleanup,Work,2025-02-15 11:53:00,53.5,Yes,Saturday,11
4110,1046,Client report,Work,2025-03-04 06:55:00,24.7,Yes,Tuesday,6
4111,1019,Stretching,Health,2025-02-16 08:00:00,32.6,Yes,Sunday,8
4112,1037,Walk,Health,2025-06-03 09:31:00,65.2,Yes,Tuesday,9
4113,1001,Workout,Uncategorized,2025-02-01 20:29:00,68.9,Yes,Saturday,20
4114,1008,Laundry,Chores,2025-06-12 13:28:00,46.3,Yes,Thursday,13
4115,1044,Flashcard review,Study,2025-02-25 21:59:00,15.8,Yes,Tuesday,21
4116,1011,Budget spreadsheet,Work,2025-05-03 22:57:00,94.8,Yes,Saturday,22
4117,1039,Dishes,Chores,2025-01-26 22:47:00,22.9,No,Sunday,22
4118,1026,Call family,Personal,2025-06-08 13:22:00,50.4,Yes,Sunday,13
4119,1000,Read for fun,Personal,2025-07-18 15:00:00,9.6,No,Friday,15
4120,1006,Code review,Work,2025-02-10 20:49:00,40.5,No,Monday,20
4122,1040,Car wash,Errands,2025-07-24 13:34:00,5.4,Yes,Thursday,13
4123,1007,Budget spreadsheet,Work,2025-02-19 17:51:00,30.8,Yes,Wednesday,17
4124,1013,Laundry,Chores,2025-07-04 17:02:00,29.8,No,Friday,17
4125,1012,Read chapter,Study,2025-03-03 15:05:00,35.5,Yes,Monday,15
4126,1043,Journaling,Personal,2025-06-13 15:40:00,52.9,Yes,Friday,15
4127,1049,Car wash,Errands,2025-03-26 18:36:00,82.7,Yes,Wednesday,18
4128,1019,Sprint planning notes,Work,2025-07-04 19:40:00,42.3,No,Friday,19
4129,1047,Pharmacy pickup,Errands,2025-04-02 18:31:00,43.4,Yes,Wednesday,18
4130,1037,Stretching,Health,2025-02-26 12:52:00,72.8,Yes,Wednesday,12
4131,1008,Car wash,Errands,2025-03-15 16:56:00,13.7,Yes,Saturday,16
4133,1023,Journaling,Personal,2025-06-17 06:13:00,31.9,Yes,Tuesday,6
4134,1022,Call family,Personal,2025-02-04 12:00:00,6.7,No,Tuesday,12
4135,1047,Post office,Uncategorized,2025-05-20 18:52:00,70.1,No,Tuesday,18
4136,1027,Email cleanup,Uncategorized,2025-04-25 09:55:00,61.8,Yes,Friday,9
4137,1046,Online course module,Study,2025-04-11 13:09:00,43.7,Yes,Friday,13
4138,1008,Budget review,Personal,2025-07-10 19:17:00,17.4,No,Thursday,19
4139,1016,Practice problems,Study,2025-05-09 09:26:00,41.4,Yes,Friday,9
4140,1021,Essay draft,Study,2025-03-26 19:03:00,29.6,Yes,Wednesday,19
4141,1024,Email cleanup,Work,2025-04-24 15:37:00,24.7,Yes,Thursday,15
4142,1035,Budget review,Personal,2025-04-05 13:33:00,25.8,Yes,Saturday,13
4143,1032,Team sync prep,Work,2025-07-04 17:12:00,14.4,Yes,Friday,17
4144,1036,Workout,Health,2025-07-15 22:35:00,27.2,Yes,Tuesday,22
4145,1026,Tidy desk,Chores,2025-05-21 09:56:00,17.0,Yes,Wednesday,9
4147,1032,Journaling,Personal,2025-06-01 14:42:00,39.0,Yes,Sunday,14
4148,1001,Walk,Health,2025-02-14 18:07:00,13.9,Yes,Friday,18
4149,1023,Essay draft,Study,2025-04-21 21:19:00,25.5,Yes,Monday,21
4150,1029,Essay draft,Study,2025-02-17 15:37:00,39.2,Yes,Monday,15
4151,1007,Team sync prep,Work,2025-01-26 13:48:00,21.2,No,Sunday,13
4152,1021,Car wash,Errands,2025-06-05 13:03:00,7.0,Yes,Thursday,13
4153,1048,Bank visit,Errands,2025-07-01 11:30:00,35.9,Yes,Tuesday,11
4154,1002,Read chapter,Study,2025-04-21 06:52:00,24.3,Yes,Monday,6
4155,1003,Grocery shopping,Chores,2025-04-13 22:41:00,48.9,Yes,Sunday,22
4156,1035,Walk,Health,2025-05-26 16:30:00,8.6,Yes,Monday,16
4157,1021,Client report,Work,2025-07-13 06:12:00,53.5,No,Sunday,6
4158,1018,Client report,Work,2025-05-27 15:55:00,47.5,Yes,Tuesday,15
4159,1045,Meditation,Health,2025-04-12 19:09:00,7.0,Yes,Saturday,19
4160,1001,Read for fun,Personal,2025-02-11 09:07:00,20.1,Yes,Tuesday,9
4161,1043,Budget spreadsheet,Work,2025-01-20 07:31:00,29.05,Yes,Monday,7
4162,1013,Online course module,Study,2025-04-14 21:18:00,10.0,Yes,Monday,21
4163,1041,Client report,Work,2025-07-22 12:28:00,57.4,No,Tuesday,12
4164,1024,Essay draft,Study,2025-02-25 20:08:00,35.2,No,Tuesday,20
4167,1016,Sprint planning notes,Work,2025-01-11 08:17:00,22.9,Yes,Saturday,8
4168,1040,Car wash,Errands,2025-06-01 10:10:00,65.9,Yes,Sunday,10
4169,1005,Laundry,Chores,2025-07-25 07:00:00,29.3,No,Friday,7
4170,1032,Sprint planning notes,Work,2025-03-05 21:24:00,29.9,Yes,Wednesday,21
4171,1043,Tidy desk,Chores,2025-01-08 22:11:00,46.8,Yes,Wednesday,22
4172,1002,Client report,Work,2025-03-13 22:30:00,20.7,No,Thursday,22
4173,1005,Call family,Personal,2025-02-24 21:27:00,26.7,No,Monday,21
4174,1011,Team sync prep,Work,2025-04-24 20:29:00,5.6,Yes,Thursday,20
4175,1032,Meditation,Health,2025-05-24 13:16:00,45.7,Yes,Saturday,13
4176,1031,Budget spreadsheet,Work,2025-07-28 12:35:00,55.2,Yes,Monday,12
4177,1033,Budget spreadsheet,Work,2025-05-21 14:26:00,64.1,Yes,Wednesday,14
4178,1041,Budget review,Personal,2025-02-06 15:35:00,11.5,No,Thursday,15
4179,1032,Bank visit,Errands,2025-02-15 08:36:00,1.5,Yes,Saturday,8
4180,1007,Flashcard review,Study,2025-01-01 20:31:00,30.3,Yes,Wednesday,20
4181,1016,Laundry,Chores,2025-01-25 15:17:00,2.0,Yes,Saturday,15
4182,1014,Flashcard review,Study,2025-02-04 20:01:00,38.3,Yes,Tuesday,20
4183,1025,Client report,Work,2025-01-10 19:43:00,12.5,Yes,Friday,19
4184,1046,Email cleanup,Work,2025-06-19 09:44:00,34.6,Yes,Thursday,9
4185,1000,Journaling,Personal,2025-04-28 22:38:00,14.5,Yes,Monday,22
4186,1049,Practice problems,Study,2025-01-25 13:25:00,33.7,No,Saturday,13
4187,1048,Email cleanup,Work,2025-04-25 15:59:00,29.05,Yes,Friday,15
4188,1032,Online course module,Study,2025-02-18 20:50:00,29.6,Yes,Tuesday,20
4189,1009,Stretching,Health,2025-01-04 07:09:00,56.3,Yes,Saturday,7
4190,1047,Practice problems,Study,2025-02-28 13:15:00,48.2,Yes,Friday,13
4191,1010,Sprint planning notes,Work,2025-03-27 11:36:00,33.9,Yes,Thursday,11
4192,1014,Vacuuming,Chores,2025-03-03 17:55:00,12.9,Yes,Monday,17
4193,1035,Meal prep,Health,2025-07-10 15:15:00,16.2,Yes,Thursday,15
4194,1033,Practice problems,Study,2025-05-24 12:37:00,11.3,No,Saturday,12
4195,1026,Tidy desk,Chores,2025-07-13 18:28:00,76.0,Yes,Sunday,18
4196,1025,Dishes,Chores,2025-07-10 09:11:00,34.0,No,Thursday,9
4197,1034,Email cleanup,Work,2025-07-01 17:51:00,7.5,Yes,Tuesday,17
4199,1017,Email cleanup,Work,2025-06-02 11:49:00,15.8,Yes,Monday,11
4200,1017,Client report,Work,2025-02-28 07:38:00,14.1,Yes,Friday,7
4202,1021,Essay draft,Study,2025-05-04 08:29:00,7.0,Yes,Sunday,8
4203,1036,Sprint planning notes,Work,2025-05-04 14:14:00,30.4,No,Sunday,14
4204,1049,Flashcard review,Study,2025-04-07 10:39:00,34.9,Yes,Monday,10
4205,1001,Pharmacy pickup,Errands,2025-06-25 08:57:00,7.4,No,Wednesday,8
4206,1012,Online course module,Study,2025-05-09 08:49:00,17.9,No,Friday,8
4207,1045,Car wash,Errands,2025-06-16 13:14:00,31.2,Yes,Monday,13
4208,1025,Walk,Health,2025-02-13 18:54:00,14.2,Yes,Thursday,18
4209,1023,Email cleanup,Work,2025-05-20 13:21:00,13.6,Yes,Tuesday,13
4210,1003,Online course module,Study,2025-04-26 18:22:00,5.0,Yes,Saturday,18
4211,1013,Practice problems,Study,2025-04-19 20:34:00,22.3,Yes,Saturday,20
4212,1044,Email cleanup,Work,2025-03-04 19:02:00,91.0,Yes,Tuesday,19
4213,1017,Call family,Personal,2025-05-25 18:44:00,19.4,Yes,Sunday,18
4214,1032,Vacuuming,Chores,2025-03-10 08:59:00,41.3,Yes,Monday,8
4215,1030,Online course module,Study,2025-06-12 08:11:00,39.6,Yes,Thursday,8
4216,1028,Grocery shopping,Chores,2025-01-04 21:54:00,2.5,Yes,Saturday,21
4217,1032,Dishes,Chores,2025-04-03 06:41:00,23.0,Yes,Thursday,6
4218,1032,Team sync prep,Work,2025-07-18 13:58:00,8.2,Yes,Friday,13
4219,1005,Practice problems,Study,2025-02-13 19:10:00,34.0,Yes,Thursday,19
4220,1047,Pharmacy pickup,Errands,2025-01-11 08:37:00,38.6,Yes,Saturday,8
4221,1015,Code review,Work,2025-02-12 13:50:00,11.9,Yes,Wednesday,13
4222,1031,Read chapter,Study,2025-02-19 11:47:00,15.2,No,Wednesday,11
4223,1012,Meditation,Health,2025-02-26 14:31:00,55.1,Yes,Wednesday,14
4224,1037,Stretching,Health,2025-05-11 08:47:00,33.3,Yes,Sunday,8
4225,1014,Workout,Health,2025-07-25 13:52:00,49.1,Yes,Friday,13
4226,1001,Grocery shopping,Chores,2025-07-17 07:12:00,85.4,Yes,Thursday,7
4227,1013,Code review,Work,2025-03-11 19:18:00,42.5,Yes,Tuesday,19
4228,1020,Practice problems,Study,2025-06-03 16:46:00,29.0,Yes,Tuesday,16
4230,1027,Read chapter,Study,2025-04-30 12:44:00,6.8,Yes,Wednesday,12
4231,1001,Dishes,Chores,2025-03-15 12:12:00,29.8,No,Saturday,12
4232,1044,Essay draft,Study,2025-07-15 09:40:00,27.6,Yes,Tuesday,9
4233,1023,Code review,Uncategorized,2025-03-27 08:34:00,26.0,Yes,Thursday,8
4234,1042,Budget spreadsheet,Work,2025-01-23 09:07:00,47.1,Yes,Thursday,9
4235,1028,Client report,Work,2025-01-17 06:39:00,17.4,No,Friday,6
4236,1033,Stretching,Health,2025-06-14 09:39:00,9.5,Yes,Saturday,9
4237,1012,Pharmacy pickup,Uncategorized,2025-06-23 15:47:00,34.0,No,Monday,15
4238,1009,Budget spreadsheet,Work,2025-06-07 19:47:00,51.0,Yes,Saturday,19
4239,1022,Laundry,Chores,2025-02-04 20:03:00,37.4,Yes,Tuesday,20
4240,1043,Code review,Work,2025-05-20 13:37:00,36.0,Yes,Tuesday,13
4241,1006,Team sync prep,Work,2025-06-29 11:00:00,39.6,Yes,Sunday,11
4243,1013,Read chapter,Study,2025-07-25 20:23:00,11.8,Yes,Friday,20
4244,1026,Client report,Work,2025-05-24 12:42:00,24.1,Yes,Saturday,12
4245,1027,Tidy desk,Chores,2025-01-08 13:52:00,52.0,Yes,Wednesday,13
4246,1042,Stretching,Health,2025-06-18 14:12:00,32.0,Yes,Wednesday,14
4247,1030,Stretching,Health,2025-07-27 15:18:00,22.4,Yes,Sunday,15
4248,1048,Email cleanup,Work,2025-01-22 08:55:00,17.9,Yes,Wednesday,8
4249,1004,Workout,Health,2025-01-20 18:11:00,70.9,Yes,Monday,18
4250,1004,Client report,Work,2025-03-08 09:53:00,34.4,No,Saturday,9
4251,1017,Workout,Health,2025-05-01 16:57:00,21.4,Yes,Thursday,16
4252,1022,Client report,Work,2025-01-01 22:03:00,24.0,Yes,Wednesday,22
4253,1020,Dishes,Chores,2025-04-11 17:54:00,20.2,Yes,Friday,17
4254,1010,Workout,Health,2025-05-01 21:58:00,28.4,Yes,Thursday,21
4255,1042,Client report,Work,2025-01-15 17:59:00,25.0,Yes,Wednesday,17
4256,1048,Stretching,Health,2025-07-11 07:16:00,56.4,No,Friday,7
4257,1032,Walk,Health,2025-02-25 21:13:00,9.2,Yes,Tuesday,21
4258,1027,Grocery shopping,Chores,2025-05-22 09:52:00,10.6,Yes,Thursday,9
4259,1007,Essay draft,Study,2025-06-30 19:26:00,27.7,Yes,Monday,19
4260,1020,Client report,Work,2025-05-03 14:21:00,14.5,Yes,Saturday,14
4261,1025,Sprint planning notes,Work,2025-07-08 15:17:00,42.1,Yes,Tuesday,15
4262,1026,Walk,Uncategorized,2025-04-17 11:23:00,1.7,Yes,Thursday,11
4263,1028,Pharmacy pickup,Errands,2025-07-29 14:44:00,30.9,Yes,Tuesday,14
4264,1019,Online course module,Study,2025-02-17 18:40:00,10.0,Yes,Monday,18
4265,1047,Workout,Health,2025-05-18 13:54:00,30.3,Yes,Sunday,13
4266,1045,Budget spreadsheet,Uncategorized,2025-02-19 06:52:00,21.8,Yes,Wednesday,6
4267,1007,Online course module,Study,2025-05-18 12:59:00,16.0,No,Sunday,12
4268,1004,Laundry,Chores,2025-04-26 19:34:00,29.8,Yes,Saturday,19
4269,1022,Stretching,Health,2025-02-25 11:32:00,49.8,Yes,Tuesday,11
4270,1018,Budget review,Personal,2025-03-13 10:52:00,35.5,Yes,Thursday,10
4271,1034,Sprint planning notes,Work,2025-07-11 19:49:00,67.0,No,Friday,19
4272,1023,Grocery shopping,Chores,2025-01-09 10:25:00,15.9,Yes,Thursday,10
4273,1031,Meal prep,Health,2025-02-22 12:08:00,2.9,Yes,Saturday,12
4274,1040,Email cleanup,Work,2025-04-13 06:41:00,23.6,Yes,Sunday,6
4275,1039,Grocery shopping,Chores,2025-01-11 22:57:00,29.8,Yes,Saturday,22
4276,1012,Sprint planning notes,Work,2025-02-28 12:14:00,25.2,Yes,Friday,12
4277,1004,Stretching,Health,2025-01-24 10:58:00,29.7,Yes,Friday,10
4278,1032,Post office,Errands,2025-01-26 18:20:00,35.5,Yes,Sunday,18
4279,1023,Email cleanup,Work,2025-06-11 07:43:00,31.3,Yes,Wednesday,7
4281,1043,Read for fun,Personal,2025-04-02 19:15:00,16.2,Yes,Wednesday,19
4282,1020,Team sync prep,Work,2025-06-06 21:57:00,21.3,No,Friday,21
4283,1047,Budget spreadsheet,Work,2025-04-01 17:46:00,61.7,Yes,Tuesday,17
4284,1042,Car wash,Errand,2025-06-21 17:52:00,6.9,No,Saturday,17
4285,1030,Budget spreadsheet,Work,2025-05-27 08:10:00,73.3,Yes,Tuesday,8
4286,1047,Budget review,Personal,2025-03-06 15:11:00,28.7,Yes,Thursday,15
4287,1039,Budget spreadsheet,Work,2025-04-20 16:34:00,40.0,Yes,Sunday,16
4288,1036,Walk,Health,2025-06-07 19:53:00,20.3,Yes,Saturday,19
4289,1001,Essay draft,Study,2025-03-21 08:50:00,30.2,Yes,Friday,8
4290,1046,Sprint planning notes,Work,2025-03-02 18:57:00,35.8,Yes,Sunday,18
4291,1029,Sprint planning notes,Work,2025-05-27 21:31:00,19.0,Yes,Tuesday,21
4292,1042,Car wash,Errands,2025-06-08 14:37:00,41.8,Yes,Sunday,14
4294,1042,Budget spreadsheet,Work,2025-03-23 16:49:00,51.1,Yes,Sunday,16
4295,1038,Pharmacy pickup,Errands,2025-06-27 06:46:00,12.8,No,Friday,6
4296,1029,Workout,Health,2025-06-28 21:21:00,4.9,Yes,Saturday,21
4297,1001,Email cleanup,Work,2025-05-03 20:23:00,55.5,No,Saturday,20
4298,1047,Bank visit,Errands,2025-05-23 07:09:00,41.7,No,Friday,7
4299,1038,Budget review,Personal,2025-07-23 07:56:00,67.4,No,Wednesday,7
4300,1031,Read chapter,Study,2025-05-29 12:54:00,85.0,Yes,Thursday,12
4301,1040,Dishes,Chores,2025-02-07 12:45:00,56.9,Yes,Friday,12
4302,1040,Online course module,Study,2025-04-29 10:49:00,51.6,Yes,Tuesday,10
4303,1018,Vacuuming,Chores,2025-05-15 20:37:00,7.5,No,Thursday,20
4304,1018,Call family,Personal,2025-07-03 22:57:00,12.5,Yes,Thursday,22
4305,1024,Budget review,Personal,2025-01-18 13:13:00,12.0,Yes,Saturday,13
4306,1045,Car wash,Errands,2025-03-06 07:38:00,26.5,Yes,Thursday,7
4307,1004,Client report,Uncategorized,2025-02-12 06:33:00,43.2,Yes,Wednesday,6
4308,1003,Read for fun,Personal,2025-05-27 15:19:00,26.0,No,Tuesday,15
4309,1035,Laundry,Chores,2025-02-05 19:13:00,12.6,Yes,Wednesday,19
4310,1028,Meditation,Health,2025-07-13 08:57:00,8.0,Yes,Sunday,8
4311,1006,Sprint planning notes,Work,2025-03-19 10:10:00,21.8,Yes,Wednesday,10
4312,1026,Online course module,Study,2025-04-05 11:02:00,7.8,Yes,Saturday,11
4313,1036,Laundry,Chores,2025-03-10 07:05:00,29.8,Yes,Monday,7
4314,1027,Online course module,Study,2025-06-11 07:19:00,25.9,Yes,Wednesday,7
4315,1002,Essay draft,Study,2025-02-24 12:22:00,26.5,No,Monday,12
4316,1031,Practice problems,Study,2025-02-15 06:05:00,29.6,Yes,Saturday,6
4317,1031,Read chapter,Study,2025-05-21 13:10:00,21.4,Yes,Wednesday,13
4318,1023,Read chapter,Study,2025-02-01 17:46:00,40.5,Yes,Saturday,17
4319,1022,Client report,Work,2025-01-12 14:40:00,35.2,Yes,Sunday,14
4321,1035,Practice problems,Study,2025-03-09 12:27:00,12.8,Yes,Sunday,12
4322,1043,Workout,Health,2025-04-16 14:16:00,27.6,Yes,Wednesday,14
4323,1032,Walk,Health,2025-02-19 08:53:00,38.9,No,Wednesday,8
4324,1003,Code review,Work,2025-07-17 06:45:00,22.6,Yes,Thursday,6
4325,1030,Team sync prep,Work,2025-06-13 21:54:00,53.7,Yes,Friday,21
4326,1020,Stretching,Health,2025-01-03 12:18:00,78.4,Yes,Friday,12
4327,1015,Pharmacy pickup,Errands,2025-06-23 12:33:00,32.0,Yes,Monday,12
4328,1008,Bank visit,Errands,2025-03-03 15:36:00,30.9,Yes,Monday,15
4329,1015,Code review,Work,2025-06-04 10:27:00,7.4,Yes,Wednesday,10
4330,1039,Grocery shopping,Chores,2025-01-02 12:03:00,11.8,Yes,Thursday,12
4331,1000,Bank visit,Errands,2025-06-11 08:10:00,29.6,Yes,Wednesday,8
4332,1020,Post office,Errand,2025-07-05 14:23:00,57.1,Yes,Saturday,14
4333,1033,Client report,Work,2025-04-09 09:13:00,29.05,Yes,Wednesday,9
4334,1010,Walk,Health,2025-07-29 22:27:00,55.5,Yes,Tuesday,22
4335,1042,Meal prep,Health,2025-03-08 16:14:00,36.8,Yes,Saturday,16
4336,1029,Meal prep,Health,2025-07-04 09:29:00,13.0,Yes,Friday,9
4337,1009,Budget review,Personal,2025-02-19 14:49:00,22.1,Yes,Wednesday,14
4338,1001,Flashcard review,Study,2025-06-13 17:40:00,23.1,Yes,Friday,17
4339,1027,Meal prep,Health,2025-04-11 20:07:00,71.1,Yes,Friday,20
4340,1027,Vacuuming,Chores,2025-06-27 06:53:00,12.4,Yes,Friday,6
4341,1022,Email cleanup,Work,2025-04-01 20:35:00,46.0,Yes,Tuesday,20
4342,1046,Read for fun,Personal,2025-07-10 20:36:00,27.3,No,Thursday,20
4343,1003,Vacuuming,Chores,2025-04-06 10:07:00,29.8,No,Sunday,10
4344,1015,Code review,Work,2025-04-14 14:05:00,40.5,Yes,Monday,14
4345,1022,Stretching,Health,2025-01-24 13:12:00,18.4,Yes,Friday,13
4346,1042,Team sync prep,Work,2025-03-28 15:35:00,37.2,Yes,Friday,15
4347,1012,Team sync prep,Work,2025-03-06 15:08:00,28.0,Yes,Thursday,15
4348,1016,Practice problems,Study,2025-03-10 11:02:00,12.6,Yes,Monday,11
4350,1017,Sprint planning notes,Work,2025-06-10 21:10:00,18.2,Yes,Tuesday,21
4351,1018,Walk,Health,2025-02-16 16:41:00,35.4,Yes,Sunday,16
4352,1043,Budget spreadsheet,Work,2025-03-22 06:06:00,9.9,Yes,Saturday,6
4353,1032,Flashcard review,Study,2025-01-18 11:06:00,50.7,Yes,Saturday,11
4354,1038,Dishes,Chores,2025-01-25 21:43:00,18.3,Yes,Saturday,21
4355,1035,Read for fun,Personal,2025-06-06 14:31:00,9.6,Yes,Friday,14
4356,1024,Budget review,Personal,2025-02-05 19:59:00,6.6,Yes,Wednesday,19
4357,1032,Meal prep,Health,2025-05-04 12:26:00,30.6,Yes,Sunday,12
4358,1028,Stretching,Health,2025-01-16 15:36:00,46.2,Yes,Thursday,15
4359,1011,Practice problems,Study,2025-04-09 11:48:00,4.5,Yes,Wednesday,11
4360,1041,Sprint planning notes,Work,2025-05-13 09:54:00,8.0,Yes,Tuesday,9
4361,1037,Sprint planning notes,Work,2025-07-13 17:06:00,30.0,Yes,Sunday,17
4362,1029,Essay draft,Study,2025-05-18 07:32:00,24.5,No,Sunday,7
4363,1024,Workout,Health,2025-02-14 14:03:00,16.3,No,Friday,14
4364,1045,Post office,Errands,2025-01-04 17:55:00,63.4,Yes,Saturday,17
4365,1042,Walk,Health,2025-07-18 17:54:00,28.4,Yes,Friday,17
4366,1033,Practice problems,Study,2025-01-10 12:06:00,33.5,Yes,Friday,12
4367,1042,Team sync prep,Work,2025-02-08 19:26:00,29.05,Yes,Saturday,19
4368,1026,Bank visit,Errands,2025-01-30 19:38:00,21.9,Yes,Thursday,19
4369,1010,Essay draft,Study,2025-05-14 07:16:00,14.0,Yes,Wednesday,7
4370,1023,Meditation,Health,2025-02-03 18:11:00,10.3,Yes,Monday,18
4371,1022,Sprint planning notes,Work,2025-07-26 17:32:00,20.9,Yes,Saturday,17
4372,1006,Vacuuming,Chores,2025-02-06 11:01:00,17.0,Yes,Thursday,11
4373,1046,Car wash,Errands,2025-04-18 15:49:00,11.8,Yes,Friday,15
4374,1031,Team sync prep,Work,2025-01-22 13:15:00,29.7,Yes,Wednesday,13
4375,1027,Budget spreadsheet,Work,2025-06-27 19:12:00,54.7,Yes,Friday,19
4376,1002,Dishes,Chores,2025-06-17 10:45:00,15.7,Yes,Tuesday,10
4377,1013,Practice problems,Study,2025-03-02 16:19:00,22.1,Yes,Sunday,16
4378,1033,Online course module,Study,2025-02-04 12:27:00,41.6,Yes,Tuesday,12
4379,1003,Client report,Work,2025-02-01 12:51:00,17.8,Yes,Saturday,12
4380,1044,Code review,Work,2025-04-08 09:06:00,44.7,Yes,Tuesday,9
4381,1044,Sprint planning notes,Work,2025-06-10 13:13:00,32.7,Yes,Tuesday,13
4382,1022,Grocery shopping,Chores,2025-03-17 17:52:00,20.0,Yes,Monday,17
4383,1044,Dishes,Chores,2025-01-21 16:51:00,26.4,Yes,Tuesday,16
4384,1042,Call family,Personal,2025-05-30 06:58:00,39.2,Yes,Friday,6
4385,1020,Sprint planning notes,Work,2025-07-01 11:28:00,3.7,Yes,Tuesday,11
4386,1023,Client report,Work,2025-05-31 11:17:00,56.1,Yes,Saturday,11
4387,1045,Call family,Personal,2025-01-13 21:17:00,2.4,Yes,Monday,21
4388,1012,Email cleanup,Work,2025-03-23 12:26:00,42.0,Yes,Sunday,12
4389,1045,Client report,Work,2025-06-23 16:07:00,4.1,Yes,Monday,16
4390,1014,Budget spreadsheet,Work,2025-06-25 09:35:00,8.8,Yes,Wednesday,9
4391,1002,Budget spreadsheet,Work,2025-05-11 06:52:00,23.4,Yes,Sunday,6
4392,1021,Bank visit,Errands,2025-03-01 07:50:00,46.4,Yes,Saturday,7
4394,1048,Walk,Health,2025-06-25 21:40:00,23.8,Yes,Wednesday,21
4395,1040,Meditation,Health,2025-01-21 12:49:00,14.2,Yes,Tuesday,12
4396,1030,Sprint planning notes,Work,2025-02-23 13:06:00,11.6,No,Sunday,13
4397,1014,Client report,Work,2025-05-26 10:25:00,14.7,Yes,Monday,10
4398,1021,Grocery shopping,Chores,2025-04-26 06:21:00,18.9,Yes,Saturday,6
4399,1025,Team sync prep,Work,2025-01-05 12:30:00,37.7,Yes,Sunday,12
4400,1027,Budget spreadsheet,Work,2025-04-23 11:26:00,44.7,Yes,Wednesday,11
4401,1022,Call family,Personal,2025-06-16 17:17:00,6.3,Yes,Monday,17
4402,1046,Online course module,Study,2025-05-23 07:34:00,32.4,Yes,Friday,7
4403,1013,Team sync prep,Work,2025-06-12 19:26:00,50.3,Yes,Thursday,19
4404,1020,Tidy desk,Chores,2025-03-10 22:06:00,50.3,Yes,Monday,22
4405,1019,Online course module,Study,2025-01-21 12:46:00,67.0,Yes,Tuesday,12
4406,1030,Team sync prep,Work,2025-03-25 16:31:00,25.8,Yes,Tuesday,16
4407,1021,Journaling,Personal,2025-07-14 07:03:00,29.0,Yes,Monday,7
4409,1034,Online course module,Study,2025-05-22 06:12:00,7.0,Yes,Thursday,6
4411,1041,Laundry,Chores,2025-01-28 12:24:00,42.1,Yes,Tuesday,12
4412,1045,Client report,Work,2025-06-17 06:59:00,53.3,No,Tuesday,6
4413,1048,Tidy desk,Chores,2025-01-19 13:12:00,26.6,Yes,Sunday,13
4414,1046,Code review,Work,2025-05-10 18:16:00,74.5,Yes,Saturday,18
4415,1019,Email cleanup,Work,2025-06-29 08:48:00,75.7,Yes,Sunday,8
4416,1021,Online course module,Study,2025-03-12 15:24:00,16.4,Yes,Wednesday,15
4417,1009,Dishes,Chores,2025-01-11 15:46:00,27.5,Yes,Saturday,15
4418,1047,Budget spreadsheet,Work,2025-01-12 22:45:00,31.2,Yes,Sunday,22
4420,1007,Client report,Work,2025-04-14 18:01:00,29.1,No,Monday,18
4421,1017,Code review,Work,2025-02-01 18:39:00,26.7,Yes,Saturday,18
4422,1019,Pharmacy pickup,Errands,2025-01-06 13:00:00,17.0,Yes,Monday,13
4423,1044,Team sync prep,Work,2025-07-21 21:30:00,8.1,Yes,Monday,21
4424,1006,Budget spreadsheet,Work,2025-07-14 19:07:00,46.5,Yes,Monday,19
4425,1029,Team sync prep,Work,2025-03-02 06:18:00,17.8,Yes,Sunday,6
4426,1007,Practice problems,Study,2025-01-01 16:23:00,52.2,Yes,Wednesday,16
4427,1031,Client report,Work,2025-05-15 10:23:00,20.5,Yes,Thursday,10
4428,1030,Budget review,Personal,2025-02-28 10:08:00,16.1,Yes,Friday,10
4429,1005,Workout,Health,2025-03-05 07:44:00,28.4,Yes,Wednesday,7
4430,1038,Email cleanup,Work,2025-02-17 06:45:00,29.05,Yes,Monday,6
4431,1044,Essay draft,Study,2025-02-09 06:45:00,23.3,Yes,Sunday,6
4432,1042,Journaling,Personal,2025-02-11 07:44:00,52.3,Yes,Tuesday,7
4433,1026,Team sync prep,Work,2025-01-27 19:15:00,24.6,Yes,Monday,19
4434,1036,Budget spreadsheet,Work,2025-05-14 18:23:00,15.6,Yes,Wednesday,18
4435,1040,Meditation,Health,2025-05-02 15:28:00,15.8,Yes,Friday,15
4436,1022,Stretching,Health,2025-01-11 10:32:00,28.6,Yes,Saturday,10
4437,1036,Tidy desk,Chores,2025-04-05 12:02:00,3.8,Yes,Saturday,12
4438,1003,Laundry,Chores,2025-05-30 08:21:00,74.1,Yes,Friday,8
4439,1011,Dishes,Chores,2025-05-25 21:21:00,26.4,Yes,Sunday,21
4440,1006,Code review,Work,2025-05-12 21:57:00,39.0,Yes,Monday,21
4441,1008,Bank visit,Errands,2025-01-06 06:58:00,21.9,No,Monday,6
4442,1045,Online course module,Study,2025-07-15 20:39:00,33.3,Yes,Tuesday,20
4443,1044,Read for fun,Personal,2025-06-03 09:45:00,8.9,Yes,Tuesday,9
4444,1007,Essay draft,Study,2025-06-30 13:29:00,45.2,Yes,Monday,13
4445,1033,Essay draft,Study,2025-04-03 13:18:00,33.4,Yes,Thursday,13
4446,1031,Vacuuming,Chores,2025-02-01 09:03:00,12.0,Yes,Saturday,9
4447,1036,Dishes,Chores,2025-06-19 19:47:00,11.2,Yes,Thursday,19
4448,1017,Journaling,Personal,2025-04-11 20:43:00,35.3,No,Friday,20
4449,1033,Email cleanup,Work,2025-05-15 08:33:00,32.0,Yes,Thursday,8
4450,1036,Laundry,Chores,2025-07-17 21:28:00,56.5,Yes,Thursday,21
4451,1017,Client report,Uncategorized,2025-01-05 17:46:00,44.7,Yes,Sunday,17
4452,1009,Car wash,Errands,2025-04-19 15:03:00,8.2,Yes,Saturday,15
4453,1045,Journaling,Personal,2025-05-19 14:25:00,16.5,Yes,Monday,14
4454,1043,Stretching,Health,2025-02-14 08:00:00,24.0,Yes,Friday,8
4455,1006,Budget review,Personal,2025-01-10 19:21:00,35.7,Yes,Friday,19
4456,1030,Tidy desk,Chores,2025-07-09 14:52:00,29.8,No,Wednesday,14
4457,1034,Read chapter,Study,2025-04-06 16:01:00,11.0,Yes,Sunday,16
4458,1010,Team sync prep,Work,2025-05-26 20:18:00,22.6,No,Monday,20
4459,1011,Client report,Work,2025-06-07 07:35:00,22.8,Yes,Saturday,7
4460,1022,Code review,Work,2025-02-28 17:22:00,47.4,Yes,Friday,17
4461,1020,Sprint planning notes,Work,2025-05-03 16:19:00,21.7,Yes,Saturday,16
4462,1036,Walk,Health,2025-03-05 12:16:00,21.5,Yes,Wednesday,12
4463,1003,Journaling,Personal,2025-04-08 20:09:00,30.0,Yes,Tuesday,20
4464,1047,Sprint planning notes,Work,2025-06-18 06:16:00,36.7,Yes,Wednesday,6
4465,1049,Code review,Work,2025-07-29 12:17:00,23.2,No,Tuesday,12
4466,1031,Flashcard review,Study,2025-01-26 09:13:00,23.0,No,Sunday,9
4467,1001,Code review,Work,2025-06-02 10:46:00,36.7,Yes,Monday,10
4468,1014,Grocery shopping,Chores,2025-07-25 08:28:00,50.5,No,Friday,8
4469,1015,Bank visit,Errands,2025-05-20 18:20:00,15.9,Yes,Tuesday,18
4470,1004,Meditation,Health,2025-01-20 22:34:00,20.8,Yes,Monday,22
4471,1021,Practice problems,Study,2025-07-06 19:41:00,46.2,Yes,Sunday,19
4472,1037,Sprint planning notes,Work,2025-05-28 22:02:00,50.5,Yes,Wednesday,22
4473,1049,Code review,Work,2025-07-15 12:59:00,15.8,Yes,Tuesday,12
4474,1007,Budget spreadsheet,Work,2025-06-28 11:21:00,25.1,Yes,Saturday,11
4475,1019,Pharmacy pickup,Errands,2025-05-31 06:55:00,7.3,Yes,Saturday,6
4476,1024,Pharmacy pickup,Errands,2025-06-25 08:02:00,16.8,Yes,Wednesday,8
4477,1027,Code review,Work,2025-06-17 08:15:00,20.0,Yes,Tuesday,8
4478,1000,Team sync prep,Work,2025-02-27 15:31:00,5.2,No,Thursday,15
4479,1014,Email cleanup,Work,2025-01-29 21:43:00,42.9,Yes,Wednesday,21
4480,1045,Code review,Work,2025-03-21 07:42:00,39.1,No,Friday,7
4481,1002,Flashcard review,Study,2025-03-13 11:25:00,22.1,Yes,Thursday,11
4482,1020,Pharmacy pickup,Errand,2025-02-24 13:27:00,37.4,Yes,Monday,13
4483,1005,Car wash,Errands,2025-01-22 20:29:00,5.1,Yes,Wednesday,20
4484,1016,Read chapter,Study,2025-04-07 06:20:00,33.9,Yes,Monday,6
4485,1008,Budget review,Personal,2025-06-09 11:43:00,66.2,Yes,Monday,11
4486,1020,Meal prep,Health,2025-07-27 10:40:00,28.0,Yes,Sunday,10
4487,1035,Vacuuming,Chores,2025-02-05 17:04:00,3.4,No,Wednesday,17
4488,1000,Stretching,Health,2025-05-25 06:13:00,3.1,Yes,Sunday,6
4489,1025,Call family,Personal,2025-07-25 14:09:00,20.6,Yes,Friday,14
4490,1021,Tidy desk,Chores,2025-03-29 19:54:00,21.5,Yes,Saturday,19
4491,1008,Laundry,Chores,2025-06-05 06:01:00,15.4,Yes,Thursday,6
4492,1033,Budget review,Personal,2025-04-08 20:32:00,7.1,Yes,Tuesday,20
4493,1040,Online course module,Study,2025-06-28 14:33:00,44.3,Yes,Saturday,14
4494,1034,Flashcard review,Study,2025-03-07 12:30:00,21.8,Yes,Friday,12
4495,1030,Client report,Work,2025-03-29 11:40:00,29.05,No,Saturday,11
4496,1008,Email cleanup,Work,2025-03-25 12:02:00,31.0,Yes,Tuesday,12
4497,1037,Code review,Work,2025-04-08 22:25:00,41.2,Yes,Tuesday,22
4498,1012,Workout,Health,2025-03-14 20:38:00,28.4,Yes,Friday,20
4499,1040,Dishes,Uncategorized,2025-04-17 18:04:00,6.7,Yes,Thursday,18
4500,1007,Bank visit,Errands,2025-06-18 21:54:00,7.4,No,Wednesday,21
4501,1020,Flashcard review,Study,2025-01-27 10:17:00,36.3,Yes,Monday,10
4502,1002,Read for fun,Personal,2025-04-27 08:21:00,80.2,Yes,Sunday,8
4503,1048,Grocery shopping,Chores,2025-03-28 15:44:00,8.6,Yes,Friday,15
4504,1037,Client report,Work,2025-02-24 11:21:00,12.0,Yes,Monday,11
4505,1001,Code review,Work,2025-05-30 07:34:00,30.0,Yes,Friday,7
4506,1008,Meditation,Health,2025-02-14 22:44:00,20.9,Yes,Friday,22
4507,1007,Car wash,Uncategorized,2025-01-04 11:24:00,7.7,Yes,Saturday,11
4508,1022,Online course module,Study,2025-02-01 17:38:00,13.5,Yes,Saturday,17
4509,1027,Essay draft,Study,2025-05-19 06:43:00,21.7,Yes,Monday,6
4510,1031,Pharmacy pickup,Errands,2025-01-02 20:57:00,37.8,Yes,Thursday,20
4511,1015,Post office,Errands,2025-04-03 06:20:00,10.7,Yes,Thursday,6
4512,1006,Budget spreadsheet,Work,2025-07-04 09:33:00,35.8,Yes,Friday,9
4513,1015,Practice problems,Study,2025-07-21 16:42:00,40.5,Yes,Monday,16
4514,1011,Email cleanup,Work,2025-02-28 14:23:00,8.9,Yes,Friday,14
4515,1029,Pharmacy pickup,Errands,2025-06-14 11:08:00,14.0,Yes,Saturday,11
4516,1017,Stretching,Health,2025-03-09 20:32:00,50.0,Yes,Sunday,20
4517,1035,Workout,Health,2025-07-29 13:02:00,21.2,Yes,Tuesday,13
4518,1030,Car wash,Errands,2025-05-15 17:27:00,24.8,Yes,Thursday,17
4519,1038,Online course module,Study,2025-06-19 18:57:00,45.8,Yes,Thursday,18
4520,1048,Car wash,Errands,2025-01-12 06:52:00,39.7,Yes,Sunday,6
4521,1011,Budget spreadsheet,Work,2025-07-23 17:15:00,16.0,Yes,Wednesday,17
4522,1016,Walk,Health,2025-06-11 12:56:00,13.1,Yes,Wednesday,12
4523,1005,Dishes,Chores,2025-05-27 08:38:00,26.7,Yes,Tuesday,8
4524,1001,Read chapter,Study,2025-02-06 22:14:00,6.3,Yes,Thursday,22
4525,1017,Laundry,Chores,2025-06-13 16:11:00,33.3,Yes,Friday,16
4526,1047,Budget spreadsheet,Work,2025-01-29 15:39:00,5.1,Yes,Wednesday,15
4528,1024,Practice problems,Study,2025-03-22 11:02:00,83.7,Yes,Saturday,11
4529,1005,Bank visit,Errands,2025-03-16 11:21:00,37.7,Yes,Sunday,11
4530,1010,Budget spreadsheet,Work,2025-04-24 18:57:00,50.1,Yes,Thursday,18
4531,1039,Car wash,Errands,2025-06-11 09:49:00,20.1,Yes,Wednesday,9
4532,1037,Read for fun,Personal,2025-04-26 11:06:00,71.2,Yes,Saturday,11
4533,1014,Sprint planning notes,Work,2025-04-18 18:00:00,40.7,Yes,Friday,18
4534,1038,Vacuuming,Chores,2025-06-11 22:07:00,9.0,Yes,Wednesday,22
4535,1016,Workout,Health,2025-02-13 08:14:00,15.6,Yes,Thursday,8
4536,1029,Workout,Health,2025-04-17 12:27:00,29.3,Yes,Thursday,12
4537,1016,Dishes,Chores,2025-05-03 15:50:00,20.6,Yes,Saturday,15
4538,1042,Email cleanup,Work,2025-02-24 13:50:00,40.6,Yes,Monday,13
4539,1007,Journaling,Personal,2025-01-06 21:21:00,5.8,Yes,Monday,21
4540,1027,Vacuuming,Chores,2025-01-26 18:06:00,16.2,Yes,Sunday,18
4541,1020,Budget spreadsheet,Work,2025-01-23 19:03:00,9.6,Yes,Thursday,19
4542,1011,Code review,Work,2025-02-20 16:41:00,57.9,Yes,Thursday,16
4543,1018,Online course module,Study,2025-02-02 18:14:00,47.6,Yes,Sunday,18
4544,1004,Meal prep,Health,2025-07-15 21:14:00,26.3,Yes,Tuesday,21
4545,1032,Grocery shopping,Chores,2025-02-07 07:33:00,29.8,Yes,Friday,7
4546,1007,Walk,Health,2025-06-28 22:10:00,10.1,Yes,Saturday,22
4547,1035,Call family,Personal,2025-03-20 18:52:00,26.6,No,Thursday,18
4548,1022,Code review,Work,2025-03-19 16:50:00,31.9,Yes,Wednesday,16
4549,1004,Grocery shopping,Chores,2025-03-26 14:06:00,26.6,Yes,Wednesday,14
4551,1014,Meal prep,Health,2025-06-04 06:45:00,40.0,Yes,Wednesday,6
4552,1004,Pharmacy pickup,Errand,2025-07-12 13:08:00,21.7,Yes,Saturday,13
4553,1001,Meal prep,Uncategorized,2025-01-07 22:24:00,8.7,Yes,Tuesday,22
4554,1008,Budget spreadsheet,Work,2025-01-19 07:15:00,56.5,Yes,Sunday,7
4555,1001,Meditation,Health,2025-07-15 06:05:00,23.6,Yes,Tuesday,6
4556,1031,Code review,Work,2025-02-15 09:27:00,9.3,Yes,Saturday,9
4557,1046,Journaling,Personal,2025-06-08 22:39:00,62.0,No,Sunday,22
4558,1008,Vacuuming,Chores,2025-03-11 22:43:00,77.0,Yes,Tuesday,22
4559,1033,Journaling,Personal,2025-07-26 22:10:00,14.5,No,Saturday,22
4560,1011,Flashcard review,Study,2025-05-21 09:55:00,47.7,Yes,Wednesday,9
4561,1025,Car wash,Errands,2025-01-12 10:42:00,5.1,Yes,Sunday,10
4562,1010,Walk,Health,2025-07-14 09:05:00,13.7,Yes,Monday,9
4563,1019,Email cleanup,Work,2025-06-12 19:56:00,15.1,Yes,Thursday,19
4564,1024,Walk,Health,2025-05-24 07:42:00,12.1,Yes,Saturday,7
4565,1011,Read chapter,Study,2025-03-09 06:07:00,23.5,Yes,Sunday,6
4566,1048,Vacuuming,Uncategorized,2025-03-02 21:41:00,21.9,Yes,Sunday,21
4567,1020,Budget spreadsheet,Work,2025-05-15 15:48:00,21.5,Yes,Thursday,15
4568,1035,Practice problems,Study,2025-06-22 21:20:00,34.0,Yes,Sunday,21
4569,1003,Vacuuming,Chores,2025-07-08 17:12:00,22.2,Yes,Tuesday,17
4570,1013,Read chapter,Study,2025-03-17 07:20:00,29.3,Yes,Monday,7
4571,1039,Meditation,Health,2025-03-17 06:50:00,17.2,Yes,Monday,6
4574,1021,Client report,Work,2025-06-13 13:39:00,21.0,Yes,Friday,13
4575,1021,Laundry,Chores,2025-07-14 17:38:00,52.9,Yes,Monday,17
4576,1027,Meditation,Health,2025-04-28 17:15:00,33.9,Yes,Monday,17
4577,1002,Practice problems,Study,2025-04-27 15:44:00,10.3,No,Sunday,15
4578,1037,Client report,Work,2025-01-15 13:16:00,38.1,Yes,Wednesday,13
4579,1041,Essay draft,Study,2025-04-19 08:53:00,57.7,Yes,Saturday,8
4580,1046,Practice problems,Study,2025-02-16 07:27:00,92.2,Yes,Sunday,7
4581,1048,Sprint planning notes,Work,2025-05-26 10:04:00,25.5,Yes,Monday,10
4583,1012,Read for fun,Personal,2025-06-17 12:39:00,25.8,Yes,Tuesday,12
4584,1034,Pharmacy pickup,Errands,2025-06-05 07:07:00,23.6,Yes,Thursday,7
4585,1048,Read chapter,Study,2025-05-29 20:23:00,29.6,Yes,Thursday,20
4586,1028,Online course module,Study,2025-04-06 12:13:00,62.6,Yes,Sunday,12
4587,1015,Budget review,Personal,2025-04-11 19:59:00,3.2,Yes,Friday,19
4588,1012,Code review,Work,2025-05-30 17:01:00,29.05,Yes,Friday,17
4589,1024,Flashcard review,Study,2025-02-10 17:36:00,13.8,Yes,Monday,17
4590,1009,Team sync prep,Work,2025-07-21 13:35:00,19.0,Yes,Monday,13
4591,1046,Pharmacy pickup,Errands,2025-01-15 09:39:00,93.7,Yes,Wednesday,9
4592,1013,Workout,Health,2025-03-05 19:05:00,7.6,Yes,Wednesday,19
4593,1019,Essay draft,Uncategorized,2025-03-15 18:44:00,15.8,Yes,Saturday,18
4594,1024,Workout,Health,2025-04-25 06:11:00,13.8,Yes,Friday,6
4595,1033,Essay draft,Study,2025-03-21 09:50:00,61.8,No,Friday,9
4596,1007,Walk,Health,2025-01-14 12:04:00,33.9,Yes,Tuesday,12
4597,1032,Workout,Uncategorized,2025-07-12 10:07:00,45.1,Yes,Saturday,10
4598,1002,Workout,Health,2025-02-09 21:31:00,28.4,No,Sunday,21
4599,1011,Online course module,Study,2025-06-18 10:35:00,18.2,Yes,Wednesday,10
4600,1019,Client report,Work,2025-06-29 07:52:00,2.7,Yes,Sunday,7
4601,1040,Tidy desk,Chores,2025-03-10 12:57:00,17.8,Yes,Monday,12
4602,1018,Sprint planning notes,Work,2025-01-22 22:24:00,43.6,Yes,Wednesday,22
4603,1032,Workout,Health,2025-04-23 17:43:00,28.4,Yes,Wednesday,17
4604,1040,Read chapter,Study,2025-04-17 20:38:00,27.4,Yes,Thursday,20
4605,1038,Bank visit,Errands,2025-06-23 18:32:00,20.2,Yes,Monday,18
4606,1007,Email cleanup,Work,2025-01-13 09:23:00,19.3,Yes,Monday,9
4607,1009,Tidy desk,Chores,2025-07-26 08:59:00,24.2,Yes,Saturday,8
4608,1001,Meal prep,Health,2025-02-17 19:07:00,33.4,Yes,Monday,19
4609,1008,Laundry,Chores,2025-04-07 08:21:00,29.8,Yes,Monday,8
4610,1015,Read chapter,Study,2025-03-24 06:16:00,22.5,No,Monday,6
4611,1019,Practice problems,Study,2025-02-10 06:13:00,43.2,Yes,Monday,6
4612,1027,Client report,Work,2025-07-16 21:28:00,15.5,Yes,Wednesday,21
4613,1021,Flashcard review,Study,2025-01-16 10:51:00,56.9,Yes,Thursday,10
4614,1031,Vacuuming,Chores,2025-04-04 21:53:00,23.9,Yes,Friday,21
4615,1033,Client report,Work,2025-04-27 13:16:00,67.0,Yes,Sunday,13
4616,1008,Pharmacy pickup,Errands,2025-05-20 14:23:00,2.8,No,Tuesday,14
4617,1001,Essay draft,Study,2025-03-25 09:08:00,79.6,Yes,Tuesday,9
4618,1024,Stretching,Health,2025-01-15 09:58:00,8.1,Yes,Wednesday,9
4619,1046,Meal prep,Health,2025-04-27 21:01:00,45.0,Yes,Sunday,21
4620,1015,Dishes,Chores,2025-06-25 10:47:00,36.3,Yes,Wednesday,10
4621,1002,Meal prep,Health,2025-03-14 20:43:00,27.6,Yes,Friday,20
4622,1026,Call family,Personal,2025-05-24 06:25:00,15.7,Yes,Saturday,6
4623,1040,Stretching,Health,2025-02-13 11:02:00,21.3,Yes,Thursday,11
4624,1003,Client report,Work,2025-03-24 18:57:00,3.0,Yes,Monday,18
4625,1035,Practice problems,Study,2025-01-13 18:44:00,21.6,Yes,Monday,18
4626,1037,Car wash,Uncategorized,2025-03-24 17:31:00,38.1,Yes,Monday,17
4627,1025,Email cleanup,Work,2025-03-05 13:01:00,29.05,No,Wednesday,13
4628,1030,Budget spreadsheet,Work,2025-07-12 17:39:00,16.2,Yes,Saturday,17
4629,1026,Tidy desk,Chores,2025-02-04 09:41:00,34.5,Yes,Tuesday,9
4630,1000,Grocery shopping,Chore,2025-02-01 17:53:00,21.4,Yes,Saturday,17
4631,1035,Post office,Errands,2025-07-08 06:01:00,8.2,Yes,Tuesday,6
4632,1028,Vacuuming,Chores,2025-06-16 10:44:00,24.2,Yes,Monday,10
4633,1033,Flashcard review,Study,2025-01-09 07:11:00,28.2,Yes,Thursday,7
4634,1041,Essay draft,Study,2025-04-27 12:43:00,28.6,Yes,Sunday,12
4635,1023,Budget spreadsheet,Work,2025-01-04 11:19:00,42.5,Yes,Saturday,11
4636,1003,Read chapter,Study,2025-01-20 09:29:00,26.2,Yes,Monday,9
4637,1025,Bank visit,Errands,2025-04-04 15:11:00,20.6,Yes,Friday,15
4638,1042,Read chapter,Study,2025-05-18 18:17:00,12.2,Yes,Sunday,18
4639,1045,Budget spreadsheet,Work,2025-01-27 19:15:00,17.9,Yes,Monday,19
4640,1002,Call family,Uncategorized,2025-05-05 13:10:00,14.5,Yes,Monday,13
4641,1003,Practice problems,Study,2025-07-16 16:44:00,57.5,Yes,Wednesday,16
4642,1021,Vacuuming,Chores,2025-01-27 09:30:00,29.8,No,Monday,9
4643,1033,Vacuuming,Chores,2025-07-12 14:27:00,15.1,Yes,Saturday,14
4644,1041,Meal prep,Health,2025-01-31 09:20:00,13.7,Yes,Friday,9
4645,1011,Client report,Work,2025-04-24 12:04:00,45.1,Yes,Thursday,12
4646,1048,Tidy desk,Chores,2025-06-06 08:44:00,38.4,Yes,Friday,8
4648,1000,Read chapter,Study,2025-07-16 20:21:00,32.1,Yes,Wednesday,20
4649,1042,Flashcard review,Study,2025-03-20 08:58:00,15.0,Yes,Thursday,8
4650,1007,Walk,Health,2025-06-17 21:13:00,40.1,Yes,Tuesday,21
4651,1020,Post office,Errands,2025-06-21 10:57:00,50.3,No,Saturday,10
4652,1046,Stretching,Health,2025-03-08 21:08:00,32.5,Yes,Saturday,21
4653,1008,Code review,Work,2025-07-09 10:18:00,5.6,No,Wednesday,10
4654,1048,Client report,Work,2025-06-15 21:14:00,32.7,Yes,Sunday,21
4655,1003,Code review,Work,2025-04-19 16:50:00,8.2,Yes,Saturday,16
4656,1003,Vacuuming,Chores,2025-02-04 09:56:00,37.3,Yes,Tuesday,9
4658,1009,Walk,Health,2025-05-27 11:43:00,48.3,No,Tuesday,11
4659,1009,Dishes,Chores,2025-06-14 11:27:00,13.3,Yes,Saturday,11
4660,1015,Workout,Health,2025-01-03 11:14:00,81.6,Yes,Friday,11
4661,1039,Client report,Work,2025-04-14 14:07:00,58.1,Yes,Monday,14
4662,1029,Sprint planning notes,Work,2025-06-22 15:20:00,84.1,Yes,Sunday,15
4663,1005,Stretching,Health,2025-03-23 17:57:00,71.0,Yes,Sunday,17
4664,1027,Sprint planning notes,Work,2025-05-14 15:36:00,43.7,Yes,Wednesday,15
4665,1018,Flashcard review,Study,2025-04-28 14:36:00,23.9,Yes,Monday,14
4666,1002,Meal prep,Health,2025-06-04 17:58:00,28.4,Yes,Wednesday,17
4667,1030,Dishes,Chores,2025-05-09 22:46:00,33.7,No,Friday,22
4668,1031,Client report,Work,2025-07-14 15:22:00,46.8,Yes,Monday,15
4669,1029,Post office,Errands,2025-07-07 07:16:00,50.6,No,Monday,7
4670,1009,Email cleanup,Work,2025-02-09 09:11:00,94.1,No,Sunday,9
4671,1036,Essay draft,Study,2025-04-11 08:35:00,28.4,No,Friday,8
4672,1008,Budget spreadsheet,Work,2025-04-22 14:23:00,33.8,Yes,Tuesday,14
4673,1004,Online course module,Study,2025-06-24 12:19:00,27.8,Yes,Tuesday,12
4675,1037,Dishes,Chores,2025-01-18 16:30:00,32.6,Yes,Saturday,16
4676,1016,Essay draft,Uncategorized,2025-01-19 11:18:00,63.8,Yes,Sunday,11
4677,1041,Laundry,Chores,2025-07-20 18:48:00,60.6,Yes,Sunday,18
4678,1018,Sprint planning notes,Work,2025-06-09 07:59:00,23.2,Yes,Monday,7
4679,1031,Walk,Health,2025-03-28 20:29:00,48.1,Yes,Friday,20
4680,1010,Read for fun,Personal,2025-05-15 17:20:00,29.0,No,Thursday,17
4681,1031,Dishes,Chores,2025-01-03 16:11:00,25.5,Yes,Friday,16
4682,1002,Budget spreadsheet,Work,2025-02-22 20:54:00,57.3,Yes,Saturday,20
4683,1002,Code review,Work,2025-02-09 15:43:00,29.05,Yes,Sunday,15
4684,1024,Team sync prep,Work,2025-04-26 07:12:00,70.9,Yes,Saturday,7
4685,1043,Dishes,Chores,2025-04-29 19:04:00,44.1,Yes,Tuesday,19
4686,1042,Sprint planning notes,Work,2025-01-12 20:57:00,11.4,No,Sunday,20
4687,1018,Bank visit,Errands,2025-03-17 18:40:00,21.6,Yes,Monday,18
4688,1016,Vacuuming,Chores,2025-04-03 16:39:00,39.5,Yes,Thursday,16
4689,1024,Sprint planning notes,Work,2025-01-20 20:37:00,79.2,Yes,Monday,20
4690,1027,Car wash,Errands,2025-06-20 06:21:00,17.0,Yes,Friday,6
4691,1012,Stretching,Health,2025-02-11 13:52:00,49.7,Yes,Tuesday,13
4692,1046,Vacuuming,Chores,2025-05-18 09:37:00,70.5,Yes,Sunday,9
4693,1040,Email cleanup,Work,2025-01-22 17:55:00,32.0,Yes,Wednesday,17
4694,1030,Vacuuming,Chores,2025-03-28 12:58:00,36.6,Yes,Friday,12
4695,1019,Meditation,Health,2025-01-08 06:51:00,46.1,Yes,Wednesday,6
4696,1029,Pharmacy pickup,Errands,2025-03-30 13:29:00,35.8,Yes,Sunday,13
4697,1037,Dishes,Chores,2025-03-16 10:38:00,29.8,Yes,Sunday,10
4698,1014,Sprint planning notes,Work,2025-03-06 21:58:00,13.0,Yes,Thursday,21
4699,1043,Meditation,Health,2025-04-04 18:10:00,19.5,Yes,Friday,18
4700,1014,Stretching,Health,2025-03-22 09:16:00,25.9,Yes,Saturday,9
4701,1014,Team sync prep,Work,2025-03-03 10:37:00,17.5,Yes,Monday,10
4702,1040,Client report,Work,2025-02-18 14:15:00,29.5,Yes,Tuesday,14
4703,1007,Budget spreadsheet,Work,2025-05-27 08:47:00,51.5,Yes,Tuesday,8
4704,1024,Workout,Health,2025-05-04 14:41:00,4.4,No,Sunday,14
4705,1034,Workout,Health,2025-03-02 06:48:00,18.7,Yes,Sunday,6
4706,1039,Call family,Personal,2025-01-20 16:57:00,15.4,Yes,Monday,16
4707,1026,Pharmacy pickup,Errands,2025-04-17 13:39:00,40.6,Yes,Thursday,13
4708,1003,Read chapter,Study,2025-02-14 08:12:00,13.9,Yes,Friday,8
4709,1025,Essay draft,Study,2025-06-15 22:47:00,26.3,No,Sunday,22
4710,1004,Team sync prep,Work,2025-06-10 08:31:00,60.9,Yes,Tuesday,8
4711,1016,Workout,Health,2025-05-24 09:25:00,17.7,Yes,Saturday,9
4712,1026,Call family,Personal,2025-02-11 10:01:00,19.2,No,Tuesday,10
4713,1003,Practice problems,Study,2025-04-10 18:25:00,29.2,Yes,Thursday,18
4714,1033,Post office,Uncategorized,2025-06-17 20:07:00,17.9,Yes,Tuesday,20
4715,1015,Car wash,Errands,2025-04-03 21:04:00,10.2,Yes,Thursday,21
4716,1015,Journaling,Personal,2025-07-21 21:05:00,33.3,Yes,Monday,21
4717,1043,Essay draft,Study,2025-06-22 08:23:00,48.2,Yes,Sunday,8
4719,1027,Read for fun,Uncategorized,2025-05-17 17:41:00,49.2,Yes,Saturday,17
4720,1031,Code review,Work,2025-01-11 14:40:00,27.4,Yes,Saturday,14
4721,1020,Budget spreadsheet,Work,2025-04-08 15:13:00,48.2,Yes,Tuesday,15
4722,1012,Practice problems,Study,2025-02-28 16:32:00,6.6,Yes,Friday,16
4723,1008,Budget review,Personal,2025-07-11 15:46:00,30.9,Yes,Friday,15
4725,1003,Pharmacy pickup,Errands,2025-04-04 15:17:00,11.8,Yes,Friday,15
4726,1011,Sprint planning notes,Work,2025-05-12 12:18:00,9.1,Yes,Monday,12
4727,1016,Email cleanup,Work,2025-05-21 09:47:00,22.5,Yes,Wednesday,9
4728,1033,Read for fun,Personal,2025-05-31 14:55:00,17.3,Yes,Saturday,14
4729,1005,Budget spreadsheet,Work,2025-04-21 15:28:00,43.0,Yes,Monday,15
4730,1015,Sprint planning notes,Work,2025-07-05 07:42:00,19.6,Yes,Saturday,7
4731,1007,Flashcard review,Study,2025-07-08 18:35:00,11.3,No,Tuesday,18
4732,1031,Code review,Work,2025-05-03 14:38:00,20.1,Yes,Saturday,14
4733,1009,Vacuuming,Chores,2025-01-29 22:52:00,23.3,Yes,Wednesday,22
4734,1001,Meal prep,Uncategorized,2025-07-16 12:55:00,20.6,Yes,Wednesday,12
4735,1033,Dishes,Chores,2025-03-05 14:47:00,72.7,Yes,Wednesday,14
4736,1045,Budget spreadsheet,Work,2025-05-07 18:37:00,51.7,Yes,Wednesday,18
4738,1029,Laundry,Chores,2025-01-11 16:44:00,10.2,No,Saturday,16
4739,1006,Essay draft,Study,2025-07-12 17:46:00,52.5,Yes,Saturday,17
4741,1005,Laundry,Chores,2025-06-09 16:39:00,45.1,Yes,Monday,16
4742,1013,Flashcard review,Study,2025-03-18 15:49:00,23.6,Yes,Tuesday,15
4743,1003,Stretching,Health,2025-02-21 06:45:00,26.9,Yes,Friday,6
4744,1036,Email cleanup,Work,2025-07-14 10:31:00,35.7,No,Monday,10
4745,1016,Code review,Work,2025-01-25 10:16:00,7.4,Yes,Saturday,10
4746,1023,Client report,Work,2025-06-07 18:34:00,25.7,Yes,Saturday,18
4747,1032,Tidy desk,Chores,2025-02-03 20:55:00,31.5,Yes,Monday,20
4748,1019,Team sync prep,Work,2025-04-27 11:41:00,59.9,Yes,Sunday,11
4749,1012,Pharmacy pickup,Errands,2025-01-17 07:20:00,25.0,Yes,Friday,7
4750,1005,Read chapter,Study,2025-02-25 06:21:00,30.0,Yes,Tuesday,6
4751,1033,Practice problems,Study,2025-04-17 13:11:00,11.0,Yes,Thursday,13
4752,1043,Read chapter,Study,2025-01-28 15:24:00,11.9,Yes,Tuesday,15
4753,1002,Budget spreadsheet,Work,2025-01-01 06:20:00,22.0,Yes,Wednesday,6
4754,1041,Team sync prep,Uncategorized,2025-07-19 06:46:00,15.4,Yes,Saturday,6
4755,1008,Online course module,Study,2025-05-17 13:06:00,81.8,Yes,Saturday,13
4756,1008,Flashcard review,Study,2025-06-23 10:59:00,37.8,Yes,Monday,10
4757,1016,Flashcard review,Study,2025-07-15 07:05:00,9.8,Yes,Tuesday,7
4758,1036,Flashcard review,Uncategorized,2025-03-09 09:13:00,25.2,Yes,Sunday,9
4759,1003,Sprint planning notes,Work,2025-06-23 13:55:00,29.05,Yes,Monday,13
4760,1015,Tidy desk,Chores,2025-04-02 20:53:00,5.2,Yes,Wednesday,20
4761,1002,Online course module,Study,2025-02-24 20:03:00,29.6,Yes,Monday,20
4762,1028,Post office,Errands,2025-05-26 15:08:00,46.7,Yes,Monday,15
4763,1033,Post office,Errands,2025-06-19 15:24:00,7.8,Yes,Thursday,15
4764,1001,Car wash,Errands,2025-04-24 07:31:00,17.5,Yes,Thursday,7
4765,1008,Tidy desk,Chores,2025-04-25 18:48:00,83.1,Yes,Friday,18
4766,1023,Meditation,Health,2025-04-16 10:04:00,32.1,No,Wednesday,10
4767,1049,Walk,Health,2025-02-19 21:53:00,69.9,Yes,Wednesday,21
4768,1033,Budget spreadsheet,Work,2025-01-01 12:27:00,74.6,Yes,Wednesday,12
4769,1043,Email cleanup,Uncategorized,2025-05-20 09:02:00,9.7,Yes,Tuesday,9
4770,1026,Dishes,Chores,2025-03-08 09:37:00,12.2,Yes,Saturday,9
4771,1008,Tidy desk,Chores,2025-03-31 08:15:00,53.4,Yes,Monday,8
4772,1044,Laundry,Chores,2025-06-06 10:16:00,25.4,Yes,Friday,10
4773,1041,Budget review,Personal,2025-07-10 07:06:00,31.5,Yes,Thursday,7
4774,1033,Journaling,Personal,2025-04-01 16:49:00,40.9,Yes,Tuesday,16
4775,1024,Call family,Personal,2025-02-09 18:02:00,11.9,Yes,Sunday,18
4776,1004,Sprint planning notes,Work,2025-04-08 22:07:00,40.0,Yes,Tuesday,22
4778,1048,Practice problems,Study,2025-03-13 17:30:00,22.4,Yes,Thursday,17
4780,1018,Client report,Work,2025-04-29 17:44:00,27.9,Yes,Tuesday,17
4781,1012,Meditation,Health,2025-04-17 19:38:00,59.1,No,Thursday,19
4782,1020,Bank visit,Errands,2025-06-06 18:28:00,34.8,Yes,Friday,18
4783,1024,Team sync prep,Work,2025-01-02 12:06:00,9.2,Yes,Thursday,12
4784,1016,Team sync prep,Work,2025-06-03 07:33:00,47.8,Yes,Tuesday,7
4785,1044,Budget spreadsheet,Work,2025-06-01 08:47:00,39.8,Yes,Sunday,8
4786,1047,Online course module,Study,2025-03-19 20:28:00,28.4,Yes,Wednesday,20
4787,1023,Read for fun,Personal,2025-01-18 21:06:00,11.2,No,Saturday,21
4788,1043,Team sync prep,Work,2025-01-13 10:15:00,33.9,Yes,Monday,10
4789,1047,Read chapter,Study,2025-01-15 21:35:00,17.7,Yes,Wednesday,21
4790,1032,Email cleanup,Work,2025-03-20 16:36:00,48.8,No,Thursday,16
4791,1029,Client report,Work,2025-04-13 16:01:00,16.9,No,Sunday,16
4792,1009,Dishes,Chores,2025-03-03 07:31:00,16.4,Yes,Monday,7
4793,1033,Read for fun,Personal,2025-02-20 16:05:00,88.0,Yes,Thursday,16
4794,1027,Budget review,Personal,2025-05-30 22:35:00,8.6,Yes,Friday,22
4795,1049,Stretching,Health,2025-01-03 09:01:00,54.0,Yes,Friday,9
4796,1017,Client report,Work,2025-05-28 10:34:00,25.4,Yes,Wednesday,10
4797,1008,Read chapter,Study,2025-02-12 09:04:00,19.2,No,Wednesday,9
4798,1002,Dishes,Chores,2025-03-31 21:53:00,8.0,Yes,Monday,21
4799,1011,Budget spreadsheet,Work,2025-04-30 12:16:00,45.1,Yes,Wednesday,12
4800,1007,Vacuuming,Chores,2025-07-26 19:07:00,52.9,No,Saturday,19
4801,1033,Dishes,Chores,2025-04-10 20:27:00,23.2,Yes,Thursday,20
4802,1009,Budget review,Personal,2025-01-28 17:01:00,36.9,Yes,Tuesday,17
4803,1043,Client report,Work,2025-07-01 21:49:00,50.7,Yes,Tuesday,21
4804,1046,Meditation,Health,2025-03-22 18:07:00,41.6,Yes,Saturday,18
4805,1037,Vacuuming,Uncategorized,2025-02-05 17:43:00,21.6,Yes,Wednesday,17
4806,1026,Journaling,Personal,2025-06-18 09:17:00,64.1,No,Wednesday,9
4807,1021,Email cleanup,Work,2025-05-20 08:46:00,7.2,Yes,Tuesday,8
4808,1023,Flashcard review,Study,2025-06-26 14:00:00,14.6,Yes,Thursday,14
4809,1044,Vacuuming,Chores,2025-05-20 12:55:00,18.7,Yes,Tuesday,12
4810,1019,Car wash,Errands,2025-01-17 21:05:00,48.5,Yes,Friday,21
4811,1002,Code review,Work,2025-06-15 22:04:00,34.2,Yes,Sunday,22
4812,1039,Workout,Health,2025-02-02 16:36:00,8.0,Yes,Sunday,16
4813,1022,Client report,Work,2025-03-01 16:23:00,85.6,Yes,Saturday,16
4814,1002,Stretching,Health,2025-03-12 11:37:00,32.5,Yes,Wednesday,11
4816,1048,Tidy desk,Chores,2025-06-23 18:34:00,35.2,Yes,Monday,18
4817,1029,Tidy desk,Chores,2025-06-14 18:15:00,2.8,Yes,Saturday,18
4818,1022,Client report,Work,2025-06-25 17:36:00,42.5,Yes,Wednesday,17
4819,1006,Call family,Personal,2025-03-11 11:25:00,20.4,Yes,Tuesday,11
4820,1037,Grocery shopping,Chores,2025-04-17 17:55:00,3.8,Yes,Thursday,17
4821,1029,Budget spreadsheet,Work,2025-04-22 14:20:00,49.4,Yes,Tuesday,14
4822,1014,Meditation,Health,2025-01-20 15:41:00,38.5,Yes,Monday,15
4824,1039,Client report,Work,2025-02-25 08:44:00,27.2,Yes,Tuesday,8
4825,1028,Vacuuming,Chores,2025-01-09 06:13:00,35.6,Yes,Thursday,6
4826,1024,Practice problems,Study,2025-07-01 13:17:00,39.2,Yes,Tuesday,13
4827,1048,Sprint planning notes,Work,2025-03-25 15:55:00,44.3,Yes,Tuesday,15
4828,1022,Client report,Work,2025-05-09 09:16:00,48.2,Yes,Friday,9
4829,1018,Dishes,Chores,2025-05-23 11:07:00,25.0,Yes,Friday,11
4830,1041,Email cleanup,Work,2025-02-27 20:08:00,29.05,Yes,Thursday,20
4831,1039,Meal prep,Health,2025-05-13 14:23:00,24.4,No,Tuesday,14
4832,1032,Sprint planning notes,Work,2025-02-17 10:10:00,38.6,No,Monday,10
4833,1035,Stretching,Health,2025-02-07 07:43:00,40.5,Yes,Friday,7
4834,1024,Email cleanup,Work,2025-02-05 09:26:00,48.0,Yes,Wednesday,9
4835,1009,Call family,Personal,2025-04-19 17:17:00,3.5,Yes,Saturday,17
4836,1004,Dishes,Chores,2025-01-06 21:50:00,57.3,Yes,Monday,21
4837,1033,Flashcard review,Study,2025-06-07 18:25:00,9.1,Yes,Saturday,18
4838,1020,Walk,Health,2025-02-02 16:11:00,19.6,Yes,Sunday,16
4839,1031,Dishes,Chores,2025-04-15 22:36:00,31.2,Yes,Tuesday,22
4840,1031,Vacuuming,Chores,2025-04-02 06:15:00,37.4,No,Wednesday,6
4841,1041,Team sync prep,Work,2025-02-13 10:40:00,29.05,Yes,Thursday,10
4842,1012,Code review,Work,2025-01-23 07:34:00,14.8,No,Thursday,7
4843,1002,Tidy desk,Chores,2025-07-16 16:19:00,11.0,No,Wednesday,16
4844,1036,Meal prep,Health,2025-03-15 17:52:00,35.6,Yes,Saturday,17
4845,1008,Sprint planning notes,Work,2025-05-10 10:06:00,29.2,Yes,Saturday,10
4846,1022,Practice problems,Study,2025-01-01 18:48:00,22.4,Yes,Wednesday,18
4847,1029,Email cleanup,Work,2025-05-09 09:48:00,15.9,Yes,Friday,9
4848,1024,Car wash,Errands,2025-03-13 15:42:00,13.8,Yes,Thursday,15
4849,1040,Dishes,Chores,2025-04-11 19:49:00,14.8,Yes,Friday,19
4850,1010,Team sync prep,Work,2025-02-03 12:38:00,4.4,Yes,Monday,12
4851,1021,Bank visit,Errands,2025-05-02 14:17:00,35.8,Yes,Friday,14
4852,1037,Online course module,Study,2025-01-07 20:12:00,27.6,Yes,Tuesday,20
4853,1020,Pharmacy pickup,Errands,2025-02-14 10:08:00,29.7,Yes,Friday,10
4854,1035,Client report,Uncategorized,2025-01-07 10:31:00,10.5,Yes,Tuesday,10
4855,1027,Read chapter,Study,2025-02-01 15:10:00,28.0,Yes,Saturday,15
4856,1019,Dishes,Chores,2025-07-08 14:47:00,29.8,No,Tuesday,14
4857,1015,Sprint planning notes,Work,2025-03-21 09:15:00,52.8,Yes,Friday,9
4858,1018,Email cleanup,Work,2025-03-15 18:07:00,12.8,Yes,Saturday,18
4859,1015,Budget spreadsheet,Work,2025-03-24 18:25:00,47.2,Yes,Monday,18
4860,1013,Read for fun,Personal,2025-01-03 18:19:00,28.7,No,Friday,18
4861,1045,Meditation,Health,2025-03-28 20:56:00,15.5,Yes,Friday,20
4862,1034,Online course module,Study,2025-06-23 10:30:00,29.6,Yes,Monday,10
4864,1020,Tidy desk,Chores,2025-07-22 12:31:00,32.7,Yes,Tuesday,12
4865,1006,Tidy desk,Chores,2025-05-10 19:35:00,48.7,Yes,Saturday,19
4866,1014,Read chapter,Study,2025-02-12 15:21:00,4.4,Yes,Wednesday,15
4867,1014,Code review,Work,2025-06-08 16:14:00,60.6,Yes,Sunday,16
4868,1033,Stretching,Health,2025-05-25 21:33:00,23.2,Yes,Sunday,21
4869,1028,Laundry,Chores,2025-02-20 18:46:00,22.2,Yes,Thursday,18
4870,1026,Essay draft,Study,2025-04-10 15:49:00,54.9,Yes,Thursday,15
4871,1001,Sprint planning notes,Work,2025-04-20 15:44:00,14.8,Yes,Sunday,15
4872,1024,Walk,Health,2025-01-31 14:21:00,50.4,Yes,Friday,14
4873,1044,Tidy desk,Chores,2025-07-18 17:39:00,42.3,Yes,Friday,17
4874,1038,Team sync prep,Work,2025-06-10 07:00:00,26.1,Yes,Tuesday,7
4875,1001,Sprint planning notes,Work,2025-02-20 20:52:00,45.3,Yes,Thursday,20
4876,1043,Vacuuming,Chores,2025-01-21 06:14:00,34.1,Yes,Tuesday,6
4877,1048,Meal prep,Health,2025-07-27 09:58:00,68.2,Yes,Sunday,9
4878,1039,Sprint planning notes,Work,2025-03-18 08:29:00,8.7,Yes,Tuesday,8
4879,1015,Code review,Uncategorized,2025-06-14 13:49:00,16.2,Yes,Saturday,13
4880,1024,Read for fun,Personal,2025-02-08 08:52:00,37.5,Yes,Saturday,8
4881,1018,Laundry,Chores,2025-07-29 12:32:00,16.2,No,Tuesday,12
4882,1024,Laundry,Chores,2025-03-30 08:07:00,12.0,Yes,Sunday,8
4883,1010,Flashcard review,Study,2025-07-23 07:59:00,88.4,Yes,Wednesday,7
4884,1039,Sprint planning notes,Work,2025-06-17 11:13:00,45.1,Yes,Tuesday,11
4885,1018,Post office,Errand,2025-02-11 19:47:00,4.8,No,Tuesday,19
4886,1003,Read chapter,Study,2025-03-29 09:06:00,6.8,No,Saturday,9
4887,1002,Flashcard review,Study,2025-07-13 07:45:00,10.3,Yes,Sunday,7
4888,1029,Budget spreadsheet,Uncategorized,2025-02-02 16:39:00,17.6,Yes,Sunday,16
4889,1034,Post office,Errands,2025-05-05 21:13:00,11.9,No,Monday,21
4890,1045,Vacuuming,Uncategorized,2025-07-28 15:51:00,22.4,Yes,Monday,15
4891,1044,Essay draft,Study,2025-02-27 06:17:00,11.8,Yes,Thursday,6
4892,1018,Budget review,Personal,2025-04-02 11:59:00,6.6,Yes,Wednesday,11
4893,1023,Stretching,Health,2025-07-21 11:36:00,81.3,Yes,Monday,11
4894,1021,Pharmacy pickup,Errands,2025-02-24 20:06:00,46.9,Yes,Monday,20
4895,1026,Email cleanup,Work,2025-06-11 08:33:00,73.8,Yes,Wednesday,8
4896,1013,Email cleanup,Work,2025-03-23 13:59:00,34.1,Yes,Sunday,13
4897,1011,Flashcard review,Study,2025-06-29 17:35:00,90.3,Yes,Sunday,17
4898,1034,Team sync prep,Work,2025-07-11 07:12:00,28.8,Yes,Friday,7
4899,1043,Team sync prep,Work,2025-06-29 09:54:00,44.1,Yes,Sunday,9
4900,1003,Email cleanup,Work,2025-02-01 11:50:00,31.3,Yes,Saturday,11
4901,1041,Car wash,Errands,2025-03-09 21:45:00,34.2,Yes,Sunday,21
4902,1028,Email cleanup,Work,2025-04-22 18:30:00,17.0,No,Tuesday,18
4903,1009,Stretching,Health,2025-01-07 14:08:00,85.1,Yes,Tuesday,14
4904,1023,Sprint planning notes,Work,2025-06-13 08:37:00,29.05,Yes,Friday,8
4905,1011,Workout,Health,2025-05-20 09:32:00,12.4,Yes,Tuesday,9
4906,1012,Pharmacy pickup,Errands,2025-06-20 06:26:00,25.7,Yes,Friday,6
4907,1009,Stretching,Health,2025-07-21 07:02:00,47.1,Yes,Monday,7
4908,1010,Team sync prep,Work,2025-02-20 07:09:00,15.1,Yes,Thursday,7
4909,1008,Call family,Personal,2025-05-07 10:19:00,18.3,Yes,Wednesday,10
4910,1036,Practice problems,Study,2025-07-15 10:18:00,58.2,Yes,Tuesday,10
4911,1028,Meditation,Health,2025-02-07 12:08:00,35.1,Yes,Friday,12
4912,1042,Sprint planning notes,Work,2025-03-23 15:39:00,14.5,Yes,Sunday,15
4913,1038,Meditation,Health,2025-02-01 20:36:00,43.0,Yes,Saturday,20
4914,1042,Post office,Errands,2025-05-13 16:32:00,12.8,Yes,Tuesday,16
4915,1044,Budget review,Personal,2025-05-27 15:53:00,29.0,Yes,Tuesday,15
4916,1008,Meditation,Health,2025-02-01 08:53:00,76.6,Yes,Saturday,8
4917,1011,Grocery shopping,Uncategorized,2025-02-16 10:16:00,19.1,Yes,Sunday,10
4918,1011,Email cleanup,Work,2025-07-19 11:44:00,16.8,Yes,Saturday,11
4919,1023,Meditation,Health,2025-05-07 14:01:00,51.0,Yes,Wednesday,14
4920,1004,Practice problems,Study,2025-05-11 16:04:00,29.6,Yes,Sunday,16
4921,1009,Code review,Uncategorized,2025-07-08 14:34:00,51.3,No,Tuesday,14
4922,1026,Car wash,Errands,2025-06-24 11:46:00,51.1,Yes,Tuesday,11
4923,1012,Pharmacy pickup,Errands,2025-03-28 20:56:00,4.5,Yes,Friday,20
4924,1030,Email cleanup,Work,2025-06-08 21:24:00,28.1,Yes,Sunday,21
4925,1042,Budget review,Personal,2025-02-07 14:11:00,69.2,No,Friday,14
4926,1003,Walk,Health,2025-06-10 07:19:00,25.9,Yes,Tuesday,7
4927,1020,Practice problems,Study,2025-01-24 14:37:00,10.5,Yes,Friday,14
4930,1048,Tidy desk,Chores,2025-02-08 13:22:00,13.6,Yes,Saturday,13
4931,1015,Code review,Work,2025-05-17 17:05:00,8.7,Yes,Saturday,17
4932,1012,Workout,Health,2025-05-25 22:48:00,38.1,Yes,Sunday,22
4933,1029,Bank visit,Errand,2025-03-16 18:11:00,13.0,Yes,Sunday,18
4934,1026,Email cleanup,Work,2025-02-01 19:01:00,55.0,Yes,Saturday,19
4935,1000,Walk,Health,2025-03-31 19:54:00,34.8,Yes,Monday,19
4936,1005,Sprint planning notes,Work,2025-01-23 19:11:00,49.4,Yes,Thursday,19
4937,1047,Email cleanup,Work,2025-03-29 14:47:00,34.5,Yes,Saturday,14
4938,1022,Budget spreadsheet,Uncategorized,2025-02-20 09:17:00,30.799999999999997,Yes,Thursday,9
4939,1010,Stretching,Health,2025-01-10 22:00:00,9.7,Yes,Friday,22
4940,1030,Stretching,Health,2025-02-22 13:02:00,47.8,Yes,Saturday,13
4941,1032,Flashcard review,Study,2025-04-19 16:29:00,15.8,Yes,Saturday,16
4942,1035,Code review,Work,2025-07-20 18:14:00,64.7,Yes,Sunday,18
4943,1048,Tidy desk,Chores,2025-02-21 19:32:00,95.7,Yes,Friday,19
4944,1005,Journaling,Personal,2025-07-15 13:44:00,29.0,No,Tuesday,13
4945,1047,Laundry,Chores,2025-03-05 14:09:00,16.5,Yes,Wednesday,14
4946,1000,Workout,Health,2025-05-13 16:20:00,15.1,No,Tuesday,16
4947,1020,Team sync prep,Work,2025-04-06 22:53:00,21.2,No,Sunday,22
4948,1027,Sprint planning notes,Work,2025-01-25 21:19:00,27.4,Yes,Saturday,21
4949,1012,Code review,Work,2025-03-18 18:02:00,45.5,Yes,Tuesday,18
4950,1016,Pharmacy pickup,Errands,2025-01-30 10:09:00,74.6,Yes,Thursday,10
4951,1017,Car wash,Errands,2025-06-08 11:31:00,13.4,No,Sunday,11
4952,1048,Walk,Health,2025-04-16 13:57:00,36.7,Yes,Wednesday,13
4953,1016,Stretching,Health,2025-05-12 06:56:00,37.2,Yes,Monday,6
4954,1029,Essay draft,Study,2025-03-29 14:02:00,18.3,Yes,Saturday,14
4955,1043,Post office,Errand,2025-07-20 11:18:00,42.8,No,Sunday,11
4956,1035,Client report,Work,2025-03-23 06:27:00,29.05,Yes,Sunday,6
4957,1019,Pharmacy pickup,Errands,2025-01-29 07:51:00,17.2,Yes,Wednesday,7
4958,1030,Team sync prep,Work,2025-05-12 16:09:00,56.0,No,Monday,16
4959,1038,Post office,Errands,2025-03-21 15:22:00,33.9,Yes,Friday,15
4960,1020,Laundry,Chores,2025-02-01 22:05:00,37.9,Yes,Saturday,22
4961,1040,Client report,Work,2025-04-04 07:09:00,31.2,Yes,Friday,7
4962,1008,Budget spreadsheet,Work,2025-02-11 21:46:00,29.05,Yes,Tuesday,21
4963,1012,Dishes,Chores,2025-06-08 10:42:00,31.9,Yes,Sunday,10
4964,1049,Email cleanup,Work,2025-01-04 19:45:00,24.9,Yes,Saturday,19
4965,1001,Flashcard review,Study,2025-05-19 15:44:00,17.0,No,Monday,15
4966,1025,Stretching,Health,2025-01-11 18:02:00,9.6,Yes,Saturday,18
4967,1026,Dishes,Chores,2025-03-02 15:28:00,5.3,Yes,Sunday,15
4968,1034,Read for fun,Personal,2025-01-28 11:18:00,22.5,Yes,Tuesday,11
4969,1022,Post office,Errands,2025-01-13 17:59:00,28.1,Yes,Monday,17
4970,1035,Code review,Work,2025-06-05 14:05:00,26.4,Yes,Thursday,14
4971,1018,Grocery shopping,Chores,2025-07-15 16:33:00,23.6,Yes,Tuesday,16
4972,1017,Email cleanup,Work,2025-07-19 08:07:00,42.1,Yes,Saturday,8
4973,1045,Meal prep,Health,2025-01-08 21:09:00,28.5,No,Wednesday,21
4974,1006,Grocery shopping,Chores,2025-01-25 13:13:00,40.9,Yes,Saturday,13
4975,1044,Practice problems,Study,2025-05-19 09:09:00,29.5,No,Monday,9
4976,1035,Practice problems,Study,2025-07-26 11:53:00,9.3,Yes,Saturday,11
4977,1017,Meal prep,Health,2025-04-11 18:09:00,68.7,Yes,Friday,18
4978,1021,Workout,Health,2025-03-08 22:08:00,28.4,Yes,Saturday,22
4979,1032,Workout,Health,2025-02-11 15:41:00,25.6,Yes,Tuesday,15
4980,1023,Essay draft,Study,2025-06-04 14:02:00,3.7,Yes,Wednesday,14
4981,1020,Read chapter,Study,2025-05-25 15:27:00,8.1,Yes,Sunday,15
4982,1010,Flashcard review,Study,2025-01-24 10:03:00,12.0,Yes,Friday,10
4983,1022,Pharmacy pickup,Errands,2025-04-30 19:32:00,21.7,Yes,Wednesday,19
4984,1000,Tidy desk,Chores,2025-05-04 07:46:00,18.7,Yes,Sunday,7
4985,1036,Post office,Errands,2025-03-09 21:11:00,24.5,Yes,Sunday,21
4986,1046,Read for fun,Personal,2025-04-15 09:34:00,21.4,Yes,Tuesday,9
4987,1005,Walk,Health,2025-02-25 12:00:00,64.1,Yes,Tuesday,12
4988,1044,Team sync prep,Work,2025-06-29 15:55:00,24.0,Yes,Sunday,15
4989,1030,Email cleanup,Work,2025-02-21 14:12:00,48.3,Yes,Friday,14
4990,1010,Pharmacy pickup,Errands,2025-06-08 18:37:00,9.2,Yes,Sunday,18
4991,1021,Read chapter,Study,2025-03-04 06:46:00,31.8,Yes,Tuesday,6
4992,1044,Client report,Work,2025-02-04 18:37:00,39.1,No,Tuesday,18
4993,1012,Call family,Personal,2025-05-11 19:19:00,81.0,Yes,Sunday,19
4994,1017,Practice problems,Study,2025-05-12 08:43:00,13.0,Yes,Monday,8
4997,1005,Sprint planning notes,Uncategorized,2025-04-23 15:30:00,26.3,Yes,Wednesday,15
4998,1006,Read for fun,Personal,2025-07-24 11:53:00,79.8,Yes,Thursday,11
4999,1008,Read chapter,Study,2025-02-27 06:22:00,20.1,Yes,Thursday,6
5000,1033,Meal prep,Health,2025-03-09 16:27:00,13.9,Yes,Sunday,16
5001,1012,Email cleanup,Work,2025-01-11 08:15:00,14.3,Yes,Saturday,8
5002,1040,Walk,Health,2025-02-28 22:20:00,71.7,Yes,Friday,22
5003,1015,Dishes,Chores,2025-01-07 19:39:00,14.0,Yes,Tuesday,19
5004,1000,Vacuuming,Chores,2025-06-18 19:13:00,10.6,Yes,Wednesday,19
5005,1017,Meal prep,Health,2025-07-28 15:00:00,17.1,Yes,Monday,15
5006,1042,Meal prep,Health,2025-06-04 15:30:00,16.1,Yes,Wednesday,15
5007,1039,Stretching,Health,2025-02-04 15:43:00,23.6,No,Tuesday,15
5008,1044,Client report,Work,2025-02-23 22:26:00,25.0,Yes,Sunday,22
5009,1030,Team sync prep,Work,2025-02-21 18:24:00,46.8,Yes,Friday,18
5010,1046,Email cleanup,Work,2025-05-11 16:17:00,25.2,Yes,Sunday,16
5011,1049,Essay draft,Study,2025-07-18 20:46:00,15.5,No,Friday,20
5012,1027,Flashcard review,Study,2025-01-08 11:47:00,29.3,Yes,Wednesday,11
5013,1010,Essay draft,Study,2025-03-14 10:16:00,29.7,Yes,Friday,10
5014,1023,Stretching,Health,2025-06-01 21:43:00,18.7,Yes,Sunday,21
5015,1026,Budget spreadsheet,Work,2025-01-13 07:12:00,45.5,Yes,Monday,7
5016,1043,Practice problems,Study,2025-01-16 08:39:00,11.0,Yes,Thursday,8
5017,1045,Budget spreadsheet,Work,2025-05-07 13:45:00,45.7,Yes,Wednesday,13
5018,1042,Stretching,Health,2025-06-22 17:34:00,75.4,Yes,Sunday,17
5019,1003,Email cleanup,Uncategorized,2025-07-28 21:15:00,67.3,Yes,Monday,21
5020,1005,Client report,Work,2025-04-23 15:21:00,18.1,Yes,Wednesday,15
5021,1005,Essay draft,Uncategorized,2025-06-17 19:45:00,63.4,Yes,Tuesday,19
5022,1043,Laundry,Chores,2025-03-10 19:30:00,38.2,Yes,Monday,19
5023,1044,Stretching,Health,2025-05-26 22:54:00,16.2,Yes,Monday,22
5024,1019,Workout,Health,2025-02-18 16:08:00,17.6,Yes,Tuesday,16
5025,1044,Online course module,Study,2025-01-25 18:03:00,32.8,Yes,Saturday,18
5026,1048,Tidy desk,Chores,2025-06-19 16:35:00,27.5,Yes,Thursday,16
5027,1037,Vacuuming,Chores,2025-03-01 14:19:00,37.6,Yes,Saturday,14
5028,1029,Client report,Work,2025-03-19 19:39:00,34.6,Yes,Wednesday,19
5029,1030,Code review,Work,2025-03-10 18:22:00,57.8,Yes,Monday,18
5031,1023,Dishes,Chores,2025-04-14 22:22:00,35.1,Yes,Monday,22
5032,1019,Stretching,Health,2025-07-11 10:19:00,20.3,Yes,Friday,10
5033,1005,Walk,Health,2025-03-19 06:22:00,27.1,Yes,Wednesday,6
5034,1015,Post office,Uncategorized,2025-04-07 08:58:00,24.2,Yes,Monday,8
5035,1035,Budget review,Personal,2025-06-25 17:31:00,39.6,Yes,Wednesday,17
5036,1002,Budget review,Personal,2025-04-20 19:31:00,27.2,Yes,Sunday,19
5038,1046,Laundry,Chore,2025-06-02 19:05:00,68.1,Yes,Monday,19
5039,1009,Code review,Work,2025-06-30 11:15:00,30.4,Yes,Monday,11
5040,1018,Bank visit,Uncategorized,2025-02-24 09:11:00,6.1,No,Monday,9
5041,1016,Team sync prep,Work,2025-07-23 13:11:00,39.9,Yes,Wednesday,13
5042,1025,Read chapter,Study,2025-06-04 16:47:00,55.0,Yes,Wednesday,16
5043,1042,Sprint planning notes,Work,2025-06-26 17:31:00,14.8,No,Thursday,17
5044,1029,Tidy desk,Chores,2025-06-24 12:05:00,29.8,Yes,Tuesday,12
5045,1019,Flashcard review,Study,2025-07-03 17:43:00,30.7,Yes,Thursday,17
5046,1005,Bank visit,Errands,2025-07-17 13:37:00,28.6,Yes,Thursday,13
5047,1022,Walk,Health,2025-07-04 19:12:00,30.3,Yes,Friday,19
5048,1034,Car wash,Errand,2025-06-09 15:12:00,26.2,Yes,Monday,15
5049,1035,Sprint planning notes,Work,2025-06-11 13:52:00,13.9,Yes,Wednesday,13
5050,1006,Read chapter,Study,2025-06-16 12:12:00,38.0,Yes,Monday,12
5051,1016,Essay draft,Study,2025-01-27 21:11:00,17.6,Yes,Monday,21
5052,1011,Client report,Work,2025-01-17 19:22:00,29.05,Yes,Friday,19
5053,1033,Client report,Work,2025-04-11 17:54:00,28.0,Yes,Friday,17
5055,1048,Dishes,Chores,2025-01-05 18:21:00,66.7,Yes,Sunday,18
5056,1018,Grocery shopping,Uncategorized,2025-05-01 11:57:00,14.7,Yes,Thursday,11
5057,1018,Sprint planning notes,Work,2025-05-16 21:02:00,49.8,Yes,Friday,21
5058,1017,Dishes,Chores,2025-03-17 11:27:00,44.9,Yes,Monday,11
5059,1008,Car wash,Errands,2025-04-10 09:16:00,30.3,Yes,Thursday,9
5060,1027,Post office,Errands,2025-06-17 12:04:00,38.8,Yes,Tuesday,12
5061,1033,Essay draft,Study,2025-06-26 08:06:00,53.2,Yes,Thursday,8
5062,1025,Sprint planning notes,Work,2025-06-04 18:11:00,14.6,Yes,Wednesday,18
5063,1005,Budget spreadsheet,Work,2025-03-30 17:39:00,26.8,Yes,Sunday,17
5064,1037,Workout,Health,2025-07-23 06:30:00,28.4,No,Wednesday,6
5065,1028,Budget review,Personal,2025-02-08 22:53:00,52.2,No,Saturday,22
5066,1035,Flashcard review,Study,2025-04-22 14:18:00,30.5,Yes,Tuesday,14
5067,1038,Laundry,Chores,2025-07-16 16:10:00,23.5,Yes,Wednesday,16
5068,1048,Sprint planning notes,Work,2025-06-29 13:59:00,52.3,Yes,Sunday,13
5069,1000,Stretching,Health,2025-06-28 11:09:00,7.5,Yes,Saturday,11
5070,1038,Budget review,Personal,2025-04-12 08:54:00,32.2,Yes,Saturday,8
5071,1039,Tidy desk,Chores,2025-04-05 22:37:00,85.5,Yes,Saturday,22
5072,1016,Walk,Health,2025-05-10 10:02:00,6.9,Yes,Saturday,10
5073,1017,Budget spreadsheet,Work,2025-04-09 06:24:00,20.5,Yes,Wednesday,6
5074,1041,Team sync prep,Work,2025-06-30 20:22:00,40.9,Yes,Monday,20
5075,1001,Laundry,Chore,2025-07-24 10:18:00,12.6,Yes,Thursday,10
5076,1013,Workout,Health,2025-06-28 12:48:00,6.2,Yes,Saturday,12
5077,1036,Meditation,Health,2025-04-07 09:51:00,38.6,Yes,Monday,9
5078,1045,Code review,Work,2025-03-26 12:19:00,36.8,Yes,Wednesday,12
5079,1006,Workout,Health,2025-03-14 06:19:00,11.1,Yes,Friday,6
5080,1035,Post office,Errands,2025-04-09 19:19:00,59.1,Yes,Wednesday,19
5081,1017,Code review,Work,2025-07-19 09:22:00,21.7,Yes,Saturday,9
5082,1021,Flashcard review,Study,2025-01-01 10:33:00,39.6,Yes,Wednesday,10
5083,1019,Budget spreadsheet,Work,2025-05-23 13:21:00,37.7,Yes,Friday,13
5084,1030,Dishes,Chores,2025-06-04 22:27:00,13.5,Yes,Wednesday,22
5085,1018,Budget review,Personal,2025-03-24 16:22:00,29.0,Yes,Monday,16
5086,1026,Read chapter,Study,2025-05-23 22:17:00,32.9,Yes,Friday,22
5087,1017,Online course module,Study,2025-01-05 21:47:00,13.0,Yes,Sunday,21
5088,1036,Code review,Work,2025-07-24 07:52:00,54.5,Yes,Thursday,7
5089,1043,Budget spreadsheet,Work,2025-04-10 09:03:00,83.5,Yes,Thursday,9
5090,1041,Call family,Personal,2025-07-17 08:07:00,21.6,Yes,Thursday,8
5091,1021,Walk,Health,2025-05-31 20:16:00,38.5,Yes,Saturday,20
5092,1037,Meal prep,Health,2025-07-06 16:09:00,21.4,Yes,Sunday,16
5093,1026,Walk,Health,2025-04-21 17:19:00,36.0,Yes,Monday,17
5094,1031,Flashcard review,Study,2025-01-18 16:03:00,18.1,Yes,Saturday,16
5095,1034,Grocery shopping,Chores,2025-07-14 19:26:00,30.0,Yes,Monday,19
5096,1009,Meditation,Health,2025-06-23 14:32:00,29.5,Yes,Monday,14
5097,1040,Tidy desk,Chores,2025-02-06 13:58:00,29.8,Yes,Thursday,13
5098,1008,Budget review,Personal,2025-07-23 11:28:00,50.6,Yes,Wednesday,11
5099,1026,Sprint planning notes,Work,2025-04-21 09:07:00,58.7,Yes,Monday,9
5100,1017,Flashcard review,Study,2025-03-28 16:38:00,66.4,Yes,Friday,16
5102,1032,Essay draft,Study,2025-07-27 06:02:00,60.2,Yes,Sunday,6
5103,1023,Flashcard review,Study,2025-04-02 06:21:00,77.4,Yes,Wednesday,6
5104,1005,Stretching,Health,2025-07-25 10:03:00,42.3,Yes,Friday,10
5105,1047,Code review,Work,2025-07-05 16:13:00,40.1,Yes,Saturday,16
5106,1001,Grocery shopping,Chores,2025-04-06 10:49:00,7.5,Yes,Sunday,10
5107,1019,Walk,Uncategorized,2025-07-13 10:06:00,47.0,No,Sunday,10
5108,1005,Budget spreadsheet,Work,2025-01-15 22:01:00,50.9,Yes,Wednesday,22
5109,1006,Read for fun,Personal,2025-03-06 06:16:00,30.4,Yes,Thursday,6
5110,1046,Bank visit,Errands,2025-06-28 16:19:00,21.2,Yes,Saturday,16
5111,1022,Code review,Work,2025-02-21 08:09:00,21.9,Yes,Friday,8
5112,1036,Client report,Work,2025-04-21 07:13:00,24.1,Yes,Monday,7
5113,1004,Dishes,Chores,2025-01-28 20:42:00,7.4,Yes,Tuesday,20
5114,1011,Walk,Health,2025-04-15 19:35:00,22.6,Yes,Tuesday,19
5115,1003,Team sync prep,Work,2025-05-19 20:02:00,43.3,Yes,Monday,20
5116,1049,Car wash,Errands,2025-07-05 10:02:00,14.3,Yes,Saturday,10
5117,1013,Tidy desk,Chores,2025-05-05 14:14:00,25.6,Yes,Monday,14
5118,1032,Sprint planning notes,Work,2025-05-15 10:56:00,8.9,Yes,Thursday,10
5119,1037,Team sync prep,Work,2025-05-03 17:47:00,41.0,Yes,Saturday,17
5120,1013,Budget review,Personal,2025-05-05 10:26:00,35.7,Yes,Monday,10
5121,1028,Flashcard review,Study,2025-03-19 19:23:00,30.5,Yes,Wednesday,19
5122,1015,Read chapter,Study,2025-01-15 09:21:00,27.8,Yes,Wednesday,9
5123,1004,Walk,Health,2025-06-19 10:37:00,20.8,Yes,Thursday,10
5124,1028,Sprint planning notes,Work,2025-04-10 11:26:00,15.9,Yes,Thursday,11
5125,1040,Code review,Work,2025-06-21 20:49:00,83.9,Yes,Saturday,20
5126,1014,Sprint planning notes,Work,2025-02-11 16:48:00,17.9,No,Tuesday,16
5127,1017,Stretching,Health,2025-01-20 08:57:00,68.6,Yes,Monday,8
5128,1019,Sprint planning notes,Uncategorized,2025-01-11 19:42:00,15.6,Yes,Saturday,19
5129,1023,Car wash,Errands,2025-06-30 17:02:00,18.2,Yes,Monday,17
5131,1005,Bank visit,Errands,2025-02-11 14:23:00,73.6,No,Tuesday,14
5133,1024,Budget spreadsheet,Uncategorized,2025-04-24 19:07:00,56.8,No,Thursday,19
5134,1031,Email cleanup,Work,2025-03-19 17:22:00,28.8,Yes,Wednesday,17
5135,1046,Budget spreadsheet,Work,2025-04-28 21:50:00,49.2,Yes,Monday,21
5136,1000,Post office,Errands,2025-03-20 15:36:00,64.7,Yes,Thursday,15
5137,1017,Car wash,Errands,2025-07-25 09:37:00,30.9,Yes,Friday,9
5138,1041,Team sync prep,Work,2025-04-06 18:16:00,44.0,Yes,Sunday,18
5139,1007,Online course module,Study,2025-06-24 21:50:00,9.1,No,Tuesday,21
5140,1024,Flashcard review,Study,2025-05-18 09:30:00,18.1,Yes,Sunday,9
5141,1036,Bank visit,Errands,2025-05-28 11:28:00,3.8,Yes,Wednesday,11
5142,1040,Meal prep,Health,2025-02-06 12:39:00,42.1,Yes,Thursday,12
5143,1018,Budget spreadsheet,Work,2025-04-11 11:53:00,8.8,Yes,Friday,11
5145,1010,Budget review,Personal,2025-06-27 14:25:00,13.7,Yes,Friday,14
5146,1048,Read chapter,Study,2025-04-20 10:47:00,59.9,Yes,Sunday,10
5147,1039,Read for fun,Personal,2025-01-14 07:46:00,20.1,Yes,Tuesday,7
5148,1033,Stretching,Health,2025-03-19 11:08:00,35.2,No,Wednesday,11
5149,1048,Dishes,Chores,2025-02-03 19:03:00,73.0,Yes,Monday,19
5150,1030,Flashcard review,Study,2025-03-17 09:32:00,45.5,Yes,Monday,9
5151,1015,Journaling,Personal,2025-03-13 08:23:00,41.0,Yes,Thursday,8
5152,1008,Journaling,Personal,2025-07-18 18:57:00,52.0,Yes,Friday,18
5153,1011,Dishes,Chores,2025-06-09 20:25:00,45.1,Yes,Monday,20
5154,1025,Laundry,Chores,2025-02-22 10:55:00,29.8,No,Saturday,10
5155,1017,Code review,Work,2025-06-15 20:36:00,37.2,Yes,Sunday,20
5156,1022,Workout,Health,2025-05-17 22:51:00,27.0,Yes,Saturday,22
5157,1026,Flashcard review,Study,2025-04-09 13:58:00,61.6,Yes,Wednesday,13
5158,1018,Essay draft,Study,2025-04-15 11:41:00,23.1,Yes,Tuesday,11
5159,1038,Call family,Personal,2025-04-20 11:51:00,8.2,No,Sunday,11
5160,1041,Practice problems,Study,2025-05-10 22:02:00,15.8,Yes,Saturday,22
5161,1008,Laundry,Chores,2025-01-10 15:08:00,29.8,Yes,Friday,15
5162,1011,Journaling,Personal,2025-06-13 20:22:00,24.6,Yes,Friday,20
5163,1009,Post office,Errands,2025-06-21 07:40:00,64.1,Yes,Saturday,7
5164,1038,Essay draft,Study,2025-02-04 12:39:00,6.0,No,Tuesday,12
5165,1002,Read for fun,Personal,2025-06-13 17:31:00,68.6,Yes,Friday,17
5166,1033,Essay draft,Study,2025-04-13 09:03:00,62.3,Yes,Sunday,9
5167,1023,Vacuuming,Chores,2025-07-23 06:09:00,57.2,Yes,Wednesday,6
5168,1011,Read chapter,Study,2025-03-31 21:19:00,32.2,Yes,Monday,21
5169,1041,Email cleanup,Work,2025-06-01 21:55:00,33.4,Yes,Sunday,21
5170,1044,Call family,Personal,2025-04-10 06:07:00,14.3,Yes,Thursday,6
5171,1018,Vacuuming,Chores,2025-01-14 06:55:00,28.9,Yes,Tuesday,6
5172,1029,Tidy desk,Chores,2025-04-16 13:24:00,29.8,Yes,Wednesday,13
5173,1039,Car wash,Errands,2025-01-05 16:21:00,28.7,Yes,Sunday,16
5174,1016,Call family,Personal,2025-06-04 09:02:00,8.3,No,Wednesday,9
5175,1039,Email cleanup,Work,2025-02-02 10:56:00,25.8,Yes,Sunday,10
5176,1045,Bank visit,Errands,2025-06-27 06:36:00,30.2,Yes,Friday,6
5178,1008,Code review,Work,2025-01-09 12:18:00,5.7,Yes,Thursday,12
5179,1025,Essay draft,Study,2025-05-18 13:20:00,49.6,No,Sunday,13
5180,1017,Car wash,Errand,2025-04-23 22:51:00,36.7,Yes,Wednesday,22
5181,1028,Walk,Health,2025-07-20 06:28:00,24.3,Yes,Sunday,6
5182,1007,Team sync prep,Work,2025-06-02 12:12:00,81.4,Yes,Monday,12
5183,1042,Email cleanup,Work,2025-07-15 20:22:00,9.4,Yes,Tuesday,20
5184,1048,Laundry,Chores,2025-03-17 11:22:00,17.4,Yes,Monday,11
5185,1008,Online course module,Study,2025-03-20 20:49:00,1.9,Yes,Thursday,20
5186,1040,Essay draft,Study,2025-02-26 07:47:00,6.8,Yes,Wednesday,7
5187,1020,Flashcard review,Study,2025-02-17 12:50:00,86.2,No,Monday,12
5188,1015,Team sync prep,Work,2025-05-15 16:55:00,19.0,Yes,Thursday,16
5189,1016,Sprint planning notes,Work,2025-04-23 13:07:00,0.3,Yes,Wednesday,13
5190,1044,Call family,Personal,2025-02-02 21:42:00,40.3,Yes,Sunday,21
5191,1008,Journaling,Personal,2025-01-06 16:54:00,24.7,Yes,Monday,16
5192,1048,Read chapter,Study,2025-05-04 21:14:00,51.7,Yes,Sunday,21
5193,1009,Pharmacy pickup,Errands,2025-07-23 18:58:00,50.1,Yes,Wednesday,18
5194,1018,Meditation,Health,2025-04-10 10:36:00,28.8,Yes,Thursday,10
5195,1021,Sprint planning notes,Work,2025-02-12 19:12:00,21.3,Yes,Wednesday,19
5196,1048,Online course module,Study,2025-02-19 11:03:00,19.7,Yes,Wednesday,11
5197,1006,Sprint planning notes,Work,2025-01-18 15:00:00,53.6,No,Saturday,15
5198,1022,Call family,Personal,2025-01-29 21:27:00,30.8,Yes,Wednesday,21
5199,1030,Team sync prep,Work,2025-03-06 07:09:00,45.8,Yes,Thursday,7
5200,1007,Practice problems,Study,2025-03-31 17:39:00,16.5,Yes,Monday,17
5201,1043,Laundry,Chores,2025-05-23 19:46:00,10.9,Yes,Friday,19
5202,1004,Read for fun,Personal,2025-02-28 10:36:00,14.1,Yes,Friday,10
5203,1032,Email cleanup,Work,2025-07-07 13:25:00,29.05,No,Monday,13
5204,1002,Walk,Health,2025-02-17 09:59:00,62.6,Yes,Monday,9
5205,1018,Post office,Errands,2025-06-10 11:20:00,24.3,Yes,Tuesday,11
5206,1024,Tidy desk,Chores,2025-01-09 11:20:00,39.7,Yes,Thursday,11
5207,1016,Read chapter,Study,2025-03-26 10:46:00,36.8,Yes,Wednesday,10
5208,1004,Budget spreadsheet,Work,2025-01-02 11:41:00,34.8,Yes,Thursday,11
5209,1030,Pharmacy pickup,Errands,2025-03-23 16:53:00,32.6,Yes,Sunday,16
5210,1011,Tidy desk,Chores,2025-04-13 15:34:00,16.8,Yes,Sunday,15
5211,1035,Code review,Work,2025-02-04 19:55:00,58.5,Yes,Tuesday,19
5212,1007,Flashcard review,Study,2025-04-11 10:37:00,23.5,Yes,Friday,10
5213,1029,Call family,Personal,2025-07-07 17:51:00,38.0,Yes,Monday,17
5214,1033,Team sync prep,Uncategorized,2025-01-16 20:27:00,86.7,Yes,Thursday,20
5215,1024,Budget spreadsheet,Work,2025-02-21 18:28:00,26.0,Yes,Friday,18
5216,1019,Walk,Health,2025-02-09 17:21:00,42.6,Yes,Sunday,17
5217,1032,Meal prep,Health,2025-05-21 08:50:00,33.6,Yes,Wednesday,8
5218,1017,Team sync prep,Work,2025-07-20 14:47:00,23.2,Yes,Sunday,14
5219,1007,Budget spreadsheet,Work,2025-03-13 18:10:00,90.3,Yes,Thursday,18
5220,1011,Dishes,Chores,2025-03-27 21:48:00,37.8,Yes,Thursday,21
5221,1001,Post office,Errands,2025-02-06 11:25:00,66.7,Yes,Thursday,11
5222,1015,Laundry,Chores,2025-04-27 18:19:00,45.4,Yes,Sunday,18
5223,1046,Pharmacy pickup,Errands,2025-05-25 11:22:00,57.0,Yes,Sunday,11
5224,1007,Budget spreadsheet,Work,2025-07-29 20:27:00,70.3,Yes,Tuesday,20
5225,1044,Walk,Health,2025-02-11 21:07:00,21.6,No,Tuesday,21
5226,1003,Client report,Work,2025-01-01 14:56:00,76.5,Yes,Wednesday,14
5227,1001,Email cleanup,Work,2025-05-27 20:11:00,7.7,Yes,Tuesday,20
5228,1039,Pharmacy pickup,Errands,2025-03-22 08:55:00,33.7,Yes,Saturday,8
5229,1038,Walk,Health,2025-04-20 11:36:00,91.6,Yes,Sunday,11
5230,1009,Online course module,Study,2025-03-10 11:04:00,18.0,Yes,Monday,11
5231,1002,Post office,Errands,2025-05-26 15:57:00,14.2,Yes,Monday,15
5232,1008,Journaling,Personal,2025-06-26 15:16:00,43.3,Yes,Thursday,15
5233,1041,Meal prep,Health,2025-03-24 22:08:00,11.4,Yes,Monday,22
5234,1026,Sprint planning notes,Work,2025-04-23 09:04:00,32.3,Yes,Wednesday,9
5235,1019,Client report,Work,2025-03-17 15:58:00,27.4,Yes,Monday,15
5236,1024,Code review,Work,2025-07-09 14:57:00,29.05,Yes,Wednesday,14
5237,1011,Laundry,Chores,2025-06-13 07:34:00,15.3,Yes,Friday,7
5238,1002,Online course module,Study,2025-04-04 16:33:00,32.0,Yes,Friday,16
5239,1021,Journaling,Personal,2025-01-22 07:12:00,27.9,Yes,Wednesday,7
5240,1044,Bank visit,Errands,2025-03-15 11:26:00,63.3,Yes,Saturday,11
5241,1013,Budget spreadsheet,Work,2025-04-03 08:15:00,11.4,Yes,Thursday,8
5242,1045,Car wash,Errands,2025-04-15 13:40:00,30.9,Yes,Tuesday,13
5244,1041,Read chapter,Study,2025-01-25 19:30:00,29.6,Yes,Saturday,19
5245,1037,Online course module,Study,2025-02-24 22:44:00,3.9,Yes,Monday,22
5247,1029,Walk,Health,2025-06-09 19:58:00,8.7,Yes,Monday,19
5248,1017,Call family,Personal,2025-03-15 12:27:00,70.9,Yes,Saturday,12
5249,1038,Workout,Health,2025-06-27 13:13:00,11.2,Yes,Friday,13
5250,1021,Vacuuming,Chores,2025-03-08 22:53:00,34.1,Yes,Saturday,22
5252,1022,Code review,Work,2025-05-05 06:33:00,36.1,Yes,Monday,6
5253,1038,Essay draft,Study,2025-02-09 20:13:00,46.1,Yes,Sunday,20
5254,1016,Meditation,Health,2025-05-12 11:40:00,71.4,Yes,Monday,11
5255,1047,Read chapter,Study,2025-02-05 09:15:00,32.1,Yes,Wednesday,9
5256,1042,Sprint planning notes,Work,2025-02-16 13:32:00,46.7,Yes,Sunday,13
5257,1020,Flashcard review,Study,2025-07-24 22:21:00,9.9,Yes,Thursday,22
5258,1043,Stretching,Health,2025-03-27 07:17:00,18.4,Yes,Thursday,7
5260,1002,Team sync prep,Work,2025-07-26 06:50:00,14.7,Yes,Saturday,6
5261,1021,Practice problems,Study,2025-06-27 17:39:00,31.8,Yes,Friday,17
5262,1044,Stretching,Health,2025-01-09 18:33:00,28.4,Yes,Thursday,18
5263,1047,Online course module,Study,2025-02-11 15:26:00,27.3,Yes,Tuesday,15
5264,1007,Budget spreadsheet,Work,2025-03-23 13:03:00,50.4,Yes,Sunday,13
5265,1004,Tidy desk,Chores,2025-05-04 14:15:00,58.0,Yes,Sunday,14
5266,1012,Budget review,Personal,2025-03-16 11:10:00,60.0,Yes,Sunday,11
5267,1001,Email cleanup,Work,2025-04-19 21:23:00,61.9,Yes,Saturday,21
5268,1035,Essay draft,Study,2025-05-19 14:14:00,5.8,Yes,Monday,14
5269,1001,Budget spreadsheet,Work,2025-02-11 15:40:00,6.9,Yes,Tuesday,15
5270,1025,Online course module,Study,2025-04-05 19:01:00,24.8,No,Saturday,19
5271,1011,Vacuuming,Chores,2025-05-14 18:36:00,22.1,Yes,Wednesday,18
5272,1011,Car wash,Errands,2025-06-17 10:30:00,56.2,Yes,Tuesday,10
5273,1031,Practice problems,Study,2025-05-18 13:08:00,17.2,Yes,Sunday,13
5274,1036,Laundry,Chores,2025-01-25 16:08:00,28.0,Yes,Saturday,16
5275,1008,Laundry,Chores,2025-05-17 06:28:00,57.9,Yes,Saturday,6
5276,1044,Practice problems,Study,2025-04-22 14:47:00,53.2,Yes,Tuesday,14
